31	0D18**					0	0	0	0	1	0	0	0	0					0	1
31	0D18JL					0	1	1	1	1	1	1	0	0					0	6
31	0D58**					0	0	0	0	1	0	1	0	0					0	2
31	0D58RC					0	0	1	1	1	1	0	0	0					0	4
31	0D70**					0	0	0	0	0	0	1	0	0					0	1
31	0D70EB					0	0	1	1	1	1	0	0	0					0	4
31	0D70N8					0	0	0	0	0	1	0	0	0					0	1
31	Totales 0D	0	0	0	0	0	1	3	3	5	4	3	0	0	0	0	0	0	0	19
31	0X16XM					0	0	0	0	3	0	0	0	0					0	3
31	0X98XM					0	0	0	0	1	0	0	0	0					0	1
31	Totales 0X	0	0	0	0	0	0	0	0	4	0	0	0	0	0	0	0	0	0	4
31	1C18GN					0	0	1	4	0	0	0	0	0					0	5
31	Totales 1C	0	0	0	0	0	0	1	4	0	0	0	0	0	0	0	0	0	0	5
31	3B01TT					0	0	0	0	1	1	5	0	0					0	7
31	3B01XN					0	0	0	0	1	0	1	0	0					0	2
31	3B02NM					0	0	0	0	0	1	0	0	0					0	1
31	3B02TN					0	1	0	0	0	0	0	0	0					0	1
31	3B15TN					0	0	0	1	0	1	0	0	0					0	2
31	3B15XN					0	0	1	1	1	1	0	0	0					0	4
31	3B22**					0	0	1	1	0	0	0	0	0					0	2
31	3B22XN					0	0	1	0	1	1	0	0	0					0	3
31	3B26**					0	1	0	0	0	0	0	0	0					0	1
31	3B26TN					0	0	1	1	2	1	1	0	0					0	6
31	3B28TJ					0	0	0	1	0	0	0	0	0					0	1
31	3B46AL					0	0	0	0	0	0	1	0	0					0	1
31	3B46TN					0	0	0	0	0	0	1	0	0					0	1
31	3B95XN					0	0	1	0	0	1	0	0	0					0	2
31	Totales 3B	0	0	0	0	0	2	5	5	6	7	9	0	0	0	0	0	0	0	34
31	4H62**					0	0	0	1	0	0	0	0	0					0	1
31	4H66XJ					0	0	1	1	1	1	0	0	0					0	4
31	4H72XM					0	0	1	0	1	1	0	0	0					0	3
31	4H72XN					0	0	1	2	1	1	0	0	0					0	5
31	4H96XN					0	0	1	1	1	1	0	0	0					0	4
31	4H97IA					0	0	1	1	1	1	0	0	0					0	4
31	4H98XN					0	0	0	0	1	2	0	0	0					0	3
31	Totales 4H	0	0	0	0	0	0	5	6	6	7	0	0	0	0	0	0	0	0	24
31	5L33TJ					0	0	0	0	0	2	1	0	0					0	3
31	5L33TN					0	0	0	0	0	0	2	0	0					0	2
31	5L33TT					0	0	0	0	1	0	4	0	0					0	5
31	5L44TA					0	0	0	0	0	0	1	0	0					0	1
31	5L44TL					0	0	0	0	0	1	1	0	0					0	2
31	Totales 5L	0	0	0	0	0	0	0	0	1	3	9	0	0	0	0	0	0	0	13
31	6F03TM					0	0	1	1	1	1	0	0	0					0	4
31	6F05TL					0	0	1	0	0	0	0	0	0					0	1
31	6F24**					0	0	0	0	1	1	1	0	0					0	3
31	6F24TJ					0	0	1	1	1	1	0	0	0					0	4
31	6F24TN					0	0	1	1	1	1	0	0	0					0	4
31	6F34TJ					0	0	0	0	1	1	0	0	0					0	2
31	6F34TN					0	0	1	1	1	1	0	0	0					0	4
31	6F36TL					0	0	1	0	0	0	1	0	0					0	2
31	6F39TJ					0	1	1	1	1	1	0	0	0					0	5
31	6F39TL					0	0	0	0	1	0	0	0	0					0	1
31	6F39TN					0	1	1	1	1	1	1	0	0					0	6
31	6F50TJ					0	0	0	1	1	0	0	0	0					0	2
31	6F50TN					0	0	0	1	1	1	0	0	0					0	3
31	6F67TL					0	0	1	1	1	1	0	0	0					0	4
31	6F67TN					0	0	1	0	1	0	0	0	0					0	2
31	Totales 6F	0	0	0	0	0	2	10	9	13	10	3	0	0	0	0	0	0	0	47
31	7M41XN					0	0	0	0	0	0	1	0	0					0	1
31	7M45**					0	0	0	0	0	0	0	1	0					0	1
31	7M45XN					0	0	0	1	0	1	1	0	0					0	3
31	7M53XN					0	0	0	0	2	0	1	0	0					0	3
31	7M57XN					0	0	0	0	0	0	1	0	0					0	1
31	Totales 7M	0	0	0	0	0	0	0	1	2	1	4	1	0	0	0	0	0	0	9
31	8D04TJ					0	0	0	0	0	0	1	0	0					0	1
31	8D04TN					0	0	0	0	1	1	1	0	0					0	3
31	8D06**					0	0	0	1	0	0	0	0	0					0	1
31	8D25M8					0	0	1	0	0	0	0	0	0					0	1
31	8D54C8					0	1	0	0	0	1	0	0	0					0	2
31	Totales 8D	0	0	0	0	0	1	1	1	1	2	2	0	0	0	0	0	0	0	8
31	9G73TL					0	0	0	0	0	0	0	1	0					0	1
31	Totales 9G	0	0	0	0	0	0	0	0	0	0	0	1	0	0	0	0	0	0	1
31	9H16XM					0	0	0	4	2	1	1	0	0					0	8
31	9H16XN					0	0	0	0	0	3	2	1	0					0	6
31	9H47XM					0	0	0	0	0	0	1	0	0					0	1
31	9H47XN					0	0	0	0	0	0	1	0	0					0	1
31	9H65XC					0	0	0	0	0	0	1	1	0					0	2
31	9H79XM					0	0	2	3	3	1	1	1	0					0	11
31	9H79XN					0	0	0	0	0	1	0	0	0					0	1
31	9H83XJ					0	0	0	0	2	1	1	0	0					0	4
31	9H89XJ					0	0	0	0	1	0	0	0	0					0	1
31	9H89XN					0	0	0	0	1	0	0	0	0					0	1
31	9H98XJ					0	0	1	0	2	1	1	0	0					0	5
31	9H98XN					0	0	0	1	0	1	1	0	0					0	3
31	Totales 9H	0	0	0	0	0	0	3	8	11	9	10	3	0	0	0	0	0	0	44
31	BH40XC					0	0	1	1	1	1	0	0	0					0	4
31	BH74**					0	0	0	0	3	0	0	0	0					0	3
31	BH74IA					0	0	0	1	1	1	0	0	0					0	3
31	BH74XN					0	0	1	1	0	1	0	0	0					0	3
31	Totales BH	0	0	0	0	0	0	2	3	5	3	0	0	0	0	0	0	0	0	13
31	BJ30XL					0	0	0	0	2	2	0	0	0					0	4
31	BJ51XM					0	0	0	0	1	0	0	0	0					0	1
31	BJ51XN					0	0	0	0	1	1	1	0	0					0	3
31	BJ59XN					0	0	0	0	1	2	1	0	0					0	4
31	BJ75AL					0	0	0	0	0	0	1	1	0					0	2
31	BJ82XN					0	0	0	0	2	1	0	0	0					0	3
31	BJ88XM					0	0	0	0	1	3	0	1	0					0	5
31	Totales BJ	0	0	0	0	0	0	0	0	8	9	3	2	0	0	0	0	0	0	22
31	M411**					0	0	0	0	0	0	0	1	0					0	1
31	M411ZC					0	0	1	1	1	2	0	0	0					0	5
31	M412**					0	0	0	0	0	1	1	0	0					0	2
31	M412J7					0	0	1	0	1	0	0	0	0					0	2
31	Totales M4	0	0	0	0	0	0	2	1	2	3	1	1	0	0	0	0	0	0	10
31	OU70NE					0	0	1	1	1	1	0	0	0					0	4
31	OU71CF					0	0	1	1	0	1	0	0	0					0	3
31	OU72AZ					0	0	1	1	1	1	0	0	0					0	4
31	Totales OU	0	0	0	0	0	0	3	3	2	3	0	0	0	0	0	0	0	0	11
31	R033XO					0	0	2	1	3	1	1	0	0					0	8
31	Totales R0	0	0	0	0	0	0	2	1	3	1	1	0	0	0	0	0	0	0	8
31	R603XM					0	0	0	1	0	1	0	0	0					0	2
31	R603XN					0	0	0	1	0	0	1	0	0					0	2
31	R606XO					0	0	0	1	1	1	0	0	0					0	3
31	R631XN					0	0	1	0	0	0	1	0	0					0	2
31	R631XO					0	0	0	0	1	0	0	0	0					0	1
31	R638XM					0	0	1	2	0	1	0	0	0					0	4
31	R638XO					0	0	1	1	1	1	1	0	0					0	5
31	R645XM					0	0	0	0	1	1	0	0	0					0	2
31	R645XO					0	0	0	0	1	0	2	0	0					0	3
31	Totales R6	0	0	0	0	0	0	3	6	5	5	5	0	0	0	0	0	0	0	24
31	R766XN					0	0	1	3	1	0	2	0	0					0	7
31	Totales R7	0	0	0	0	0	0	1	3	1	0	2	0	0	0	0	0	0	0	7
31	Z355XC					0	0	0	1	1	1	0	0	0					0	3
31	Z355XN					0	0	1	1	0	1	0	0	0					0	3
31	Z356XC					0	0	1	1	1	1	0	0	0					0	4
31	Z356XN					0	0	1	1	1	1	0	0	0					0	4
31	Z357XN					0	0	0	0	1	0	0	0	0					0	1
31	Totales Z3	0	0	0	0	0	0	3	4	4	4	0	0	0	0	0	0	0	0	15
31	Z801MI					0	0	0	1	2	0	0	0	0					0	3
31	Z803MI					0	0	1	0	0	0	0	0	0					0	1
31	Totales Z8	0	0	0	0	0	0	1	1	2	0	0	0	0	0	0	0	0	0	4
31	Z901NE					0	0	0	0	0	1	0	0	0					0	1
31	Z901TA					0	1	0	1	2	0	0	0	0					0	4
31	Z902HF					0	0	0	1	0	1	0	0	0					0	2
31	Z902NE					0	0	0	1	0	0	0	0	0					0	1
31	Z903NE					0	0	0	0	1	0	0	0	0					0	1
31	Z904XO					0	0	1	5	3	4	1	1	0					0	15
31	Z905CF					0	0	0	0	2	1	0	0	0					0	3
31	Z905NE					0	0	0	0	1	1	1	0	0					0	3
31	Totales Z9	0	0	0	0	0	1	1	8	9	8	2	1	0	0	0	0	0	0	30
31	ZJ60XO					0	0	0	0	0	1	1	0	0					0	2
31	Totales ZJ	0	0	0	0	0	0	0	0	0	1	1	0	0	0	0	0	0	0	2
31	ZK10NN					0	0	1	0	1	0	0	0	0					0	2
31	Totales ZK	0	0	0	0	0	0	1	0	1	0	0	0	0	0	0	0	0	0	2
31	ZN66CQ					0	0	0	0	3	0	1	0	0					0	4
31	ZN67MI					0	0	0	4	2	2	2	2	0					0	12
31	ZN68CA					0	0	1	2	3	0	2	0	0					0	8
31	ZN81NE					0	0	0	0	0	1	1	1	0					0	3
31	ZN81UV					0	0	0	0	1	1	1	0	0					0	3
31	ZN87CA					0	0	0	0	1	0	1	1	0					0	3
31	ZN89UV					0	0	2	0	1	1	1	0	0					0	5
31	ZN92MA					0	0	0	1	3	1	0	0	0					0	5
31	ZN92NE					0	0	0	1	1	1	1	1	0					0	5
31	Totales ZN	0	0	0	0	0	0	3	8	15	7	10	5	0	0	0	0	0	0	48
31	ZO05XO					0	0	0	0	0	1	2	0	0					0	3
31	ZO20XM					0	0	2	0	0	1	1	0	0					0	4
31	ZO20XN					0	0	0	0	0	1	1	0	0					0	2
31	ZO70AL					0	0	0	0	0	0	1	0	0					0	1
31	ZO70XN					0	0	1	3	0	0	1	0	0					0	5
31	ZO72XM					0	0	0	1	2	2	1	0	0					0	6
31	ZO72XO					0	0	0	0	1	0	0	0	0					0	1
31	Totales ZO	0	0	0	0	0	0	3	4	3	5	7	0	0	0	0	0	0	0	22
31	ZR52GR					0	0	1	0	0	1	0	0	0					0	2
31	ZR52MI					0	0	1	0	1	0	0	1	0					0	3
31	ZR53DO					0	0	1	0	0	1	0	0	0					0	2
31	ZR53XO					0	0	1	0	0	1	0	0	0					0	2
31	ZR54AZ					0	0	1	1	1	1	0	0	0					0	4
31	ZR54CF					0	0	1	0	1	1	0	0	0					0	3
31	ZR55MB					0	0	0	1	0	0	0	0	0					0	1
31	ZR56AZ					0	0	1	1	0	1	0	0	0					0	3
31	ZR57MI					0	0	1	1	1	1	0	0	0					0	4
31	ZR58MA					0	0	1	0	1	1	0	0	0					0	3
31	ZR59NT					0	0	1	1	1	1	0	0	0					0	4
31	Totales ZR	0	0	0	0	0	0	10	5	6	9	0	1	0	0	0	0	0	0	31
31	A703NA			0	1	0	1	0	0	0										2
31	A703NV			0	1	1	0	1	0	0										3
31	A714MD			0	1	0	0	1	0	0										2
31	A714RN			0	1	1	1	1	0	0										4
31	A71AA*			0	1	0	0	0	0	0										1
31	A71AN*			0	1	1	1	1	0	0										4
31	A71ANL			0	0	1	0	0	1	0										2
31	A71AV*			0	1	1	0	0	0	1										3
31	A732EC			1	0	0	0	0	0	0										1
31	A732RN			0	0	0	0	0	0	1										1
31	A738NL			0	1	0	0	0	0	1										2
31	A738NV			0	1	1	0	0	0	0										2
31	A79DHF			0	5	2	1	0	0	0										8
31	Totales A7	0	0	1	14	8	4	4	1	3	0	0	0	0	0	0	0	0	0	35
31	A90DHR			0	1	1	0	0	0	0										2
31	A90DRN			2	0	0	0	0	0	0										2
31	A924RM			1	1	1	0	0	0	0										3
31	Totales A9	0	0	3	2	2	0	0	0	0	0	0	0	0	0	0	0	0	0	7
31	B105M1			0	0	1	0	0	0	0										1
31	B130EN			0	1	0	0	0	0	0										1
31	B130ET			0	2	0	0	0	1	0										3
31	B14DEC			1	0	0	0	0	1	0										2
31	B14DEM			1	0	0	0	0	0	0										1
31	B167RT			0	0	0	0	1	1	0										2
31	B195EN			0	2	0	0	0	0	0										2
31	B195ET			2	4	0	0	0	0	0										6
31	Totales B1	0	0	4	9	1	0	1	3	0	0	0	0	0	0	0	0	0	0	18
31	B34EIA			0	1	0	1	0	0	0										2
31	B35CRN			0	0	0	0	1	1	0										2
31	B38DRC			0	0	0	1	1	0	0										2
31	B38DRM			0	1	1	1	0	0	0										3
31	B38DRN			0	1	0	0	0	0	0										1
31	B38DZM			0	0	1	0	0	0	0										1
31	Totales B3	0	0	0	3	2	3	2	1	0	0	0	0	0	0	0	0	0	0	11
31	B727**			0	0	0	0	0	1	0										1
31	Totales B7	0	0	0	0	0	0	0	1	0	0	0	0	0	0	0	0	0	0	1
31	BY05EM			0	1	0	0	0	0	0										1
31	BY05EN			1	4	2	1	0	0	0										8
31	BY35**			0	0	1	0	0	0	0										1
31	BY35RM			0	0	1	0	0	0	0										1
31	BY39**			0	0	1	0	0	0	0										1
31	BY3CRC			0	0	0	0	0	1	0										1
31	BY50MN			0	1	0	0	1	0	0										2
31	BY50NX			0	1	1	1	1	0	0										4
31	BY68RN			0	1	0	0	0	0	0										1
31	Totales BY	0	0	1	8	6	2	2	1	0	0	0	0	0	0	0	0	0	0	20
31	CG07BG			0	2	1	0	2	2	0										7
31	CG07OX			0	2	0	0	0	1	0										3
31	CG07RN			0	2	0	0	0	1	1										4
31	CG0A**			0	0	1	0	0	1	0										2
31	CG0AMB			0	1	1	1	1	1	0										5
31	CG0ARN			0	1	0	1	0	0	0										2
31	CG10RM			0	2	1	0	1	0	0										4
31	CG26EL			0	2	1	0	0	1	0										4
31	CG26RN			0	1	0	0	1	2	0										4
31	CG28**			0	0	0	0	0	0	1										1
31	CG28EL			0	0	1	0	1	0	0										2
31	CG28RC			0	0	0	0	1	0	0										1
31	CG28RM			0	1	0	0	0	0	0										1
31	CG28RN			0	2	1	0	1	0	0										4
31	CG2CGR			0	0	1	0	0	2	1										4
31	CG31N2			0	2	1	1	0	1	0										5
31	CG31O2			0	0	1	0	1	0	0										2
31	CG58SN			0	1	1	0	1	0	0										3
31	CG58SR			0	1	1	1	1	0	0										4
31	CG5YRC			0	1	0	0	0	0	0										1
31	CG6XRC			0	1	2	1	1	0	0										5
31	CG6XRN			1	0	0	0	0	0	0										1
31	CG71RN			0	1	0	0	0	0	0										1
31	CG7WGR			1	0	0	0	0	0	0										1
31	CG9XIP			0	1	1	1	1	0	0										4
31	CG9XRC			0	1	1	1	0	1	0										4
31	Totales CG	0	0	2	25	16	7	13	13	3	0	0	0	0	0	0	0	0	0	79
31	DZ15RC			0	0	0	0	1	0	0										1
31	DZ15RM			1	1	0	1	0	1	0										4
31	DZ15RN			0	1	2	0	2	0	1										6
31	DZ59MB			1	1	1	0	0	2	0										5
31	DZ59RN			0	2	0	1	0	0	0										3
31	DZ94RM			0	1	0	1	2	1	0										5
31	DZ94RN			1	0	1	0	4	2	0										8
31	Totales DZ	0	0	3	6	4	3	9	6	1	0	0	0	0	0	0	0	0	0	32
31	E466**			0	1	1	0	0	0	0										2
31	Totales E4	0	0	0	1	1	0	0	0	0	0	0	0	0	0	0	0	0	0	2
31	EC20ML			1	0	0	0	0	0	1										2
31	EC20RN			1	0	0	0	0	0	0										1
31	Totales EC	0	0	2	0	0	0	0	0	1	0	0	0	0	0	0	0	0	0	3
31	EO44**			0	0	1	0	1	0	0										2
31	EO46RN			0	1	1	1	1	0	0										4
31	EO73IA			0	1	0	3	1	0	0										5
31	EO73RN			0	1	1	1	1	0	0										4
31	Totales EO	0	0	0	3	3	5	4	0	0	0	0	0	0	0	0	0	0	0	15
31	EW1NRM			0	0	0	0	0	2	0										2
31	EW1PRM			0	1	1	0	0	0	0										2
31	EW1PRN			1	0	0	1	0	0	0										2
31	EW1WRM			0	0	0	0	0	1	0										1
31	EW1WRN			0	0	0	0	1	0	0										1
31	EW1YQM			0	0	0	1	2	2	0										5
31	EW1YQN			0	1	0	0	0	2	0										3
31	EW4EG0			0	1	0	0	0	0	0										1
31	EW6MN9			2	1	0	0	1	3	0										7
31	EW6MR9			1	0	0	0	1	1	0										3
31	Totales EW	0	0	4	4	1	2	5	11	0	0	0	0	0	0	0	0	0	0	27
31	F801TC			0	3	0	0	0	0	0										3
31	F81CTC			0	3	1	0	0	0	0										4
31	Totales F8	0	0	0	6	1	0	0	0	0	0	0	0	0	0	0	0	0	0	7
31	FB3YRN			0	1	0	0	0	0	0										1
31	FB3YSR			0	2	1	0	0	1	0										4
31	FB42RM			0	0	1	1	0	0	0										2
31	FB4EB8			0	1	2	1	0	0	0										4
31	FB4EM8			0	1	0	0	0	0	0										1
31	FB4EN8			0	2	0	0	0	0	0										2
31	FB4XM5			0	1	1	0	0	0	0										2
31	FB4XN5			0	1	2	1	2	0	0										6
31	FB4XVI			0	0	2	0	1	1	0										4
31	FB78MB			0	1	1	0	1	0	0										3
31	FB78RN			0	1	1	0	0	0	0										2
31	FB82**			0	0	1	0	0	0	0										1
31	FB82IP			0	2	2	1	1	0	0										6
31	FB82OX			0	2	2	1	1	0	0										6
31	FB82RS			0	0	1	2	0	0	0										3
31	FB84OX			0	2	0	0	0	1	0										3
31	FB84RN			0	1	0	0	0	0	1										2
31	Totales FB	0	0	0	18	17	7	6	3	1	0	0	0	0	0	0	0	0	0	52
31	FI75RG			1	1	1	1	0	2	0										6
31	Totales FI	0	0	1	1	1	1	0	2	0	0	0	0	0	0	0	0	0	0	6
31	G71E**			0	0	0	1	0	1	1										3
31	G722CE			0	1	1	1	1	0	0										4
31	Totales G7	0	0	0	1	1	2	1	1	1	0	0	0	0	0	0	0	0	0	7
31	GA5MML			1	0	0	0	0	1	0										2
31	GA5MZN			0	0	0	0	0	0	1										1
31	GA7XSR			0	0	0	0	1	0	0										1
31	Totales GA	0	0	1	0	0	0	1	1	1	0	0	0	0	0	0	0	0	0	4
31	GM00OX			0	2	2	1	3	1	0										9
31	GM00PL			0	1	1	0	0	1	1										4
31	GM18SG			0	1	1	0	0	1	0										3
31	GM18SN			0	1	2	0	0	0	0										3
31	GM21T1			0	0	1	0	0	1	0										2
31	GM23RN			0	0	1	0	0	0	0										1
31	Totales GM	0	0	0	5	8	1	3	4	1	0	0	0	0	0	0	0	0	0	22
31	HA3PSR			0	0	0	0	2	2	0										4
31	HA62RM			0	1	0	0	0	2	1										4
31	Totales HA	0	0	0	1	0	0	2	4	1	0	0	0	0	0	0	0	0	0	8
31	HD0RHF			0	2	0	2	3	4	0										11
31	HD0RRN			0	1	0	0	1	2	0										4
31	HD2XM1			0	0	0	0	1	0	1										2
31	HD3PML			0	1	0	0	1	0	0										2
31	HD3PRM			1	0	0	0	0	0	0										1
31	HD74RC			1	0	0	0	0	0	0										1
31	HD8PAB			1	0	0	0	1	1	1										4
31	HD8PRN			0	0	0	0	0	1	0										1
31	Totales HD	0	0	3	4	0	2	7	8	2	0	0	0	0	0	0	0	0	0	26
31	IX19ND			0	1	0	1	0	1	0										3
31	IX5WOX			0	1	0	0	1	0	0										2
31	IX5WRN			0	1	1	1	0	0	0										3
31	IX6ERN			0	1	0	0	0	0	0										1
31	IX7DCR			0	1	1	1	1	0	0										4
31	IX7DEA			0	0	1	0	1	2	0										4
31	Totales IX	0	0	0	5	3	3	3	3	0	0	0	0	0	0	0	0	0	0	17
31	J931**			0	0	2	0	0	0	0										2
31	Totales J9	0	0	0	0	2	0	0	0	0	0	0	0	0	0	0	0	0	0	2
31	JQ69IA			0	1	0	0	0	0	0										1
31	JQ69RM			0	1	1	0	0	0	0										2
31	Totales JQ	0	0	0	2	1	0	0	0	0	0	0	0	0	0	0	0	0	0	3
31	K233RN			1	0	0	0	0	0	1										2
31	K236EL			0	1	0	0	0	0	0										1
31	Totales K2	0	0	1	1	0	0	0	0	1	0	0	0	0	0	0	0	0	0	3
31	KL6NGO			1	1	0	0	0	0	0										2
31	Totales KL	0	0	1	1	0	0	0	0	0	0	0	0	0	0	0	0	0	0	2
31	KN6DHR			0	0	0	0	1	0	0										1
31	KN6DRM			0	0	2	2	3	0	0										7
31	Totales KN	0	0	0	0	2	2	4	0	0	0	0	0	0	0	0	0	0	0	8
31	LP01**			0	0	1	0	0	0	0										1
31	LP01*F			0	1	1	0	0	0	0										2
31	LP01CR			0	1	1	0	1	0	0										3
31	LP01D1			0	1	1	1	1	0	0										4
31	LP01DO			0	0	0	1	0	0	0										1
31	LP01RN			0	1	1	1	1	0	0										4
31	LP01T5			0	1	1	1	1	0	0										4
31	LP09**			0	0	0	0	0	1	0										1
31	LP09N6			0	0	1	0	1	1	0										3
31	LP0CRC			0	0	0	0	1	1	0										2
31	LP0CRN			0	1	1	0	1	0	0										3
31	LP0E**			0	0	1	0	0	0	0										1
31	LP0EN2			0	1	0	1	1	0	0										3
31	LP0MCR			0	1	1	1	0	0	0										3
31	LP0MRN			0	0	0	0	1	0	0										1
31	LP0WEB			0	0	0	2	0	0	0										2
31	LP1CBR			0	1	0	1	1	0	0										3
31	LP1DR1			0	1	1	1	1	0	0										4
31	LP1N**			0	0	1	1	0	0	0										2
31	LP1NIA			0	1	1	1	0	0	0										3
31	LP1NRN			0	1	1	1	1	1	0										5
31	LP1NSR			0	1	1	1	1	0	0										4
31	LP1XEG			0	0	1	0	0	0	0										1
31	LP29**			0	0	1	0	0	0	0										1
31	LP29RN			1	0	0	1	0	1	0										3
31	LP62RN			0	0	1	1	0	0	0										2
31	LP71OX			0	1	1	1	0	1	1										5
31	LP8PRM			0	1	0	0	0	0	0										1
31	Totales LP	0	0	1	15	19	17	13	6	1	0	0	0	0	0	0	0	0	0	72
31	LZ4MTC			1	1	0	0	0	0	0										2
31	Totales LZ	0	0	1	1	0	0	0	0	0	0	0	0	0	0	0	0	0	0	2
31	MC2MR1			1	0	0	0	0	0	0										1
31	MC77RC			0	0	0	0	0	0	1										1
31	MC8CMB			0	1	0	0	0	0	0										1
31	MC8CRC			0	0	0	0	0	1	0										1
31	MC8CRN			0	1	0	0	1	1	1										4
31	MC8CSR			0	2	0	1	1	1	1										6
31	Totales MC	0	0	1	4	0	1	2	3	3	0	0	0	0	0	0	0	0	0	14
31	MDZZ**			0	0	5	0	4	0	0										9
31	Totales MD	0	0	0	0	5	0	4	0	0	0	0	0	0	0	0	0	0	0	9
31	NU3MM8			0	1	1	1	1	0	0										4
31	NU3MN8			0	1	0	2	0	0	0										3
31	NU54RC			0	0	0	0	2	0	0										2
31	NU92RC			0	1	0	0	0	0	0										1
31	Totales NU	0	0	0	3	1	3	3	0	0	0	0	0	0	0	0	0	0	0	10
31	P60C**			0	1	0	0	0	0	0										1
31	P60CEM			0	0	0	0	0	1	0										1
31	P644RN			0	1	0	0	1	0	0										2
31	P646RN			0	0	0	0	1	0	0										1
31	P657RM			0	1	0	0	0	0	0										1
31	P663RC			0	1	0	0	0	1	1										3
31	P663RN			2	0	0	0	0	0	1										3
31	P66NGR			1	0	1	0	0	0	0										2
31	P672EL			0	0	0	0	0	1	0										1
31	P679RC			0	0	0	0	0	1	0										1
31	P679RN			0	0	0	1	1	0	0										2
31	P686RM			0	1	0	0	0	0	0										1
31	P686RN			1	1	1	1	0	0	0										4
31	P686SR			1	0	0	0	0	1	1										3
31	Totales P6	0	0	5	6	2	2	3	5	3	0	0	0	0	0	0	0	0	0	26
31	QM7EHR			0	0	0	0	1	0	0										1
31	QM7EIA			0	0	0	0	0	1	0										1
31	QM8CRC			0	0	0	0	0	1	0										1
31	QM8CSR			0	0	0	0	0	1	0										1
31	Totales QM	0	0	0	0	0	0	1	3	0	0	0	0	0	0	0	0	0	0	4
31	QR1PCD			0	1	0	1	1	0	0										3
31	QR1PPL			0	1	1	0	1	0	0										3
31	QR2A**			0	0	0	1	0	0	0										1
31	QR2CRM			0	0	1	1	1	0	0										3
31	QR2P**			0	0	1	0	0	0	0										1
31	QR2PRC			0	1	1	1	1	0	0										4
31	QR2PRN			0	1	1	0	0	0	0										2
31	QR2W**			0	0	0	0	0	1	0										1
31	QR2WIA			0	1	1	1	1	0	0										4
31	QR2WRN			0	1	1	0	1	0	0										3
31	QR3RN3			0	1	1	1	1	0	0										4
31	Totales QR	0	0	0	7	8	6	7	1	0	0	0	0	0	0	0	0	0	0	29
31	R214SN			0	1	0	1	1	1	0										4
31	R214SR			0	0	1	1	0	1	0										3
31	R215SN			0	1	0	0	0	0	0										1
31	R221XO			1	0	0	0	0	0	0										1
31	Totales R2	0	0	1	2	1	2	1	2	0	0	0	0	0	0	0	0	0	0	9
31	R323NE			0	3	3	1	1	2	1										11
31	R323XO			1	0	1	1	0	0	0										3
31	Totales R3	0	0	1	3	4	2	1	2	1	0	0	0	0	0	0	0	0	0	14
31	R480RO			0	1	0	1	1	0	0										3
31	R480VE			0	1	2	0	0	1	0										4
31	Totales R4	0	0	0	2	2	1	1	1	0	0	0	0	0	0	0	0	0	0	7
31	RA15XO			0	1	1	1	1	0	0										4
31	RA47XO			0	0	1	1	1	0	0										3
31	RA75AN			0	0	0	0	1	1	0										2
31	RA75LV			1	1	1	0	0	0	0										3
31	RA76NE			1	1	2	5	0	0	1										10
31	RA76XO			1	1	4	0	1	1	1										9
31	RA91NE			0	0	2	1	1	0	0										4
31	RA91RO			0	1	1	1	0	1	1										5
31	RA91XO			1	1	1	1	1	1	0										6
31	RA92MT			1	1	0	0	0	1	1										4
31	RA95NE			0	1	1	0	1	1	0										4
31	RA95XO			0	1	1	1	1	1	0										5
31	RA96RO			0	1	0	1	1	1	0										4
31	RA97XO			0	0	0	0	2	0	0										2
31	RA98RO			0	1	1	1	1	1	0										5
31	Totales RA	0	0	5	11	16	13	12	9	4	0	0	0	0	0	0	0	0	0	70
31	RB40NE			1	0	0	1	0	1	1										4
31	RB40XO			0	1	2	4	4	1	0										12
31	RB43RO			0	1	1	0	0	0	0										2
31	RB43XO			0	1	0	0	0	0	0										1
31	RB44AZ			0	1	0	0	0	0	1										2
31	RB44VE			0	0	1	1	0	0	0										2
31	RB44XO			0	1	0	0	1	0	0										2
31	RB45AN			0	0	0	0	1	0	0										1
31	RB45SA			0	0	0	1	0	0	0										1
31	RB46XO			1	0	0	1	2	0	0										4
31	Totales RB	0	0	2	5	4	8	8	2	2	0	0	0	0	0	0	0	0	0	31
31	RC35RO			0	2	0	0	0	0	0										2
31	RC35XO			0	1	0	0	0	1	0										2
31	RC36NR			0	0	0	1	0	1	1										3
31	RC36RO			0	0	1	1	0	1	0										3
31	Totales RC	0	0	0	3	1	2	0	3	1	0	0	0	0	0	0	0	0	0	10
31	RD68XO			0	0	1	0	0	0	0										1
31	Totales RD	0	0	0	0	1	0	0	0	0	0	0	0	0	0	0	0	0	0	1
31	RE10CF			0	0	0	0	0	1	1										2
31	RE10NE			0	0	0	0	0	1	0										1
31	RE11RM			0	3	0	0	0	0	0										3
31	RE20RO			0	2	2	0	1	2	0										7
31	RE20XO			0	1	1	1	0	0	0										3
31	RE22AZ			0	4	6	3	3	3	2										21
31	RE22NE			0	4	4	4	3	1	0										16
31	RE22XO			0	6	4	4	7	3	0										24
31	Totales RE	0	0	0	20	17	12	14	11	3	0	0	0	0	0	0	0	0	0	77
31	RG59CF			0	1	1	1	1	0	0										4
31	RG59MI			0	1	1	0	1	0	0										3
31	RG67NE			0	1	1	1	1	0	0										4
31	RG67XO			0	1	1	1	0	0	0										3
31	RG70AZ			0	2	1	0	1	0	0										4
31	RG70LU			0	1	1	1	1	1	0										5
31	RG88NE			0	1	1	1	1	0	0										4
31	Totales RG	0	0	0	8	7	5	6	1	0	0	0	0	0	0	0	0	0	0	27
31	RS00CR			0	1	1	0	1	0	0										3
31	RS00RN			0	1	0	0	1	0	0										2
31	RS0BRN			0	1	0	0	0	0	0										1
31	RS0X**			0	1	0	0	1	1	0										3
31	RS0X*C			0	1	1	0	1	1	0										4
31	RS0XIA			0	1	0	1	1	0	1										4
31	RS0XRF			0	0	0	0	0	1	0										1
31	RS0XRN			0	1	1	1	1	1	0										5
31	RS13DO			0	2	0	1	1	1	0										5
31	RS16AA			0	0	0	0	0	1	0										1
31	RS16RN			0	0	0	0	0	0	1										1
31	RS17AA			0	1	0	0	0	0	1										2
31	RS17BG			0	1	0	0	0	1	1										3
31	RS17RN			0	1	1	0	0	1	0										3
31	RS2WRC			0	0	0	0	1	1	1										3
31	RS2WRN			0	1	0	0	0	0	0										1
31	RS37M3			0	1	1	1	1	0	0										4
31	RS37N3			0	1	2	1	1	0	0										5
31	RS3B**			0	1	0	0	0	0	0										1
31	RS3BBG			0	0	1	1	0	0	0										2
31	RS3BG1			0	0	0	0	0	1	0										1
31	RS3BN1			0	1	1	1	1	0	0										4
31	RS3BN2			0	1	0	0	0	0	0										1
31	RS3BR1			2	1	0	0	0	1	0										4
31	RS3BRN			0	3	0	0	0	0	0										3
31	RS3NRN			0	1	0	1	1	0	0										3
31	RS3W**			0	0	0	1	0	1	0										2
31	RS3WMB			0	0	1	0	0	0	0										1
31	RS3WSR			0	0	0	0	1	0	0										1
31	RS44**			0	0	0	0	0	1	0										1
31	RS48**			1	0	0	0	0	0	0										1
31	RS48BR			1	1	1	1	0	0	0										4
31	RS48DO			0	1	1	1	1	0	1										5
31	RS48MB			0	2	3	0	1	0	0										6
31	RS48RN			0	1	1	1	1	1	0										5
31	RS49OX			0	1	0	0	0	0	0										1
31	RS49RN			0	0	0	0	0	1	1										2
31	RS4N**			1	1	0	0	2	0	0										4
31	RS4NML			0	1	1	1	1	1	0										5
31	RS4NRC			0	0	0	0	0	1	0										1
31	RS4NRN			0	1	1	1	1	0	0										4
31	RS4NSR			0	1	0	0	1	0	0										2
31	RS53YN			0	0	0	0	1	0	0										1
31	RS57RT			0	1	1	1	1	0	0										4
31	RS57SR			0	1	1	1	1	0	0										4
31	RS5BB2			0	0	0	0	0	1	0										1
31	RS5BLU			0	0	0	0	0	1	0										1
31	RS5BM3			0	0	0	0	0	1	0										1
31	RS5BN1			0	2	3	1	1	0	0										7
31	RS5BRM			0	0	0	0	0	0	1										1
31	RS61**			0	1	0	0	1	0	1										3
31	RS61L1			0	1	1	1	1	0	0										4
31	RS61L5			0	0	1	0	0	0	0										1
31	RS61N1			0	1	1	1	1	0	0										4
31	RS61O5			1	0	0	0	0	0	0										1
31	RS64OX			0	2	1	1	1	0	0										5
31	RS64RN			0	1	1	1	1	0	0										4
31	RS64RT			0	0	1	0	0	0	0										1
31	RS64SR			0	1	0	0	0	1	0										2
31	RS6CMO			0	0	0	1	0	0	1										2
31	RS6CRF			0	0	0	0	0	1	1										2
31	RS72PL			0	1	1	1	1	0	0										4
31	RS72RN			0	1	1	1	1	0	0										4
31	RS87BG			0	0	0	0	1	1	0										2
31	RS87LA			0	1	0	0	0	0	0										1
31	RS87RN			0	1	0	1	1	0	0										3
31	RS9Y**			1	0	0	1	0	0	0										2
31	RS9YMB			0	1	1	1	1	0	0										4
31	RS9YRN			0	1	1	1	1	0	0										4
31	RS9YSR			0	1	1	0	0	0	0										2
31	Totales RS	0	0	7	51	34	28	36	23	11	0	0	0	0	0	0	0	0	0	190
31	SV0DM5			0	0	0	2	0	0	0										2
31	SV0DRM			1	0	0	0	1	1	0										3
31	SV0DRN			0	1	0	0	1	0	0										2
31	SV0XRM			1	2	2	2	2	2	1										12
31	SV3RCM			1	2	4	3	4	2	1										17
31	SV3RCN			1	1	1	2	1	1	0										7
31	SV65IA			0	0	0	0	0	0	1										1
31	SV65RN			0	0	0	0	0	3	0										3
31	SV7YBG			0	1	2	1	2	1	0										7
31	SV9BRN			0	1	0	0	1	0	1										3
31	Totales SV	0	0	4	8	9	10	12	10	4	0	0	0	0	0	0	0	0	0	57
31	T20AMB			0	0	0	0	1	0	1										2
31	Totales T2	0	0	0	0	0	0	1	0	1	0	0	0	0	0	0	0	0	0	2
31	T52BRN			0	2	2	0	0	0	0										4
31	T581RM			0	1	0	0	0	0	1										2
31	T589RC			0	0	1	1	1	0	0										3
31	Totales T5	0	0	0	3	3	1	1	0	1	0	0	0	0	0	0	0	0	0	9
31	UH0EM4			1	1	0	0	0	1	0										3
31	UH0EN1			0	2	2	0	0	0	0										4
31	UH0ERM			0	5	1	0	0	0	0										6
31	UH0ERN			0	0	0	0	0	0	1										1
31	UH1XRC			0	0	0	0	1	0	0										1
31	UH3EEL			0	4	0	0	0	0	1										5
31	UH3ERN			0	2	0	0	0	2	0										4
31	UH4CRN			0	1	0	0	0	0	0										1
31	UH6NR5			0	0	0	1	0	0	1										2
31	UH79HF			0	1	0	0	1	0	0										2
31	UH82RA			0	0	0	0	1	0	1										2
31	Totales UH	0	0	1	16	3	1	3	3	4	0	0	0	0	0	0	0	0	0	31
31	UN2XRN			0	0	1	1	1	0	0										3
31	UN4B**			0	0	1	0	0	0	0										1
31	UN4BG2			0	1	1	1	1	0	0										4
31	UN6D**			0	0	0	0	1	0	0										1
31	UN6DC2			0	1	1	1	0	0	0										3
31	UN6DN3			0	1	1	1	2	0	0										5
31	Totales UN	0	0	0	3	5	4	5	0	0	0	0	0	0	0	0	0	0	0	17
31	UP8CSR			0	0	0	0	0	1	1										2
31	Totales UP	0	0	0	0	0	0	0	1	1	0	0	0	0	0	0	0	0	0	2
31	VT0DRM			0	0	0	0	1	1	0										2
31	VT0YEL			0	1	0	0	0	1	0										2
31	VT1B**			0	0	1	0	1	0	0										2
31	VT1BIA			0	1	1	1	1	1	0										5
31	VT1BML			0	0	0	0	1	0	0										1
31	VT1BRN			0	0	1	1	1	1	0										4
31	VT31RN			0	3	0	0	0	0	0										3
31	VT3DRC			0	0	0	0	0	0	1										1
31	VT4ARM			0	1	1	1	0	0	0										3
31	VT4ARN			0	1	0	0	0	0	0										1
31	VT4ASR			0	1	0	0	0	0	0										1
31	VT6AIA			0	1	1	1	0	0	0										3
31	VT6ARN			0	1	0	1	1	0	0										3
31	VT6PMB			0	0	0	0	0	1	0										1
31	VT7R05			0	1	1	0	1	0	0										3
31	VT7RN3			0	1	1	0	1	1	0										4
31	VT8EOX			0	1	1	1	1	0	0										4
31	VT8ERN			0	1	1	1	1	1	0										5
31	VT8ESR			0	2	1	1	1	0	0										5
31	VT94BR			0	1	1	1	1	0	0										4
31	VT94RC			0	1	0	1	1	0	0										3
31	VT94RN			0	1	1	1	1	1	0										5
31	VT97A9			0	1	0	1	0	0	0										2
31	VT97BG			0	1	1	1	1	0	0										4
31	VT97D5			0	0	1	0	0	0	1										2
31	VT9NAT			0	0	0	0	0	1	0										1
31	Totales VT	0	0	0	21	14	13	15	9	2	0	0	0	0	0	0	0	0	0	74
31	WB8CSR			0	0	0	0	1	0	0										1
31	Totales WB	0	0	0	0	0	0	1	0	0	0	0	0	0	0	0	0	0	0	1
31	WD8C**			0	0	1	0	0	0	0										1
31	WD8CRN			0	1	0	1	1	0	0										3
31	Totales WD	0	0	0	1	1	1	1	0	0	0	0	0	0	0	0	0	0	0	4
31	WI08OX			0	1	0	3	0	2	0										6
31	WI08RN			0	1	1	0	0	0	0										2
31	WI99B7			1	0	0	0	1	0	0										2
31	WI99N7			0	2	0	0	0	0	0										2
31	Totales WI	0	0	1	4	1	3	1	2	0	0	0	0	0	0	0	0	0	0	12
31	X302BR			0	0	2	0	0	0	0										2
31	X302RN			0	0	1	2	0	1	0										4
31	X302RS			0	1	0	0	0	0	0										1
31	X32RR5			0	1	0	0	0	0	0										1
31	X332AZ			0	1	1	0	1	1	0										4
31	X332MD			0	1	1	1	1	0	0										4
31	X343CU			0	1	1	1	1	2	0										6
31	X343RN			0	2	2	1	0	0	0										5
31	X346L7			0	0	0	0	0	0	1										1
31	X352SR			0	2	0	0	0	0	0										2
31	X355AS			0	1	0	0	0	0	0										1
31	X355CR			0	1	0	1	1	0	0										3
31	X355RN			0	0	1	1	1	1	0										4
31	X355SR			0	1	2	1	0	0	0										4
31	X355VM			0	1	1	1	2	1	0										6
31	X356RN			1	1	1	0	0	0	0										3
31	X356SR			1	0	0	0	0	0	0										1
31	X360BG			2	1	0	0	0	0	0										3
31	X360RG			0	1	0	0	0	1	0										2
31	X36Y**			0	1	0	0	0	0	0										1
31	X36Y*F			0	1	0	0	0	0	0										1
31	X376AS			0	0	1	0	1	1	1										4
31	X376N3			0	1	1	1	1	1	0										5
31	Totales X3	0	0	4	19	15	10	9	9	2	0	0	0	0	0	0	0	0	0	68
31	YD40AG			1	1	0	0	0	0	0										2
31	YD91AB			0	0	0	1	0	0	0										1
31	YD96RN			0	0	1	0	0	0	0										1
31	Totales YD	0	0	1	1	1	1	0	0	0	0	0	0	0	0	0	0	0	0	4
31	YK0PN1			0	1	0	0	0	0	0										1
31	YK1CVM			0	1	0	0	0	0	0										1
31	YK1MRM			0	1	3	0	0	0	0										4
31	YK20RN			0	1	0	0	0	0	0										1
31	YK2YMA			1	1	0	1	1	0	0										4
31	YK2YN5			0	0	0	1	0	0	2										3
31	YK2YRN			1	0	1	0	0	0	1										3
31	YK361T			0	0	1	2	0	1	1										5
31	YK36G1			1	0	0	0	0	0	0										1
31	YK36R5			0	1	0	0	1	0	0										2
31	YK4RRN			1	1	0	1	0	0	0										3
31	YK4RRT			0	0	2	0	0	0	3										5
31	YK6BBR			0	0	0	0	0	0	1										1
31	YK6BMB			0	3	1	0	0	0	0										4
31	YK6BR1			0	1	0	0	0	1	0										2
31	YK8NM2			1	2	0	0	0	1	0										4
31	YK8NN2			0	1	0	1	0	0	0										2
31	YK8NNM			0	1	0	1	1	2	1										6
31	Totales YK	0	0	5	15	8	7	3	5	9	0	0	0	0	0	0	0	0	0	52
31	Z113CF			0	1	0	1	1	0	0										3
31	Z113NE			0	1	0	0	0	0	0										1
31	Z150BR			0	1	1	1	1	1	0										5
31	Z151NE			0	1	1	1	1	0	0										4
31	Z151RO			0	0	1	1	1	1	0										4
31	Totales Z1	0	0	0	4	3	4	4	2	0	0	0	0	0	0	0	0	0	0	17
31	Z202MB			0	1	0	0	0	1	0										2
31	Z203XO			0	0	1	0	1	1	0										3
31	Z204HF			0	0	1	0	0	0	0										1
31	Z207MB			1	0	0	0	0	0	0										1
31	Z207RO			1	0	0	0	0	0	0										1
31	Z208CF			1	2	1	1	0	0	0										5
31	Z208MB			0	3	1	1	4	0	1										10
31	Z210MB			0	0	2	0	0	1	0										3
31	Z211MI			0	0	0	2	1	1	0										4
31	Totales Z2	0	0	3	6	6	4	6	4	1	0	0	0	0	0	0	0	0	0	30
31	Z329RO			0	1	0	0	0	1	0										2
31	Z332NE			0	0	0	0	1	0	0										1
31	Z336HF			0	1	0	0	0	0	0										1
31	Z342NE			0	1	0	0	0	0	0										1
31	Z342RO			0	0	1	1	0	1	0										3
31	Z344AZ			0	1	1	1	1	1	0										5
31	Z344MI			0	0	1	0	2	0	0										3
31	Totales Z3	0	0	0	4	3	2	4	3	0	0	0	0	0	0	0	0	0	0	16
31	Z402GN			0	0	4	0	1	0	0										5
31	Z404CF			0	1	2	0	0	0	0										3
31	Z404NE			0	2	0	1	0	0	0										3
31	Z451BR			0	1	1	1	1	0	0										4
31	Z452DO			0	0	1	0	0	0	0										1
31	Z452RO			0	1	0	1	1	0	0										3
31	Z453CF			0	1	2	2	0	1	0										6
31	Z454AZ			0	1	1	1	1	0	0										4
31	Z455NE			0	0	1	1	1	1	0										4
31	Z456MI			0	1	1	1	0	1	0										4
31	Totales Z4	0	0	0	8	13	8	5	3	0	0	0	0	0	0	0	0	0	0	37
31	Z591HF			1	1	0	0	0	0	0										2
31	Z592BR			0	1	0	0	1	0	0										2
31	Z592NE			0	1	0	1	1	0	0										3
31	Totales Z5	0	0	1	3	0	1	2	0	0	0	0	0	0	0	0	0	0	0	7
31	Z618MI			0	1	1	1	1	1	0										5
31	Z618RO			0	1	1	1	1	1	0										5
31	Totales Z6	0	0	0	2	2	2	2	2	0	0	0	0	0	0	0	0	0	0	10
31	Z701CF			0	3	4	6	0	0	0										13
31	Z701GR			0	2	3	2	1	1	1										10
31	Z704DO			0	1	0	1	1	1	0										4
31	Z704NE			0	1	1	1	1	1	0										5
31	Z705BR			0	1	1	1	1	1	0										5
31	Z706NE			0	0	1	0	0	0	0										1
31	Z706RO			0	1	1	1	1	0	0										4
31	Z708RO			0	2	1	1	1	0	0										5
31	Z709DO			0	1	1	1	1	0	0										4
31	Z709NE			0	1	0	2	0	0	0										3
31	Totales Z7	0	0	0	13	13	16	7	4	1	0	0	0	0	0	0	0	0	0	54
31	ZA13BR			0	1	0	0	1	0	0										2
31	ZA14NE			0	0	0	0	1	0	0										1
31	ZA14TA			0	1	2	1	1	1	0										6
31	ZA15CF			0	0	0	0	1	0	0										1
31	ZA16NE			0	1	0	0	1	1	0										3
31	ZA17AZ			0	0	0	0	2	1	0										3
31	ZA17MB			0	0	0	1	1	0	0										2
31	ZA18MI			0	1	0	0	1	0	0										2
31	ZA18RO			1	0	1	0	0	0	0										2
31	ZA19BR			0	1	0	0	0	0	0										1
31	ZA19RO			0	1	1	1	1	0	0										4
31	ZA19WI			0	1	0	0	0	0	0										1
31	ZA25NE			0	1	0	0	0	1	0										2
31	ZA28AZ			0	1	1	0	1	1	0										4
31	ZA28OX			0	0	0	1	1	2	0										4
31	ZA29RO			0	1	0	0	0	1	0										2
31	ZA30B*			0	1	0	1	1	0	0										3
31	ZA31CF			0	1	1	1	0	0	0										3
31	ZA33AZ			0	1	1	1	1	0	0										4
31	ZA45RO			0	0	0	0	0	1	0										1
31	ZA79AZ			0	0	0	0	0	1	0										1
31	ZA79NE			0	0	0	0	0	1	0										1
31	ZA80NE			0	0	0	0	0	0	1										1
31	ZA81NE			0	0	0	0	0	2	0										2
31	ZA81WI			0	0	0	0	1	0	0										1
31	Totales ZA	0	0	1	13	7	7	15	13	1	0	0	0	0	0	0	0	0	0	57
31	ZB52BG			0	0	0	0	0	1	0										1
31	ZB52NR			0	1	0	0	1	0	0										2
31	ZB52VE			0	0	0	0	1	0	0										1
31	ZB55FS			0	0	0	0	2	0	1										3
31	Totales ZB	0	0	0	1	0	0	4	1	1	0	0	0	0	0	0	0	0	0	7
31	ZCD1B*			1	0	0	0	0	0	0										1
31	ZCD3BR			0	1	1	1	1	0	0										4
31	ZCD3XO			0	1	1	1	1	0	0										4
31	ZCD4BR			0	1	0	1	1	0	0										3
31	ZCD4MB			0	1	1	1	1	0	0										4
31	ZCD5NE			0	1	1	1	1	0	0										4
31	Totales ZC	0	0	1	5	4	5	5	0	0	0	0	0	0	0	0	0	0	0	20
31	ZD10GR			0	0	2	1	0	0	0										3
31	ZD10WI			0	1	0	0	2	2	0										5
31	ZD11AZ			0	0	0	0	1	0	0										1
31	ZD11NE			0	0	0	0	1	1	0										2
31	ZD29MI			0	0	1	0	1	0	0										2
31	ZD29RO			0	0	0	3	2	3	0										8
31	ZD30HF			0	1	0	1	1	0	0										3
31	ZD30MB			0	0	0	0	2	0	0										2
31	ZD31HF			0	0	0	0	3	0	0										3
31	ZD33HF			0	2	0	0	3	2	1										8
31	ZD33NE			0	0	0	0	1	0	0										1
31	ZD34MB			0	0	0	0	0	0	2										2
31	ZD35NE			1	2	0	1	1	2	0										7
31	ZD36MB			0	1	1	1	1	0	0										4
31	ZD37NE			0	0	2	2	1	1	0										6
31	ZD38RO			0	0	0	2	1	1	0										4
31	ZD39NE			0	1	1	1	1	0	0										4
31	ZD40AZ			0	1	0	0	1	0	0										2
31	ZD40MA			0	1	1	1	1	0	0										4
31	ZD41DO			0	1	1	1	1	0	0										4
31	ZD56GR			0	0	0	0	1	0	0										1
31	ZD56MB			0	0	0	0	1	0	0										1
31	ZD57CA			2	3	0	1	1	0	0										7
31	ZD78RO			0	0	0	0	1	0	0										1
31	ZD91CA			0	0	0	0	1	0	0										1
31	ZD92AZ			0	0	0	0	1	0	0										1
31	ZD92NE			0	0	0	0	0	2	0										2
31	Totales ZD	0	0	3	14	9	15	31	14	3	0	0	0	0	0	0	0	0	0	89
31	ZF19RO			0	0	1	1	0	0	0										2
31	ZF25MO			0	1	1	2	0	1	0										5
31	ZF26BR			0	1	2	2	0	1	0										6
31	ZF26C*			0	2	3	3	2	1	0										11
31	ZF34XO			0	1	1	1	1	0	0										4
31	ZF35BR			0	1	1	1	1	0	0										4
31	ZF38B*			0	1	1	1	1	1	0										5
31	ZF45OR			0	0	1	0	0	1	0										2
31	ZF48BG			0	0	0	0	1	0	0										1
31	ZF49BR			0	1	1	1	1	1	0										5
31	ZF50C*			0	0	0	1	1	1	0										3
31	ZF50NE			0	1	3	3	2	2	0										11
31	ZF51OR			0	1	2	1	1	0	0										5
31	ZF52RO			0	2	0	1	0	0	0										3
31	ZF54BR			0	1	0	0	0	1	0										2
31	ZF54CF			0	4	3	2	0	0	0										9
31	ZF55LU			0	1	0	0	0	1	0										2
31	ZF57HF			0	0	0	3	1	0	0										4
31	ZF87MI			0	0	0	1	0	0	0										1
31	ZF87RO			0	0	0	0	1	0	0										1
31	ZF88NE			0	0	0	1	0	0	0										1
31	ZF88RO			0	2	0	0	0	0	0										2
31	Totales ZF	0	0	0	20	20	25	13	11	0	0	0	0	0	0	0	0	0	0	89
31	ZG06RO			0	0	0	0	1	1	0										2
31	ZG11CA			0	2	1	0	0	0	0										3
31	ZG13RR			0	3	1	0	0	1	0										5
31	ZG13WB			0	0	0	0	3	0	0										3
31	ZG17CA			0	1	0	0	1	0	0										2
31	ZG17GR			0	0	0	0	1	0	0										1
31	ZG17RO			0	1	0	0	1	0	0										2
31	ZG18AZ			0	1	0	0	0	0	0										1
31	ZG18RO			0	0	1	1	1	0	0										3
31	ZG19CA			0	0	0	0	1	0	0										1
31	ZG19NE			0	0	0	0	0	4	0										4
31	ZG20LU			0	1	0	0	0	0	0										1
31	ZG20MI			1	1	0	2	0	0	0										4
31	ZG22NE			0	0	0	2	0	0	0										2
31	ZG22RO			0	0	0	0	1	0	0										1
31	ZG23AZ			0	1	0	0	0	0	0										1
31	ZG23BG			0	1	0	0	0	0	0										1
31	ZG24MB			0	2	0	0	0	0	0										2
31	ZG24NE			0	0	0	0	1	1	0										2
31	ZG25AS			1	0	1	0	0	1	0										3
31	ZG25OX			0	1	2	2	1	0	0										6
31	ZG26NE			0	0	0	1	0	0	0										1
31	ZG69RO			0	0	0	0	1	0	0										1
31	ZG74MI			0	0	1	1	1	2	0										5
31	ZG74NE			0	0	0	0	1	0	0										1
31	Totales ZG	0	0	2	15	7	9	15	10	0	0	0	0	0	0	0	0	0	0	58
31	ZH80LU			0	0	1	0	0	0	0										1
31	ZH80NE			0	1	1	1	1	1	0										5
31	ZH81RO			0	1	1	1	1	0	0										4
31	ZH83BR			0	1	1	1	1	1	0										5
31	ZH84MA			0	1	1	1	1	0	0										4
31	ZH84NE			0	1	1	1	1	1	0										5
31	ZH85DO			0	1	1	1	1	0	0										4
31	Totales ZH	0	0	0	6	7	6	6	3	0	0	0	0	0	0	0	0	0	0	28
31	ZJ01HR			0	1	1	0	1	1	0										4
31	ZJ01MB			0	1	1	0	2	0	0										4
31	ZJ01RN			0	1	2	0	0	1	0										4
31	ZJ02HR			0	1	0	0	0	0	0										1
31	ZJ02RN			0	1	1	1	1	0	0										4
31	ZJ03ML			0	1	0	0	0	0	0										1
31	ZJ07MB			0	1	0	0	1	1	0										3
31	ZJ08RN			0	0	1	1	0	1	0										3
31	ZJ08RO			0	1	0	1	0	0	0										2
31	ZJ09RN			0	1	0	0	1	1	0										3
31	ZJ12RM			0	1	0	0	0	0	0										1
31	ZJ13CF			0	1	1	1	0	1	0										4
31	ZJ15MI			0	1	1	1	1	0	0										4
31	ZJ15NE			0	1	1	0	1	0	0										3
31	ZJ16RN			0	0	0	0	1	0	0										1
31	ZJ18AZ			0	1	1	1	0	0	0										3
31	ZJ18CF			0	1	1	0	0	0	0										2
31	ZJ19XO			0	7	0	0	0	1	0										8
31	ZJ20BR			0	0	1	0	0	0	0										1
31	ZJ20MB			0	0	1	0	0	0	1										2
31	ZJ21RN			0	0	1	0	0	0	0										1
31	ZJ32BR			0	1	1	1	1	0	0										4
31	ZJ32DO			0	0	1	1	1	0	0										3
31	ZJ33HR			0	1	1	1	1	0	0										4
31	ZJ33VE			0	1	1	1	1	1	0										5
31	ZJ34CR			0	0	1	1	1	0	0										3
31	ZJ34NE			0	0	1	1	1	0	0										3
31	ZJ34RO			0	0	1	1	1	0	0										3
31	ZJ35AZ			0	1	1	1	0	1	0										4
31	ZJ40BG			0	1	1	1	1	0	0										4
31	ZJ40BR			0	0	1	0	1	0	0										2
31	ZJ41DO			0	1	1	1	1	0	0										4
31	ZJ41NE			0	1	1	1	1	0	0										4
31	ZJ42CF			0	0	0	1	1	1	0										3
31	ZJ50BR			0	0	1	1	1	0	0										3
31	Totales ZJ	0	0	0	29	27	19	22	10	1	0	0	0	0	0	0	0	0	0	108
31	ZK30GR			0	1	0	0	0	0	0										1
31	ZK69BL			0	0	0	0	0	1	0										1
31	ZK70RO			0	1	0	0	0	0	0										1
31	Totales ZK	0	0	0	2	0	0	0	1	0	0	0	0	0	0	0	0	0	0	3
31	ZMV8MI			0	1	0	0	0	0	0										1
31	Totales ZM	0	0	0	1	0	0	0	0	0	0	0	0	0	0	0	0	0	0	1
31	ZÑ01HF			0	0	0	0	0	1	0										1
31	ZÑ01MI			0	1	1	0	1	2	0										5
31	ZÑ05NE			0	0	0	0	0	2	0										2
31	Totales ZÑ	0	0	0	1	1	0	1	5	0	0	0	0	0	0	0	0	0	0	8
31	ZO12RN			0	1	0	0	0	0	0										1
31	ZO16IA			0	1	0	0	0	0	0										1
31	ZO16MI			0	1	0	0	0	0	0										1
31	Totales ZO	0	0	0	3	0	0	0	0	0	0	0	0	0	0	0	0	0	0	3
31	ZP20BG			0	1	1	1	1	0	0										4
31	ZP20NE			0	0	1	1	0	0	0										2
31	ZP20RO			0	0	2	1	1	0	0										4
31	ZP21AZ			0	1	1	1	1	0	0										4
31	ZP21MI			0	1	1	0	1	0	0										3
31	Totales ZP	0	0	0	3	6	4	4	0	0	0	0	0	0	0	0	0	0	0	17
31	ZQ04BR			0	2	4	1	1	1	1										10
31	ZQ04OR			0	1	1	1	1	1	0										5
31	ZQ07TU			1	2	1	2	4	1	0										11
31	ZQ09NE			0	1	1	1	1	1	0										5
31	ZQ11RO			0	0	2	1	0	0	0										3
31	ZQ14BR			0	1	0	0	0	0	0										1
31	ZQ15RO			0	2	0	0	0	0	0										2
31	ZQ20AZ			0	0	0	0	1	0	0										1
31	ZQ20RO			0	0	0	1	0	1	0										2
31	ZQ21BR			0	0	1	0	0	0	0										1
31	ZQ21NR			0	1	0	0	1	0	0										2
31	ZQ24DO			0	1	1	1	1	0	0										4
31	ZQ24RO			0	1	1	1	1	1	0										5
31	ZQ29RO			0	2	0	0	0	0	0										2
31	ZQ34RO			0	0	3	1	1	1	0										6
31	ZQ35CF			0	1	1	0	1	1	0										4
31	ZQ36DO			0	1	1	1	1	0	0										4
31	ZQ37RS			0	1	1	1	1	0	0										4
31	ZQ37VE			0	1	1	1	1	1	0										5
31	ZQ41CF			0	1	1	1	1	1	0										5
31	Totales ZQ	0	0	1	19	20	14	17	10	1	0	0	0	0	0	0	0	0	0	82
31	ZU08NE			0	1	1	1	1	0	0										4
31	ZU08RO			0	1	1	0	0	1	0										3
31	ZU09AZ			0	1	1	0	0	1	0										3
31	ZU09DO			0	1	1	1	1	0	0										4
31	ZUA1BR			0	1	4	0	0	2	1										8
31	ZUA1GR			0	0	0	1	1	0	0										2
31	ZUT1VE			0	2	0	0	0	1	1										4
31	ZUT1XO			0	0	1	0	0	1	0										2
31	Totales ZU	0	0	0	7	9	3	3	6	2	0	0	0	0	0	0	0	0	0	30
31	ZV14LU			0	1	3	2	0	0	0										6
31	ZV52RS			0	0	0	1	1	0	0										2
31	ZV52XM			0	1	1	0	1	1	0										4
31	ZV55BR			0	0	0	1	0	0	0										1
31	ZV56BG			0	1	1	1	1	1	0										5
31	ZV57LU			0	1	1	1	1	1	0										5
31	ZV58CF			0	0	1	1	1	1	0										4
31	ZV58NR			0	1	1	1	1	1	0										5
31	ZV60RO			0	1	1	1	1	1	0										5
31	ZV61NE			0	1	1	1	1	1	0										5
31	Totales ZV	0	0	0	7	10	10	8	7	0	0	0	0	0	0	0	0	0	0	42
31	ZW57AZ			0	0	1	0	0	0	0										1
31	ZW57NE			0	2	3	0	2	0	0										7
31	ZW94NE			0	0	0	0	1	0	0										1
31	ZWP1AZ			0	2	3	3	2	1	0										11
31	ZWP1MA			0	1	3	2	2	0	0										8
31	ZWP1NE			0	2	4	4	2	1	0										13
31	ZWP1RO			0	1	2	2	2	1	0										8
31	ZWP1VI			0	1	2	2	1	1	0										7
31	ZWP2BG			0	1	2	3	1	1	0										8
31	ZWP2GR			0	0	2	3	1	1	0										7
31	ZWP2MA			0	1	1	3	2	1	0										8
31	ZWP2NE			0	1	2	2	2	1	0										8
31	Totales ZW	0	0	0	12	25	24	18	8	0	0	0	0	0	0	0	0	0	0	87
31	ZX35XO			0	1	1	0	1	0	0										3
31	ZX36NE			0	1	1	1	1	0	0										4
31	ZX38BR			0	1	1	1	0	0	0										3
31	Totales ZX	0	0	0	3	3	2	2	0	0	0	0	0	0	0	0	0	0	0	10
31	ZY80RO			0	1	1	1	1	0	0										4
31	ZY81NE			0	1	1	1	1	0	0										4
31	ZY82BG			0	1	1	1	1	0	0										4
31	ZY82MA			0	1	0	1	1	0	0										3
31	Totales ZY	0	0	0	4	3	4	4	0	0	0	0	0	0	0	0	0	0	0	15
31	CREMA**	33																		33
31	CREMACE	1																		1
31	CREMALI	1																		1
31	CREMAMA	3																		3
31	CREMANE	3																		3
31	CREMARO	2																		2
31	CREMASP	1																		1
31	CREMAUV	2																		2
31	CREMAXO	2																		2
31	Totales CR	48	0	0	0	0	0	0	0	0	0	0	0	0	0	0	0	0	0	48
31	O302BG	1																		1
31	O322CF	1																		1
31	O3B1NE	1																		1
31	O3B2AZ	1																		1
31	O3B3MI	1																		1
31	O3C1AZ	1																		1
31	O3C1MI	1																		1
31	O3C1NE	1																		1
31	O3M1AZ	1																		1
31	O3M1MI	1																		1
31	Totales O3	10	0	0	0	0	0	0	0	0	0	0	0	0	0	0	0	0	0	10
31	OC05CF	1																		1
31	OC09NE	1																		1
31	OC54CE	1																		1
31	OC54DO	1																		1
31	OC63BR	1																		1
31	OC68MI	1																		1
31	OC71MB	1																		1
31	OC76DO	1																		1
31	Totales OC	8	0	0	0	0	0	0	0	0	0	0	0	0	0	0	0	0	0	8
31	OEB2R2	1																		1
31	OEB3R2	1																		1
31	OEC1RO	1																		1
31	OEC2R2	1																		1
31	OEL2R2	1																		1
31	OEM1RO	1																		1
31	OEM2R2	1																		1
31	Totales OE	7	0	0	0	0	0	0	0	0	0	0	0	0	0	0	0	0	0	7
31	OF14NE	1																		1
31	OF15NE	2																		2
31	OF17AS	1																		1
31	OF17AZ	1																		1
31	OF17RO	1																		1
31	OF18NE	1																		1
31	OFC1AZ	2																		2
31	OFL1AS	1																		1
31	OFL1AZ	1																		1
31	Totales OF	11	0	0	0	0	0	0	0	0	0	0	0	0	0	0	0	0	0	11
31	OGMU*1	14																		14
31	OGMU*2	2																		2
31	OGP1C*	18																		18
31	Totales OG	34	0	0	0	0	0	0	0	0	0	0	0	0	0	0	0	0	0	34
31	OH11VE	1																		1
31	OH13AL	3																		3
31	OHB1UV	3																		3
31	OHL1UV	4																		4
31	Totales OH	11	0	0	0	0	0	0	0	0	0	0	0	0	0	0	0	0	0	11
31	OK01RO	1																		1
31	OK26NE	1																		1
31	OK26RO	1																		1
31	OK2TCF	1																		1
31	OK2TNE	1																		1
31	OK31BR	1																		1
31	OK31MI	1																		1
31	OK35NE	1																		1
31	OK35OR	1																		1
31	OK80CF	1																		1
31	OK80NE	1																		1
31	OK81CF	1																		1
31	OK81NE	1																		1
31	OKB1AL	1																		1
31	OKB2CF	1																		1
31	OKB2NE	2																		2
31	OKB3VE	1																		1
31	OKB3XO	1																		1
31	OKB4NR	1																		1
31	OKC1AL	1																		1
31	OKC1RS	1																		1
31	OKC2VE	1																		1
31	OKC2XO	1																		1
31	OKL2VE	1																		1
31	OKL2XO	1																		1
31	OKM2VE	1																		1
31	OKP2RO	1																		1
31	OKP2VE	1																		1
31	OKP2XO	1																		1
31	OKP4NR	1																		1
31	OKT1RS	1																		1
31	OKT2RO	1																		1
31	OKT2VE	1																		1
31	Totales OK	34	0	0	0	0	0	0	0	0	0	0	0	0	0	0	0	0	0	34
31	OL27HF	1																		1
31	Totales OL	1	0	0	0	0	0	0	0	0	0	0	0	0	0	0	0	0	0	1
31	OM92AZ	1																		1
31	OMB3XO	1																		1
31	OMB5XO	1																		1
31	OMB6VE	1																		1
31	OMC5FS	1																		1
31	OMC5VE	1																		1
31	OMC7XO	1																		1
31	OMM3XO	1																		1
31	OMM4FS	1																		1
31	Totales OM	9	0	0	0	0	0	0	0	0	0	0	0	0	0	0	0	0	0	9
31	ON23NE	1																		1
31	ON31MI	1																		1
31	ON31PL	1																		1
31	Totales ON	3	0	0	0	0	0	0	0	0	0	0	0	0	0	0	0	0	0	3
31	OO24NE	1																		1
31	OO25CF	1																		1
31	OO27PL	1																		1
31	Totales OO	3	0	0	0	0	0	0	0	0	0	0	0	0	0	0	0	0	0	3
31	OP56BR	1																		1
31	Totales OP	1	0	0	0	0	0	0	0	0	0	0	0	0	0	0	0	0	0	1
31	OQ56CF	1																		1
31	OQ57R*	1																		1
31	OQ58R*	1																		1
31	OQC1R*	1																		1
31	OQC2R*	1																		1
31	OQL1R*	1																		1
31	OQT1R*	1																		1
31	Totales OQ	7	0	0	0	0	0	0	0	0	0	0	0	0	0	0	0	0	0	7
31	OT20CF	1																		1
31	OT20NE	1																		1
31	OT21CF	1																		1
31	OT40BG	1																		1
31	OT40HF	1																		1
31	OT44AZ	1																		1
31	OT46NE	3																		3
31	OT56NE	1																		1
31	OT57FS	3																		3
31	OT57MB	3																		3
31	OT57RO	2																		2
31	OT58FS	3																		3
31	OT58MB	1																		1
31	OT58NE	1																		1
31	OT59LN	1																		1
31	OT59SR	1																		1
31	OT61VE	1																		1
31	OT62NE	1																		1
31	OT64RO	2																		2
31	OT65AS	1																		1
31	OT65HF	1																		1
31	OT66HF	2																		2
31	OT68D*	1																		1
31	OT76RS	4																		4
31	OTC1MB	2																		2
31	OTC1RO	2																		2
31	OTC2HF	1																		1
31	OTC2NE	2																		2
31	OTC2UV	1																		1
31	OTC3LN	1																		1
31	OTC3MB	1																		1
31	OTC3RO	1																		1
31	OTC4BG	2																		2
31	OTC5RS	1																		1
31	OTC8AS	1																		1
31	OTC8HF	1																		1
31	OTL1AZ	1																		1
31	OTL1CF	1																		1
31	OTL7NE	3																		3
31	OTM3RS	2																		2
31	OTM4RS	1																		1
31	OTM8AS	1																		1
31	OTM9D*	1																		1
31	OTP0NE	2																		2
31	OTP1HF	1																		1
31	OTP2**	2																		2
31	OTP2HF	1																		1
31	OTP2NE	2																		2
31	OTP2UV	1																		1
31	OTP7NE	2																		2
31	OTP8AS	1																		1
31	OTP8HF	1																		1
31	OTT3BG	1																		1
31	OTT3RS	3																		3
31	OTT8AS	1																		1
31	OTT8HF	1																		1
31	Totales OT	83	0	0	0	0	0	0	0	0	0	0	0	0	0	0	0	0	0	83
31	OU19CF	2																		2
31	OU51HF	2																		2
31	OU55CF	1																		1
31	OU55NE	1																		1
31	OUB1CF	1																		1
31	Totales OU	7	0	0	0	0	0	0	0	0	0	0	0	0	0	0	0	0	0	7
31	OV01HF	1																		1
31	OV10AS	1																		1
31	OVB3HF	1																		1
31	OVB4C*	1																		1
31	OVB4HF	1																		1
31	OVB4NE	2																		2
31	OVB6BG	1																		1
31	OVB8MB	5																		5
31	OVB8NE	1																		1
31	OVB9MB	4																		4
31	OVB9NE	4																		4
31	OVC1FU	1																		1
31	OVC5HF	1																		1
31	OVC5NE	4																		4
31	OVC6BG	1																		1
31	OVM1VE	1																		1
31	OVM4NE	1																		1
31	OVM5AS	2																		2
31	OVM5FS	1																		1
31	OVM5RO	1																		1
31	OVM6BG	1																		1
31	Totales OV	36	0	0	0	0	0	0	0	0	0	0	0	0	0	0	0	0	0	36
31	OW28**	4																		4
31	Totales OW	4	0	0	0	0	0	0	0	0	0	0	0	0	0	0	0	0	0	4
31	OX11CF	1																		1
31	Totales OX	1	0	0	0	0	0	0	0	0	0	0	0	0	0	0	0	0	0	1
31	OY01NR	1																		1
31	OY11HF	1																		1
31	OY13RO	1																		1
31	OY14MI	2																		2
31	OY18MB	1																		1
31	OYH1HF	1																		1
31	Totales OY	7	0	0	0	0	0	0	0	0	0	0	0	0	0	0	0	0	0	7
31	OZB1RO	1																		1
31	OZB2RO	1																		1
31	OZB2TA	2																		2
31	OZC1CF	1																		1
31	OZC1GR	1																		1
31	OZC2NE	1																		1
31	OZC2NR	2																		2
31	OZC2RO	2																		2
31	OZC3MB	1																		1
31	OZC3NE	2																		2
31	OZC3RO	2																		2
31	OZM2GR	2																		2
31	OZM2RO	2																		2
31	OZM2VE	1																		1
31	OZM3NE	1																		1
31	OZM4AZ	1																		1
31	OZP3NE	1																		1
31	OZP5TA	1																		1
31	Totales OZ	25	0	0	0	0	0	0	0	0	0	0	0	0	0	0	0	0	0	25
31	ZI56CN	1																		1
31	Totales ZI	1	0	0	0	0	0	0	0	0	0	0	0	0	0	0	0	0	0	1
31	ZS86AZ	1																		1
31	ZS87NE	1																		1
31	ZS89AZ	2																		2
31	ZS89NR	1																		1
31	ZS90FS	2																		2
31	ZS90VE	2																		2
31	Totales ZS	9	0	0	0	0	0	0	0	0	0	0	0	0	0	0	0	0	0	9
31	ZT93MI	1																		1
31	ZT93NE	1																		1
31	ZT95HF	1																		1
31	Totales ZT	3	0	0	0	0	0	0	0	0	0	0	0	0	0	0	0	0	0	3
31	ZYF2NE	2																		2
31	ZYF2RM	1																		1
31	ZYF2RO	1																		1
31	ZYM1AS	1																		1
31	ZYM1NE	1																		1
31	ZYM1RA	1																		1
31	ZYP1AL	3																		3
31	ZYP1HF	1																		1
31	Totales ZY	11	0	0	0	0	0	0	0	0	0	0	0	0	0	0	0	0	0	11
31	O401HF		0	0		1		0		1		0								2
31	O401TA		0	0		1		0		1		0								2
31	O402MI		0	0		1		0		1		0								2
31	O403HF		0	0		0		0		2		0								2
31	O404HF		0	0		1		0		0		0								1
31	O404MI		0	0		1		0		1		0								2
31	O405CQ		0	0		1		0		1		0								2
31	Totales O4	0	0	0	0	6	0	0	0	7	0	0	0	0	0	0	0	0	0	13
31	OQ02HF		0	0		0		1		0		0								1
31	OQ02MI		0	0		0		0		1		0								1
31	OQ06NE		0	0		0		0		3		0								3
31	OQ09CF		0	0		0		0		1		0								1
31	Totales OQ	0	0	0	0	0	0	1	0	5	0	0	0	0	0	0	0	0	0	6
31	OUC2MI		0	0		2		0		2		0								4
31	OUC2TA		1	1		1		1		1		0								5
31	Totales OU	0	1	1	0	3	0	1	0	3	0	0	0	0	0	0	0	0	0	9
31	ZY97NE		0	0		0		0		0		1								1
31	Totales ZY	0	0	0	0	0	0	0	0	0	0	1	0	0	0	0	0	0	0	1
31	O201HF														1	1	0	0		2
31	O202MI														1	0	0	0		1
31	O202RO														1	1	1	0		3
31	O203NE														1	1	1	0		3
31	Totales O2	0	0	0	0	0	0	0	0	0	0	0	0	0	4	3	2	0	0	9
31	O421A*														1	0	0	0		1
31	O421C*														1	1	0	0		2
31	O422N*														1	1	0	0		2
31	O422R*														1	1	0	0		2
31	O451AZ														1	1	0	0		2
31	O451TA														1	0	0	0		1
31	O452CF														1	1	0	0		2
31	O452NE														0	1	0	0		1
31	Totales O4	0	0	0	0	0	0	0	0	0	0	0	0	0	7	6	0	0	0	13
31	OA09BG														0	0	1	0		1
31	OA09NE														0	1	0	0		1
31	OA11NE														0	0	0	1		1
31	OA14RO														2	0	0	0		2
31	OA30BR														1	1	1	0		3
31	OA31GR														1	0	1	0		2
31	OA31RO														0	0	1	0		1
31	OA32VE														1	2	1	0		4
31	OA46NE														1	0	0	0		1
31	OA46WI														1	1	0	0		2
31	OA58NE														0	1	0	0		1
31	OA61AS														1	0	1	0		2
31	OA61AZ														1	0	1	0		2
31	OA62BG														1	0	1	0		2
31	OA62NE														1	0	1	0		2
31	OA63AZ														1	1	1	0		3
31	OA63RO														1	1	1	0		3
31	OA75CF														1	0	0	0		1
31	Totales OA	0	0	0	0	0	0	0	0	0	0	0	0	0	14	8	11	1	0	34
31	OD04MI														0	0	0	1		1
31	OD05MI														0	0	0	1		1
31	OD05NE														0	1	0	0		1
31	OD06BG														0	1	1	1		3
31	OD09NE														0	1	1	1		3
31	OD09RO														0	1	1	0		2
31	OD10LU														0	1	1	1		3
31	OD10NE														0	2	1	0		3
31	Totales OD	0	0	0	0	0	0	0	0	0	0	0	0	0	0	7	5	5	0	17
31	OP38MI														1	2	0	0		3
31	OP96UV														1	0	0	0		1
31	Totales OP	0	0	0	0	0	0	0	0	0	0	0	0	0	2	2	0	0	0	4
31	OQ01NE														0	0	1	0		1
31	OQ01RO														1	0	0	0		1
31	OQ05CF														0	2	3	0		5
31	OQ05HF														1	1	0	0		2
31	Totales OQ	0	0	0	0	0	0	0	0	0	0	0	0	0	2	3	4	0	0	9
31	OV02CN														1	2	1	0		4
31	OV02NE														0	1	0	0		1
31	Totales OV	0	0	0	0	0	0	0	0	0	0	0	0	0	1	3	1	0	0	5
31	ZI47HF														3	2	0	0		5
31	Total	374	1	80	557	469	388	494	375	210	101	73	15	0	33	34	23	6	0	3233
13	0D18JL					0	0	0	1	1	1	0	0	0					0	3
13	0D58RC					0	0	1	1	1	1	0	0	0					0	4
13	0D70EB					0	0	1	1	1	1	0	0	0					0	4
13	0D70N8					0	0	1	1	0	1	0	0	0					0	3
13	Totales 0D	0	0	0	0	0	0	3	4	3	4	0	0	0	0	0	0	0	0	14
13	0X16XM					0	0	0	2	1	3	1	1	0						8
13	0X16XN					0	0	0	0	0	1	0	0	0						1
13	0X65XM					0	0	0	0	1	0	1	1	0						3
13	0X86XL					0	0	0	1	0	0	1	0	0						2
13	0X98XM					0	0	0	0	0	2	0	1	0						3
13	Totales 0X	0	0	0	0	0	0	0	3	2	6	3	3	0	0	0	0	0	0	17
13	3B02TN					0	0	0	0	0	0	1	0	0						1
13	3B15XJ					0	0	0	1	1	0	1	0	0						3
13	3B15XN					0	0	1	1	1	1	1	1	0						6
13	3B26TL					0	0	0	1	0	1	0	0	0						2
13	3B26TN					0	1	1	0	1	1	0	0	0						4
13	3B28TJ					0	0	1	1	0	1	0	0	0						3
13	3B49XC					0	0	0	0	0	0	0	1	0						1
13	3B49XN					0	0	0	1	0	0	0	0	0						1
13	3B95XN					0	0	0	1	1	1	0	0	0					0	3
13	Totales 3B	0	0	0	0	0	1	3	6	4	5	3	2	0	0	0	0	0	0	24
13	4H62XC					0	0	1	0	1	1	0	0	0					0	3
13	4H62XN					0	0	1	0	1	1	0	0	0					0	3
13	4H65XN					0	0	1	0	0	1	0	0	0					0	2
13	4H66XJ					0	0	1	1	1	0	1	0	0					0	4
13	4H72XM					0	0	1	1	1	1	0	0	0					0	4
13	4H72XN					0	0	1	1	1	1	0	0	0					0	4
13	4H77XN					0	0	0	1	1	1	0	0	0					0	3
13	4H96XN					0	0	1	1	0	1	0	0	0					0	3
13	4H97IA					0	0	1	1	1	1	0	0	0					0	4
13	4H97XN					0	0	1	1	1	0	0	0	0					0	3
13	4H98XJ					0	0	1	0	0	1	0	0	0					0	2
13	4H98XN					0	0	0	1	0	1	1	0	0					0	3
13	Totales 4H	0	0	0	0	0	0	10	8	8	10	2	0	0	0	0	0	0	0	38
13	6F03TJ					0	0	1	0	0	1	0	0	0						2
13	6F03TM					0	0	1	0	0	1	0	0	0						2
13	6F17TM					0	0	0	1	0	0	0	0	0						1
13	6F24TJ					0	0	1	1	1	1	0	0	0						4
13	6F24TN					0	0	0	1	1	1	0	0	0						3
13	6F34TJ					0	1	2	1	0	0	0	0	0					0	4
13	6F34TN					0	0	0	0	1	0	0	0	0					0	1
13	6F39TJ					0	0	1	1	0	0	0	0	0						2
13	6F39TN					0	0	1	1	1	1	0	0	0						4
13	6F50TJ					0	0	1	0	1	1	0	0	0					0	3
13	6F50TN					0	0	0	1	1	1	0	0	0						3
13	6F67TL					0	0	1	0	0	1	1	0	0						3
13	6F67TN					0	0	1	0	1	0	0	0	0						2
13	Totales 6F	0	0	0	0	0	1	10	7	7	8	1	0	0	0	0	0	0	0	34
13	7M41XM					0	0	0	2	0	1	1	0	0						4
13	7M41XN					0	0	0	0	0	0	1	0	0						1
13	7M57XN					0	0	0	0	1	0	1	0	0						2
13	Totales 7M	0	0	0	0	0	0	0	2	1	1	3	0	0	0	0	0	0	0	7
13	8D25C8					0	0	0	0	0	1	1	0	0						2
13	Totales 8D	0	0	0	0	0	0	0	0	0	1	1	0	0	0	0	0	0	0	2
13	9H16XM					0	0	0	1	0	1	0	0	0						2
13	9H65XC					0	0	0	0	0	0	1	0	0						1
13	9H83XJ					0	0	0	0	0	1	0	0	0						1
13	9H89XJ					0	0	0	2	1	0	0	1	0						4
13	9H89XN					0	0	0	0	0	0	1	0	0						1
13	9H98XN					0	0	1	0	0	0	0	0	0						1
13	Totales 9H	0	0	0	0	0	0	1	3	1	2	2	1	0	0	0	0	0	0	10
13	BH40XC					0	0	1	0	0	0	0	0	0					0	1
13	BH74XC					0	0	0	1	1	1	0	0	0					0	3
13	BH74XN					0	0	1	1	0	0	0	0	0					0	2
13	Totales BH	0	0	0	0	0	0	2	2	1	1	0	0	0	0	0	0	0	0	6
13	BJ30XL					0	0	0	0	6	0	0	0	0						6
13	BJ51XM					0	0	0	1	1	0	1	0	0						3
13	BJ51XN					0	0	1	0	1	1	1	0	0						4
13	BJ82XC					0	0	0	0	0	1	1	0	0					0	2
13	BJ82XM					0	0	1	1	0	1	0	0	0						3
13	BJ82XN					0	0	1	0	0	0	1	0	0						2
13	Totales BJ	0	0	0	0	0	0	3	2	8	3	4	0	0	0	0	0	0	0	20
13	M412J7					0	0	1	1	1	1	0	0	0					0	4
13	Totales M4	0	0	0	0	0	0	1	1	1	1	0	0	0	0	0	0	0	0	4
13	OU70CF					0	0	0	1	1	1	0	0	0					0	3
13	OU71NE					0	0	1	1	2	1	0	0	0					0	5
13	OU72TA					0	0	1	0	1	1	0	0	0					0	3
13	Totales OU	0	0	0	0	0	0	2	2	4	3	0	0	0	0	0	0	0	0	11
13	R033XO					0	0	0	0	1	0	0	0	0						1
13	Totales R0	0	0	0	0	0	0	0	0	1	0	0	0	0	0	0	0	0	0	1
13	R606XO					0	0	0	0	0	0	1	0	0						1
13	R622OR					0	0	1	1	2	1	1	0	0						6
13	R622XO					0	0	0	0	2	0	0	0	0						2
13	R631XN					0	0	0	0	0	0	2	0	0						2
13	R631XO					0	0	0	1	0	0	0	0	0						1
13	R638XM					0	0	0	2	2	0	0	0	0						4
13	R638XO					0	0	0	0	1	0	1	0	0						2
13	R645XO					0	0	0	0	0	2	1	0	0						3
13	R670XM					0	0	1	0	0	0	0	0	0						1
13	Totales R6	0	0	0	0	0	0	2	4	7	3	6	0	0	0	0	0	0	0	22
13	R765XN					0	0	0	1	1	0	0	0	0						2
13	R765XO					0	0	1	0	0	1	0	0	0						2
13	R766XO					0	0	0	1	0	1	0	0	0						2
13	R767XM					0	0	1	0	2	0	0	0	0						3
13	R767XO					0	0	1	0	1	0	0	0	0						2
13	Totales R7	0	0	0	0	0	0	3	2	4	2	0	0	0	0	0	0	0	0	11
13	Z355XC					0	0	1	1	1	1	0	1	0					0	5
13	Z355XN					0	0	1	1	0	1	0	0	0					0	3
13	Z356XC					0	0	1	0	1	1	0	0	0					0	3
13	Z356XN					0	0	1	1	1	1	0	0	0					0	4
13	Totales Z3	0	0	0	0	0	0	4	3	3	4	0	1	0	0	0	0	0	0	15
13	Z630XO					0	1	1	1	1	0	0	0	0						4
13	Totales Z6	0	0	0	0	0	1	1	1	1	0	0	0	0	0	0	0	0	0	4
13	Z801MI					0	0	0	1	0	0	0	0	0						1
13	Totales Z8	0	0	0	0	0	0	0	1	0	0	0	0	0	0	0	0	0	0	1
13	Z902NE					0	0	1	3	1	1	0	0	0						6
13	Z903HF					0	0	0	0	2	0	0	0	0						2
13	Z903NE					0	0	0	0	0	0	1	1	0						2
13	Z904NE					0	0	0	0	0	2	0	0	0						2
13	Z904XO					0	0	0	0	1	1	0	0	0						2
13	Z905CF					0	1	2	5	3	3	1	0	0						15
13	Z905NE					0	0	0	0	1	0	1	0	0						2
13	Totales Z9	0	0	0	0	0	1	3	8	8	7	3	1	0	0	0	0	0	0	31
13	ZN66CQ					0	0	0	1	0	0	0	0	0						1
13	ZN67MI					0	0	1	1	1	0	0	0	0						3
13	ZN68CA					0	0	0	1	0	0	0	0	0						1
13	ZN81NE					0	0	0	0	0	0	2	1	0						3
13	ZN85NE					0	0	1	0	0	1	0	0	0						2
13	ZN92MA					0	0	1	0	2	1	0	0	0					0	4
13	ZN92NE					0	0	1	1	0	0	0	0	0					0	2
13	Totales ZN	0	0	0	0	0	0	4	4	3	2	2	1	0	0	0	0	0	0	16
13	ZO02XN					0	0	1	1	0	0	1	0	0						3
13	ZO20XN					0	0	0	0	1	1	1	0	0						3
13	ZO70XN					0	0	1	1	0	0	0	0	0						2
13	ZO72XN					0	0	0	0	0	0	1	0	0						1
13	ZO72XO					0	0	0	0	0	2	0	0	0						2
13	Totales ZO	0	0	0	0	0	0	2	2	1	3	3	0	0	0	0	0	0	0	11
13	ZR51MA					0	0	0	1	0	0	0	0	0					0	1
13	ZR52GR					0	0	1	0	0	1	1	0	0					0	3
13	ZR53DO					0	0	0	0	0	1	0	0	0					0	1
13	ZR53XO					0	0	1	0	0	1	0	0	0					0	2
13	ZR54AZ					0	0	1	1	0	0	0	0	0					0	2
13	ZR54CF					0	0	1	0	0	1	0	0	0					0	2
13	ZR56CF					0	0	0	1	1	1	0	0	0					0	3
13	ZR58MI					0	0	1	0	1	1	0	0	0					0	3
13	Totales ZR	0	0	0	0	0	0	5	3	2	6	1	0	0	0	0	0	0	0	17
13	A703NA			0	0	1	0	1	0	0										2
13	A703NV			0	1	1	0	0	0	0										2
13	A714MD			0	1	1	1	0	1	0										4
13	A714RN			0	1	1	0	1	0	0										3
13	A71AN*			0	1	0	1	1	0	0										3
13	A71ANL			0	3	0	0	0	0	0										3
13	A71AV*			0	1	0	0	0	1	0										2
13	A738NL			0	1	1	1	0	0	0										3
13	A75PV7			0	1	1	0	1	0	0										3
13	Totales A7	0	0	0	10	6	3	4	2	0	0	0	0	0	0	0	0	0	0	25
13	A901RC			1	0	0	0	0	0	0										1
13	A901RN			2	0	0	0	0	0	0										2
13	Totales A9	0	0	3	0	0	0	0	0	0	0	0	0	0	0	0	0	0	0	3
13	B14DEC			0	1	0	0	0	0	0										1
13	B167RT			1	0	0	0	0	0	0										1
13	B195ET			1	0	0	0	0	0	0										1
13	Totales B1	0	0	2	1	0	0	0	0	0	0	0	0	0	0	0	0	0	0	3
13	BY35RM			0	1	1	1	1	0	0										4
13	BY35RN			0	1	1	1	1	0	0										4
13	BY39RM			0	1	1	1	1	1	0										5
13	BY42RN			0	3	0	0	0	0	0										3
13	BY50MN			0	1	1	0	0	1	0										3
13	BY50NX			0	1	1	1	1	0	0										4
13	BY68RN			0	1	0	0	0	0	0										1
13	BY68XN			0	2	1	0	0	0	0										3
13	Totales BY	0	0	0	11	6	4	4	2	0	0	0	0	0	0	0	0	0	0	27
13	CG0AMB			0	1	0	0	1	0	0										2
13	CG0ARN			0	1	0	0	1	0	0										2
13	CG26EL			0	1	0	0	0	0	0										1
13	CG26RN			0	1	1	0	0	0	0										2
13	CG28LA			0	1	2	1	2	0	0										6
13	CG28RC			0	1	0	0	0	0	0										1
13	CG28RN			0	1	1	1	1	0	0										4
13	CG31N2			0	1	1	0	0	0	0										2
13	CG31O2			0	0	0	0	1	0	0										1
13	CG58SN			0	1	1	1	0	0	0										3
13	CG58SR			0	1	1	1	1	1	0										5
13	CG71RM			0	1	0	0	0	0	0										1
13	CG9XIP			0	1	1	1	1	1	0										5
13	CG9XRC			0	1	1	0	1	0	0										3
13	CG9XRN			0	1	2	1	0	0	0										4
13	Totales CG	0	0	0	14	11	6	9	2	0	0	0	0	0	0	0	0	0	0	42
13	DZ15RC			0	0	0	0	1	0	0										1
13	DZ15RN			0	1	0	0	2	1	0										4
13	DZ59MB			0	1	0	0	2	0	0										3
13	DZ59RN			0	1	0	0	0	1	0										2
13	DZ85RN			1	1	0	0	0	0	0										2
13	Totales DZ	0	0	1	4	0	0	5	2	0	0	0	0	0	0	0	0	0	0	12
13	EO44IA			0	1	1	1	1	0	0										4
13	EO44RN			0	2	0	1	1	0	0										4
13	EO46RN			0	1	1	1	1	0	0										4
13	EO46SR			0	1	0	1	1	0	1										4
13	EO73IA			0	2	1	2	0	1	0										6
13	EO73RN			0	1	1	0	1	0	0										3
13	Totales EO	0	0	0	8	4	6	5	1	1	0	0	0	0	0	0	0	0	0	25
13	EW1NRM			0	2	1	0	0	2	1										6
13	EW1PRM			0	0	0	0	1	1	1										3
13	EW1YQM			0	0	0	0	0	1	0										1
13	EW6MN9			0	0	0	0	0	2	0										2
13	Totales EW	0	0	0	2	1	0	1	6	2	0	0	0	0	0	0	0	0	0	12
13	FB3YRN			0	1	0	0	0	1	0										2
13	FB3YSR			0	3	0	0	0	1	0										4
13	FB4EN8			0	0	0	0	0	1	0										1
13	FB4XM5			0	1	1	0	0	0	0										2
13	FB4XN5			0	1	0	0	1	1	0										3
13	FB4XP1			0	1	1	2	1	1	0										6
13	FB4XVI			0	1	1	0	1	0	0										3
13	FB78MB			0	1	1	0	1	0	0										3
13	FB78RN			0	1	1	1	0	0	0										3
13	FB82IP			0	2	1	0	1	0	0										4
13	FB82OX			0	1	1	1	0	0	0										3
13	FB82X0			0	0	1	1	1	0	0										3
13	FB84OX			0	1	0	0	0	1	0										2
13	Totales FB	0	0	0	14	8	5	6	6	0	0	0	0	0	0	0	0	0	0	39
13	G714TO			0	1	1	2	1	1	0										6
13	G722CE			0	1	1	1	1	0	0										4
13	G722EY			0	1	1	2	0	1	0										5
13	G722MN			0	1	1	1	1	0	0										4
13	Totales G7	0	0	0	4	4	6	3	2	0	0	0	0	0	0	0	0	0	0	19
13	GA5MRM			0	1	0	0	0	0	0										1
13	GA5XIA			0	0	0	0	0	1	0										1
13	GA5XRC			1	0	0	0	0	0	2										3
13	Totales GA	0	0	1	1	0	0	0	1	2	0	0	0	0	0	0	0	0	0	5
13	GM00OX			0	0	2	0	0	2	0										4
13	GM18SG			0	1	2	1	1	2	0										7
13	GM18SN			0	0	1	3	0	0	0										4
13	Totales GM	0	0	0	1	5	4	1	4	0	0	0	0	0	0	0	0	0	0	15
13	HA62RM			0	0	1	0	0	0	0										1
13	HA62RN			0	2	0	0	0	2	0										4
13	Totales HA	0	0	0	2	1	0	0	2	0	0	0	0	0	0	0	0	0	0	5
13	HD0RHF			0	1	0	0	0	0	0										1
13	HD0RRN			0	1	0	0	0	1	0										2
13	HD2XM1			1	2	0	0	0	1	0										4
13	HD3PRN			1	1	0	0	0	0	0										2
13	HD6WHF			1	0	0	0	0	0	0										1
13	HD6WRC			0	0	0	0	0	2	1										3
13	HD6WRG			0	0	0	0	0	1	0										1
13	HD8PRN			0	1	0	0	0	0	0										1
13	Totales HD	0	0	3	6	0	0	0	5	1	0	0	0	0	0	0	0	0	0	15
13	IX19ND			0	2	2	0	1	1	0										6
13	IX25EL			0	1	1	1	1	0	0										4
13	IX25GR			0	0	0	0	1	0	0										1
13	IX5WNI			0	1	0	1	0	0	0										2
13	IX5WOX			0	1	0	0	0	0	0										1
13	IX5WRN			0	0	1	0	0	0	0										1
13	IX6ERM			0	0	0	0	1	0	0										1
13	IX7DCR			0	1	1	1	1	1	0										5
13	IX7DRN			0	0	1	0	0	0	0										1
13	Totales IX	0	0	0	6	6	3	5	2	0	0	0	0	0	0	0	0	0	0	22
13	JQ69IA			1	0	0	0	0	0	0										1
13	JQ69RM			0	1	0	0	0	0	0										1
13	JQ7BSR			1	1	0	0	0	1	1										4
13	Totales JQ	0	0	2	2	0	0	0	1	1	0	0	0	0	0	0	0	0	0	6
13	K236ET			0	0	0	0	0	1	0										1
13	Totales K2	0	0	0	0	0	0	0	1	0	0	0	0	0	0	0	0	0	0	1
13	KN04ET			0	0	0	1	0	0	0										1
13	KN6DRM			1	1	2	2	4	1	0										11
13	Totales KN	0	0	1	1	2	3	4	1	0	0	0	0	0	0	0	0	0	0	12
13	L59CLU			0	1	0	0	0	0	0										1
13	L59CRC			0	1	0	1	0	0	0										2
13	L59CRN			0	0	0	0	0	3	0										3
13	Totales L5	0	0	0	2	0	1	0	3	0	0	0	0	0	0	0	0	0	0	6
13	LP01*N			0	1	1	0	1	1	1										5
13	LP01CR			0	1	1	1	1	0	0										4
13	LP01D1			0	2	2	2	2	0	0										8
13	LP01DO			0	0	0	0	1	1	0										2
13	LP01RN			0	1	2	0	1	1	0										5
13	LP01T5			0	1	0	1	1	1	0										4
13	LP09CR			0	0	0	1	0	0	0										1
13	LP09M6			0	1	0	0	0	0	0										1
13	LP09N6			0	0	1	0	0	0	0										1
13	LP09VI			0	0	0	0	0	1	0										1
13	LP0CIA			0	1	1	1	1	0	0										4
13	LP0CRC			0	3	1	2	3	2	0										11
13	LP0CRN			0	1	1	1	0	0	0										3
13	LP0EA2			0	1	0	0	1	1	0										3
13	LP0EN2			0	1	1	0	1	1	0										4
13	LP0MCR			0	0	1	0	0	0	0										1
13	LP0MRN			0	1	1	1	1	1	0										5
13	LP0WEB			0	1	1	1	0	0	0										3
13	LP1CBR			0	1	1	0	0	0	0										2
13	LP1CRN			0	1	0	1	0	0	0										2
13	LP1DR1			0	1	1	0	1	1	0										4
13	LP1MRN			0	1	0	0	0	0	0										1
13	LP1NIA			0	0	0	0	0	1	0										1
13	LP1NRN			0	1	0	1	1	1	0										4
13	LP1NSR			0	1	1	0	0	1	0										3
13	LP29PL			0	0	1	0	0	0	0										1
13	LP29RN			0	1	0	1	0	0	0										2
13	LP29SN			0	2	0	1	0	0	0										3
13	LP3PRN			0	1	1	0	1	0	0										3
13	LP62RN			0	1	0	1	1	0	0										3
13	LP6WRC			0	0	1	1	1	0	0										3
13	LP6WRN			0	1	1	0	0	0	0										2
13	LP71OX			0	1	1	1	1	1	0										5
13	LP71PL			0	1	0	0	1	0	0										2
13	LP74RC			0	0	1	0	1	0	0										2
13	LP74RN			0	1	1	0	0	1	0										3
13	LP8PRM			0	1	0	0	1	0	0										2
13	LP8PRN			0	1	0	0	0	0	0										1
13	Totales LP	0	0	0	33	24	18	23	16	1	0	0	0	0	0	0	0	0	0	115
13	MC77RC			1	0	0	0	0	3	1										5
13	MC8CRN			1	1	0	0	1	2	0										5
13	MC8CSR			1	0	0	0	0	1	0										2
13	Totales MC	0	0	3	1	0	0	1	6	1	0	0	0	0	0	0	0	0	0	12
13	NU3MM8			0	1	1	1	0	0	0										3
13	NU3MN8			0	0	1	1	1	1	0										4
13	Totales NU	0	0	0	1	2	2	1	1	0	0	0	0	0	0	0	0	0	0	7
13	P62DRM			0	0	0	0	0	1	0										1
13	P62DRN			0	1	1	0	0	1	1										4
13	P644RC			0	1	0	0	0	1	0										2
13	P644RN			0	1	0	0	0	0	1										2
13	P646RM			0	0	1	1	0	0	0										2
13	P65DAA			0	0	0	0	1	1	0										2
13	P663RC			0	2	0	0	0	2	0										4
13	P66NGR			0	0	1	0	0	0	0										1
13	P679RC			0	1	1	1	1	0	0										4
13	P679RN			0	0	1	1	1	0	0										3
13	P686IA			0	0	0	0	1	1	0										2
13	P686RM			0	1	1	1	0	0	0										3
13	P686RN			0	0	0	0	0	1	0										1
13	P686SR			2	1	0	0	0	1	1										5
13	P68XRG			0	1	0	0	0	1	0										2
13	Totales P6	0	0	2	9	6	4	4	10	3	0	0	0	0	0	0	0	0	0	38
13	QR1PCD			0	1	0	0	0	0	0										1
13	QR1PNI			0	1	1	1	1	1	0										5
13	QR2PRC			0	1	1	1	1	1	0										5
13	QR2PRN			0	1	1	0	0	0	0										2
13	QR2WIA			0	0	1	1	0	0	0										2
13	QR2WRN			0	1	0	1	1	1	0										4
13	QR3RN3			0	1	1	0	1	0	0										3
13	Totales QR	0	0	0	6	5	4	4	3	0	0	0	0	0	0	0	0	0	0	22
13	R214XO			0	0	1	1	1	0	0										3
13	Totales R2	0	0	0	0	1	1	1	0	0	0	0	0	0	0	0	0	0	0	3
13	R323NE			0	0	0	0	1	1	0										2
13	R323XO			0	0	1	0	2	1	0										4
13	Totales R3	0	0	0	0	1	0	3	2	0	0	0	0	0	0	0	0	0	0	6
13	R480RO			0	0	0	0	1	0	0										1
13	Totales R4	0	0	0	0	0	0	1	0	0	0	0	0	0	0	0	0	0	0	1
13	RA03NE			0	1	1	0	1	0	0										3
13	RA03RM			0	1	1	1	1	1	0										5
13	RA05NR			0	1	1	0	1	0	1										4
13	RA05RM			1	1	0	0	0	0	0										2
13	RA06XO			0	1	0	0	0	0	0										1
13	RA07NE			0	0	0	0	1	0	0										1
13	RA07RO			1	1	1	1	2	1	0										7
13	RA07XO			0	1	1	2	1	1	0										6
13	RA15NE			0	1	1	0	1	0	0										3
13	RA15XO			0	1	1	1	1	0	0										4
13	RA21GR			0	1	1	1	1	1	0										5
13	RA21RO			0	1	1	0	1	0	0										3
13	RA47BR			0	0	0	1	1	0	0										2
13	RA47XO			0	1	1	0	1	0	0										3
13	RA76NE			0	0	0	0	1	0	0										1
13	RA76XO			0	1	0	0	0	0	0										1
13	RA90XM			0	1	0	1	1	0	0										3
13	RA90XO			0	1	1	0	1	1	0										4
13	RA91NE			1	1	0	0	0	0	0										2
13	RA91RO			0	1	0	0	0	0	0										1
13	RA91XO			0	2	0	1	1	1	0										5
13	RA95NE			0	1	1	1	0	0	0										3
13	RA95RO			0	1	2	1	1	0	0										5
13	RA95XO			0	1	2	0	0	1	0										4
13	RA96NE			0	0	1	1	0	0	0										2
13	RA96RO			0	0	2	0	1	0	0										3
13	RA96XO			0	0	1	1	0	1	0										3
13	RA98MI			0	0	1	1	1	0	0										3
13	RA98NE			0	0	1	0	1	1	0										3
13	RA98RO			0	1	1	1	1	1	0										5
13	RA98XO			0	0	2	0	1	0	0										3
13	Totales RA	0	0	3	23	25	15	23	10	1	0	0	0	0	0	0	0	0	0	100
13	RB40NE			0	0	0	0	0	1	0										1
13	RB40XO			0	1	0	1	1	2	0										5
13	RB44AZ			0	0	0	0	0	1	0										1
13	RB44XO			0	0	0	0	1	0	1										2
13	RB45AN			0	0	0	1	1	1	0										3
13	RB45SN			0	1	1	1	0	1	0										4
13	Totales RB	0	0	0	2	1	3	3	6	1	0	0	0	0	0	0	0	0	0	16
13	RC30MA			0	1	1	1	0	0	0										3
13	RC30NE			0	1	0	3	1	1	0										6
13	RC30RO			0	2	0	1	1	1	0										5
13	RC35AZ			0	1	1	1	0	1	0										4
13	RC35NE			0	1	2	1	0	1	0										5
13	RC35RO			0	1	0	0	0	0	0										1
13	Totales RC	0	0	0	7	4	7	2	4	0	0	0	0	0	0	0	0	0	0	24
13	RD68NE			0	0	1	0	1	0	0										2
13	RD68XO			0	1	1	1	0	0	0										3
13	Totales RD	0	0	0	1	2	1	1	0	0	0	0	0	0	0	0	0	0	0	5
13	RG59CF			0	0	0	0	1	0	0										1
13	RG59MI			0	0	1	1	1	0	0										3
13	RG59NE			0	1	1	0	1	0	0										3
13	RG67NE			0	1	1	1	1	0	0										4
13	RG70AZ			0	1	1	1	1	1	0										5
13	RG70LU			0	0	1	1	1	1	0										4
13	RG88NE			0	1	1	1	1	0	0										4
13	RG88RO			0	1	1	1	1	1	0										5
13	Totales RG	0	0	0	5	7	6	8	3	0	0	0	0	0	0	0	0	0	0	29
13	RS00CR			0	1	1	1	0	0	0										3
13	RS00RN			0	1	1	2	2	2	0										8
13	RS06MB			0	0	1	1	0	0	0										2
13	RS06RN			0	1	0	1	0	0	0										2
13	RS0BRN			0	2	0	0	0	0	0										2
13	RS0X*C			0	2	0	2	1	1	1										7
13	RS0XIA			0	1	1	1	1	1	0										5
13	RS0XRF			0	1	0	0	0	0	0										1
13	RS0XRN			0	0	1	2	1	0	0										4
13	RS13DO			0	2	0	0	2	2	1										7
13	RS13OX			0	0	0	0	1	0	0										1
13	RS16RN			1	1	0	0	0	0	0										2
13	RS16SR			1	0	0	0	0	0	0										1
13	RS17AA			0	1	0	0	0	0	1										2
13	RS17RN			0	1	1	1	2	0	0										5
13	RS27RC			0	1	0	1	0	0	0										2
13	RS27RN			0	1	1	1	0	0	0										3
13	RS2WRN			0	0	0	0	0	1	0										1
13	RS37M3			0	0	0	1	1	1	0										3
13	RS37N3			0	1	0	1	1	1	0										4
13	RS3BBG			0	0	0	0	0	1	0										1
13	RS3BG1			0	2	0	0	0	2	0										4
13	RS3BN1			0	1	1	2	1	0	0										5
13	RS3NRN			0	0	0	0	0	1	0										1
13	RS3WRN			0	0	1	1	0	1	0										3
13	RS48BR			0	0	0	0	0	1	0										1
13	RS48DO			0	0	2	1	1	1	0										5
13	RS48MB			0	0	1	0	1	0	0										2
13	RS48RN			0	1	1	0	1	1	0										4
13	RS49C1			0	1	1	0	1	0	0										3
13	RS49OX			0	1	0	0	0	2	1										4
13	RS4NML			0	2	1	2	1	1	0										7
13	RS4NRN			0	1	1	2	1	0	0										5
13	RS4NSR			0	1	1	0	1	1	0										4
13	RS57RT			0	0	1	1	0	0	0										2
13	RS57SR			0	0	1	0	1	1	0										3
13	RS5BB2			0	1	0	0	0	0	0										1
13	RS5BM4			0	1	1	0	1	0	0										3
13	RS5BMB			0	0	0	0	1	1	0										2
13	RS5BN1			0	0	1	1	1	0	0										3
13	RS5BRM			0	0	0	0	1	0	0										1
13	RS5BRN			0	0	0	1	0	0	0										1
13	RS61L1			0	0	1	1	1	1	0										4
13	RS61M1			0	1	0	0	1	0	0										2
13	RS61ML			0	0	0	0	0	1	0										1
13	RS61N1			0	1	1	1	1	0	0										4
13	RS61RN			0	0	0	0	0	1	0										1
13	RS64OX			0	1	1	2	1	1	0										6
13	RS64RN			0	1	1	1	0	1	0										4
13	RS64SR			0	0	0	0	0	1	1										2
13	RS72PL			0	1	0	1	0	0	0										2
13	RS72RN			0	1	1	0	1	1	0										4
13	RS87B8			0	1	0	0	1	2	0										4
13	RS87BG			0	1	0	1	1	1	1										5
13	RS87LA			0	1	0	0	1	0	0										2
13	RS87N8			0	0	0	0	0	1	0										1
13	RS87RN			0	1	1	1	1	1	0										5
13	RS9YMB			0	2	1	0	1	0	0										4
13	RS9YRN			0	1	1	2	1	1	0										6
13	RS9YSR			0	1	1	1	2	0	0										5
13	Totales RS	0	0	2	43	30	37	38	36	6	0	0	0	0	0	0	0	0	0	192
13	SV3RCM			0	1	1	2	2	0	0										6
13	SV65RN			0	0	0	0	0	1	0										1
13	SV9BRM			0	0	0	0	1	1	0										2
13	SV9BRN			0	1	0	0	0	3	1										5
13	Totales SV	0	0	0	2	1	2	3	5	1	0	0	0	0	0	0	0	0	0	14
13	T52BRM			0	0	0	0	1	0	0										1
13	T52BRN			0	1	1	0	1	1	0										4
13	T589RC			0	1	1	0	1	1	0										4
13	T589RM			0	1	0	0	0	0	0										1
13	T589RN			0	0	0	0	0	1	0										1
13	Totales T5	0	0	0	3	2	0	3	3	0	0	0	0	0	0	0	0	0	0	11
13	UH3EEL			0	0	0	0	1	1	0										2
13	UH47M8			0	0	0	0	0	1	0										1
13	UH6NR5			0	0	0	0	2	1	0										3
13	UH6NRC			0	0	0	0	2	0	0										2
13	UH79RC			0	2	0	0	2	2	0										6
13	UH7ERM			0	1	0	0	2	1	0										4
13	UH93RN			0	0	0	0	2	0	0										2
13	UH9MRN			0	0	0	0	0	1	1										2
13	Totales UH	0	0	0	3	0	0	11	7	1	0	0	0	0	0	0	0	0	0	22
13	UN2XLA			0	1	1	1	2	1	0										6
13	UN2XRN			0	0	1	1	1	0	0										3
13	UN4BG2			0	1	1	0	1	1	0										4
13	UN6DC2			0	1	0	1	0	1	0										3
13	UN6DN3			0	1	1	1	1	0	0										4
13	Totales UN	0	0	0	4	4	4	5	3	0	0	0	0	0	0	0	0	0	0	20
13	VT0DRM			0	0	0	0	0	2	0										2
13	VT0DRN			0	0	0	0	0	2	0										2
13	VT1BIA			0	0	0	1	0	1	0										2
13	VT1BMB			0	1	0	0	1	1	0										3
13	VT1BRN			0	1	1	2	0	1	0										5
13	VT4ARM			0	1	1	1	0	0	0										3
13	VT4ARN			0	1	0	1	1	0	0										3
13	VT4ASR			0	1	0	0	0	0	0										1
13	VT6AIA			0	2	1	0	0	0	0										3
13	VT6ARM			0	1	0	0	0	1	0										2
13	VT6ARN			0	1	1	1	0	0	0										3
13	VT6PMB			0	0	0	0	3	0	0										3
13	VT6PRN			0	1	0	0	0	0	0										1
13	VT6XRN			0	0	1	0	0	0	0										1
13	VT7R05			0	1	0	0	1	0	0										2
13	VT7RN3			0	0	1	0	1	1	0										3
13	VT8EMB			0	0	0	0	1	0	1										2
13	VT8EOX			0	1	1	1	1	0	0										4
13	VT8ERN			1	1	1	1	1	0	0										5
13	VT8ESR			0	2	1	1	1	0	0										5
13	VT94BR			0	1	0	1	1	1	0										4
13	VT94RC			0	1	1	1	1	1	0										5
13	VT94RN			0	1	1	1	1	1	0										5
13	VT97A9			0	1	0	0	0	1	0										2
13	VT97BG			0	1	0	0	1	0	0										2
13	Totales VT	0	0	1	20	11	12	15	13	1	0	0	0	0	0	0	0	0	0	73
13	WD8CRM			0	1	1	1	1	0	0										4
13	WD8CRN			0	1	1	0	1	0	0										3
13	Totales WD	0	0	0	2	2	1	2	0	0	0	0	0	0	0	0	0	0	0	7
13	WI08OX			0	0	0	0	0	1	0										1
13	WI99BK			0	1	2	1	0	2	0										6
13	WI99N7			2	0	1	0	0	0	0										3
13	Totales WI	0	0	2	1	3	1	0	3	0	0	0	0	0	0	0	0	0	0	10
13	X302**			0	0	0	0	0	1	0										1
13	X302BR			0	1	0	0	0	0	0										1
13	X302RN			0	1	0	1	0	1	0										3
13	X302RS			0	0	0	0	1	0	0										1
13	X302VE			1	0	0	0	0	0	0										1
13	X32RG5			0	2	0	0	1	1	0										4
13	X32RM5			0	1	2	1	0	1	0										5
13	X32RR5			0	0	0	1	0	2	0										3
13	X32RT6			0	0	1	0	1	1	0										3
13	X332AZ			0	1	1	1	1	1	0										5
13	X332CD			0	1	0	1	0	0	0										2
13	X332MD			0	0	0	1	1	0	0										2
13	X332NG			0	1	0	1	1	1	0										4
13	X343CU			0	1	0	0	0	1	0										2
13	X343RN			0	0	1	0	0	1	0										2
13	X355BL			0	0	0	0	1	0	0										1
13	X355CR			0	0	1	1	0	0	0										2
13	X355RN			0	1	1	2	0	1	0										5
13	X355SR			0	1	0	0	1	1	0										3
13	X355VM			0	1	0	0	0	0	0										1
13	X360BG			1	0	0	0	0	2	0										3
13	X360RG			0	1	0	0	0	0	0										1
13	X36Y*F			0	1	0	0	1	0	1										3
13	X36YR1			0	1	1	0	1	1	0										4
13	X376A5			0	1	0	0	0	0	1										2
13	X376N3			0	1	1	1	0	0	0										3
13	X37CM8			0	2	0	0	3	0	0										5
13	Totales X3	0	0	2	19	9	11	13	16	2	0	0	0	0	0	0	0	0	0	72
13	YD1DRM			0	2	1	0	2	0	0										5
13	YD40RM			0	3	1	0	0	1	0										5
13	YD91AB			0	3	0	0	1	0	0										4
13	YD91RC			0	1	0	0	1	0	0										2
13	YD9EEC			1	1	3	0	4	0	0										9
13	YD9ERM			1	0	0	0	1	0	0										2
13	Totales YD	0	0	2	10	5	0	9	1	0	0	0	0	0	0	0	0	0	0	27
13	YK0PR1			0	1	0	0	0	0	0										1
13	YK1CVM			0	1	0	0	0	1	0										2
13	YK2YRN			0	0	2	0	0	0	0										2
13	YK361T			1	0	0	0	0	0	0										1
13	YK36G1			0	1	1	0	0	1	0										3
13	YK38RM			1	2	0	0	0	0	0										3
13	YK38RN			0	1	0	0	0	0	0										1
13	YK4RRN			0	1	0	0	0	1	0										2
13	YK4RRT			1	0	0	0	0	1	0										2
13	YK6BMB			0	1	1	0	0	1	0										3
13	YK6BN1			0	3	0	0	0	0	0										3
13	YK6BR1			0	1	0	0	0	1	0										2
13	Totales YK	0	0	3	12	4	0	0	6	0	0	0	0	0	0	0	0	0	0	25
13	Z113CF			0	1	0	0	0	0	0										1
13	Z113NE			0	0	1	1	0	0	0										2
13	Z150BG			0	1	1	1	1	0	0										4
13	Z151NE			0	1	0	0	1	0	0										2
13	Z151RO			0	1	1	0	0	1	0										3
13	Totales Z1	0	0	0	4	3	2	2	1	0	0	0	0	0	0	0	0	0	0	12
13	Z203NE			0	0	0	1	0	0	0										1
13	Z203XO			0	1	0	0	1	0	0										2
13	Z207MB			1	0	0	0	0	0	0										1
13	Z207RO			0	1	0	0	0	0	0										1
13	Z210MB			0	1	0	0	2	0	0										3
13	Z211MI			0	1	1	0	1	1	0										4
13	Z211NE			0	0	0	0	1	0	0										1
13	Z212NE			0	1	1	1	1	1	0										5
13	Z212XO			0	1	1	1	1	1	0										5
13	Z214RO			0	1	1	0	1	1	0										4
13	Totales Z2	0	0	1	7	4	3	8	4	0	0	0	0	0	0	0	0	0	0	27
13	Z451BR			0	0	0	1	1	0	0										2
13	Z451NE			0	0	2	1	1	0	0										4
13	Z452RO			0	1	0	1	1	0	0										3
13	Z453CF			0	1	2	0	1	0	0										4
13	Z454MA			0	0	0	0	1	1	0										2
13	Z455CF			0	0	1	1	1	0	0										3
13	Z456NE			0	1	0	0	0	1	0										2
13	Totales Z4	0	0	0	3	5	4	6	2	0	0	0	0	0	0	0	0	0	0	20
13	Z590AZ			0	1	0	0	1	2	0										4
13	Z590NE			0	1	0	1	0	1	0										3
13	Z591RO			0	0	0	0	0	1	0										1
13	Z592BR			0	1	0	1	0	0	0										2
13	Z592NE			0	0	1	1	1	0	0										3
13	Z594NE			0	1	0	0	0	0	0										1
13	Z595AZ			0	1	1	1	0	1	0										4
13	Z595CF			0	1	1	1	1	1	0										5
13	Totales Z5	0	0	0	6	3	5	3	6	0	0	0	0	0	0	0	0	0	0	23
13	Z618MI			1	2	2	1	2	2	1										11
13	Z618RO			0	2	2	1	2	2	1										10
13	Totales Z6	0	0	1	4	4	2	4	4	2	0	0	0	0	0	0	0	0	0	21
13	Z701CF			0	1	1	0	1	0	0										3
13	Z701GR			0	3	3	0	2	0	0										8
13	Z704DO			0	1	0	2	0	0	0										3
13	Z704NE			0	1	1	1	1	1	0										5
13	Z705BR			0	1	1	1	2	0	0										5
13	Z707MA			0	1	1	0	1	1	0										4
13	Z708BG			0	1	1	1	1	1	0										5
13	Z709DO			0	1	1	0	1	1	0										4
13	Z709NE			0	1	1	1	1	0	0										4
13	Totales Z7	0	0	0	11	10	6	10	4	0	0	0	0	0	0	0	0	0	0	41
13	ZA13BR			0	1	1	0	1	1	0										4
13	ZA14NE			0	0	0	0	1	0	0										1
13	ZA14TA			0	1	1	0	1	0	0										3
13	ZA15CF			0	1	0	0	1	0	0										2
13	ZA16HF			0	3	0	0	0	0	0										3
13	ZA16NE			0	0	0	0	1	0	0										1
13	ZA19BR			0	1	1	1	1	1	0										5
13	ZA19RO			0	0	3	2	1	0	0										6
13	ZA19WI			0	0	1	0	0	1	0										2
13	ZA25NE			0	1	0	0	0	1	0										2
13	ZA26NE			0	1	0	2	1	0	0										4
13	ZA26WI			0	0	0	0	0	1	1										2
13	ZA28AZ			0	1	1	0	1	1	0										4
13	ZA28OX			0	1	1	0	1	1	0										4
13	ZA29NE			0	0	0	0	0	0	1										1
13	ZA29RO			0	1	0	0	0	0	0										1
13	ZA30B*			0	1	1	1	1	0	0										4
13	ZA31CF			0	1	1	0	1	1	0										4
13	ZA33AZ			0	1	0	0	1	1	0										3
13	ZA78NE			0	0	1	0	0	0	0										1
13	ZA78WI			0	0	0	0	0	1	0										1
13	ZA79AZ			0	1	0	0	1	1	0										3
13	Totales ZA	0	0	0	16	12	6	14	11	2	0	0	0	0	0	0	0	0	0	61
13	ZB52VE			0	1	0	0	0	0	0										1
13	ZB55AZ			0	1	0	0	0	0	0										1
13	Totales ZB	0	0	0	2	0	0	0	0	0	0	0	0	0	0	0	0	0	0	2
13	ZCD1B*			0	1	1	1	1	0	0										4
13	ZCD1NE			0	1	0	0	0	0	0										1
13	ZCD2BR			0	1	0	1	0	0	0										2
13	ZCD2NE			0	0	1	0	1	0	0										2
13	ZCD3AZ			0	1	1	1	1	0	0										4
13	ZCD4BR			0	0	1	1	0	0	0										2
13	ZCD5XO			0	1	1	1	0	0	0										3
13	Totales ZC	0	0	0	5	5	5	3	0	0	0	0	0	0	0	0	0	0	0	18
13	ZD32NE			0	0	0	1	0	1	0										2
13	ZD32RO			0	0	1	2	1	1	1										6
13	ZD34MB			0	1	0	0	0	1	0										2
13	ZD34NE			0	0	0	0	0	1	1										2
13	ZD35NE			0	3	0	1	0	0	0										4
13	ZD35WI			0	0	0	0	1	0	0										1
13	ZD36MB			0	1	0	1	1	0	0										3
13	ZD36NE			0	1	0	0	1	0	0										2
13	ZD37NE			0	1	2	0	1	0	0										4
13	ZD38NE			0	0	1	0	1	1	0										3
13	ZD38RO			0	0	0	2	0	1	0										3
13	ZD39MB			0	1	1	1	1	1	0										5
13	ZD39NE			0	1	1	1	0	1	0										4
13	ZD40MA			0	1	1	1	1	1	0										5
13	ZD41CR			0	1	3	3	1	1	0										9
13	Totales ZD	0	0	0	11	10	13	9	10	2	0	0	0	0	0	0	0	0	0	55
13	ZF25MO			0	0	0	0	2	1	0										3
13	ZF26C*			0	1	0	0	0	0	0										1
13	ZF27MO			0	0	1	1	1	0	0										3
13	ZF34NE			0	1	1	1	1	1	0										5
13	ZF34XO			0	1	1	1	1	0	0										4
13	ZF35BR			0	0	1	1	1	0	0										3
13	ZF38B*			0	1	1	1	0	1	0										4
13	ZF39AZ			0	1	1	0	0	0	0										2
13	ZF39RO			0	1	1	0	1	1	0										4
13	ZF45OR			0	1	0	0	0	0	0										1
13	ZF46HF			0	1	1	1	1	0	0										4
13	ZF48BG			0	1	0	1	1	0	0										3
13	ZF49BR			0	1	1	0	1	1	0										4
13	ZF50C*			0	1	3	1	1	1	0										7
13	ZF50NE			0	1	1	2	1	1	0										6
13	ZF51OR			0	0	0	0	0	1	0										1
13	ZF55LU			0	0	1	0	0	0	1										2
13	ZF72NE			0	0	1	0	0	0	0										1
13	ZF72RO			0	1	0	1	1	0	0										3
13	Totales ZF	0	0	0	13	15	11	13	8	1	0	0	0	0	0	0	0	0	0	61
13	ZG23BG			0	0	0	0	1	0	0										1
13	ZG23NE			0	1	0	0	0	0	0										1
13	ZG25NE			0	0	0	0	1	0	0										1
13	ZG25OX			0	0	0	0	0	1	0										1
13	Totales ZG	0	0	0	1	0	0	2	1	0	0	0	0	0	0	0	0	0	0	4
13	ZH80LU			0	1	2	1	0	0	0										4
13	ZH83BR			0	1	2	1	1	0	0										5
13	ZH84MA			0	1	2	1	1	1	0										6
13	ZH84NE			0	1	2	2	1	0	0										6
13	ZH85DO			0	0	1	1	1	0	0										3
13	Totales ZH	0	0	0	4	9	6	4	1	0	0	0	0	0	0	0	0	0	0	24
13	ZJ01HR			0	1	0	0	0	0	0										1
13	ZJ01MB			0	0	1	0	1	0	0										2
13	ZJ01ML			0	1	0	0	0	0	0										1
13	ZJ01RN			0	1	2	1	1	0	0										5
13	ZJ02HR			1	0	0	0	1	0	0										2
13	ZJ02RN			0	0	0	0	1	1	0										2
13	ZJ07MB			0	2	0	0	0	0	0										2
13	ZJ08RO			0	1	0	0	1	1	0										3
13	ZJ09CF			0	1	1	1	1	0	0										4
13	ZJ10RN			0	1	0	0	0	0	0										1
13	ZJ13RN			0	0	1	0	1	1	0										3
13	ZJ15MI			0	1	1	0	0	0	0										2
13	ZJ15NE			0	1	0	0	1	0	0										2
13	ZJ16RN			0	0	0	0	1	0	0										1
13	ZJ18AZ			0	0	0	1	0	0	0										1
13	ZJ18CF			0	1	0	1	1	0	0										3
13	ZJ32BR			0	0	0	0	0	1	0										1
13	ZJ32DO			0	0	0	1	0	1	0										2
13	ZJ33VE			0	0	1	0	0	0	0										1
13	ZJ34CR			0	1	1	1	0	0	0										3
13	ZJ34NE			0	0	1	0	1	0	0										2
13	ZJ34RO			0	0	0	0	1	0	0										1
13	ZJ35MI			0	1	1	1	0	1	0										4
13	ZJ40BG			0	1	0	1	0	0	0										2
13	ZJ40BR			0	1	1	1	1	0	0										4
13	ZJ41DO			0	1	1	1	1	1	0										5
13	ZJ41NE			0	1	1	0	1	0	0										3
13	ZJ42RN			0	1	1	0	1	0	0										3
13	ZJ50PL			0	1	0	1	1	0	0										3
13	Totales ZJ	0	0	1	19	14	11	17	7	0	0	0	0	0	0	0	0	0	0	69
13	ZQ04BR			0	1	2	0	0	0	0										3
13	ZQ07TU			0	2	3	2	0	0	0										7
13	ZQ10BG			0	0	0	0	1	0	0										1
13	ZQ11NE			0	1	0	1	0	0	0										2
13	ZQ20RO			0	2	0	1	1	0	0										4
13	ZQ24DO			0	1	1	1	1	0	0										4
13	ZQ24RO			0	0	0	0	0	1	0										1
13	ZQ25BR			0	0	1	0	0	0	0										1
13	ZQ31C*			0	1	0	0	0	0	0										1
13	ZQ34RO			0	1	1	1	1	1	0										5
13	ZQ35CF			0	1	0	1	1	1	0										4
13	ZQ36DO			0	1	1	1	1	0	0										4
13	ZQ37RS			0	1	0	0	0	0	0										1
13	ZQ37VE			0	1	0	0	1	1	0										3
13	ZQ40NE			0	1	0	0	0	0	0										1
13	ZQ41CF			0	0	1	1	0	0	0										2
13	Totales ZQ	0	0	0	14	10	9	7	4	0	0	0	0	0	0	0	0	0	0	44
13	ZV52RS			0	1	0	0	0	0	0										1
13	ZV61NE			0	1	1	1	1	1	0										5
13	Totales ZV	0	0	0	2	1	1	1	1	0	0	0	0	0	0	0	0	0	0	6
13	ZWP1AZ			0	2	4	3	3	1	0										13
13	ZWP1MA			0	1	3	3	3	1	0										11
13	ZWP1NE			0	2	4	4	3	2	1										16
13	ZWP1RO			0	1	2	3	2	1	0										9
13	ZWP1VI			0	1	2	3	2	1	0										9
13	ZWP2BG			1	1	3	4	3	1	0										13
13	ZWP2GR			0	1	3	4	2	1	0										11
13	ZWP2MA			0	1	3	4	2	1	0										11
13	ZWP2NE			0	2	3	4	3	2	0										14
13	ZWP2RO			0	1	1	0	1	0	0										3
13	Totales ZW	0	0	1	13	28	32	24	11	1	0	0	0	0	0	0	0	0	0	110
13	ZX35NE			0	1	1	1	1	0	0										4
13	ZX36UV			0	1	1	1	0	0	0										3
13	ZX38BR			0	1	1	1	1	0	0										4
13	Totales ZX	0	0	0	3	3	3	2	0	0	0	0	0	0	0	0	0	0	0	11
13	ZY80RO			0	1	1	1	1	0	0										4
13	ZY81NE			0	1	0	1	1	0	0										3
13	ZY82MA			0	1	1	1	1	0	0										4
13	Totales ZY	0	0	0	3	2	3	3	0	0	0	0	0	0	0	0	0	0	0	11
13	CREMA**	30																		30
13	CREMACE	1																		1
13	CREMAES	1																		1
13	CREMALI	1																		1
13	CREMAMA	2																		2
13	CREMANE	5																		5
13	CREMARO	2																		2
13	CREMAUV	2																		2
13	CREMAXO	3																		3
13	Totales CR	47	0	0	0	0	0	0	0	0	0	0	0	0	0	0	0	0	0	47
13	O301NE	1																		1
13	O321HF	1																		1
13	O323HF	1																		1
13	O350NE	1																		1
13	O3B1RO	1																		1
13	O3B2AZ	1																		1
13	O3B3MI	1																		1
13	Totales O3	7	0	0	0	0	0	0	0	0	0	0	0	0	0	0	0	0	0	7
13	OC05CF	1																		1
13	OC05NE	1																		1
13	OC09BR	1																		1
13	OC09NE	1																		1
13	OC17NE	1																		1
13	OC50MB	1																		1
13	OC63BR	1																		1
13	OC68MI	1																		1
13	OC71MB	1																		1
13	OC76DO	1																		1
13	OC76NE	1																		1
13	OC97NE	1																		1
13	OC97RO	1																		1
13	Totales OC	13	0	0	0	0	0	0	0	0	0	0	0	0	0	0	0	0	0	13
13	ODC2BR	1																		1
13	Totales OD	1	0	0	0	0	0	0	0	0	0	0	0	0	0	0	0	0	0	1
13	OE22NE	1																		1
13	OE23WB	1																		1
13	OET2NE	1																		1
13	OET2WB	1																		1
13	Totales OE	4	0	0	0	0	0	0	0	0	0	0	0	0	0	0	0	0	0	4
13	OF17AS	1																		1
13	Totales OF	1	0	0	0	0	0	0	0	0	0	0	0	0	0	0	0	0	0	1
13	OG29NE	1																		1
13	Totales OG	1	0	0	0	0	0	0	0	0	0	0	0	0	0	0	0	0	0	1
13	OH13AL	2																		2
13	Totales OH	2	0	0	0	0	0	0	0	0	0	0	0	0	0	0	0	0	0	2
13	OK01RO	1																		1
13	OK02HF	1																		1
13	OK26NE	1																		1
13	OK2TCF	1																		1
13	OK35OR	1																		1
13	OK80CF	1																		1
13	OK80NE	1																		1
13	OK81CF	1																		1
13	OK81NE	1																		1
13	OKB1AL	1																		1
13	OKB1RS	1																		1
13	OKB2CF	1																		1
13	OKB2RO	1																		1
13	OKB3RO	1																		1
13	OKC1RS	1																		1
13	OKL2XO	1																		1
13	Totales OK	16	0	0	0	0	0	0	0	0	0	0	0	0	0	0	0	0	0	16
13	OL45CF	1																		1
13	OL45NE	1																		1
13	OL65CN	1																		1
13	OL65NE	1																		1
13	Totales OL	4	0	0	0	0	0	0	0	0	0	0	0	0	0	0	0	0	0	4
13	OM38CF	1																		1
13	OMB3XO	3																		3
13	OMB5XO	1																		1
13	OMC5FS	1																		1
13	OMC7XO	3																		3
13	OMM4VE	1																		1
13	Totales OM	10	0	0	0	0	0	0	0	0	0	0	0	0	0	0	0	0	0	10
13	ON23NE	1																		1
13	ON28BR	1																		1
13	ON28NE	1																		1
13	ON31MI	1																		1
13	ON31PL	1																		1
13	ON34CF	1																		1
13	ON34NE	1																		1
13	ON68HF	1																		1
13	Totales ON	8	0	0	0	0	0	0	0	0	0	0	0	0	0	0	0	0	0	8
13	OO26NE	1																		1
13	OO27CF	2																		2
13	OO27PL	2																		2
13	Totales OO	5	0	0	0	0	0	0	0	0	0	0	0	0	0	0	0	0	0	5
13	OP51MB	1																		1
13	OP51NE	1																		1
13	OP56NE	1																		1
13	OP58CF	1																		1
13	OP59MB	1																		1
13	OP59NE	1																		1
13	OP60NE	1																		1
13	OP61DO	1																		1
13	OP61NE	1																		1
13	Totales OP	9	0	0	0	0	0	0	0	0	0	0	0	0	0	0	0	0	0	9
13	OQ51B*	1																		1
13	OQ54N*	1																		1
13	OQ57RO	1																		1
13	OQ67NE	1																		1
13	OQ68NE	1																		1
13	OQB5NE	1																		1
13	OQC1RO	1																		1
13	OQC2R*	1																		1
13	OQT1RO	1																		1
13	Totales OQ	9	0	0	0	0	0	0	0	0	0	0	0	0	0	0	0	0	0	9
13	OS51NE	1																		1
13	Totales OS	1	0	0	0	0	0	0	0	0	0	0	0	0	0	0	0	0	0	1
13	OT24CF	1																		1
13	OT39NE	1																		1
13	OT42CF	2																		2
13	OT42NE	1																		1
13	OT46NE	1																		1
13	OT57AZ	1																		1
13	OT57MB	1																		1
13	OT58FS	1																		1
13	OT58MB	2																		2
13	OT61MB	1																		1
13	OT65HF	1																		1
13	OT66HF	1																		1
13	OT76BG	2																		2
13	OTC1CF	1																		1
13	OTC1VE	1																		1
13	OTC2HF	1																		1
13	OTC3MB	2																		2
13	OTC5RS	1																		1
13	OTC8HF	1																		1
13	OTL1CQ	1																		1
13	OTL1MB	1																		1
13	OTL1NE	1																		1
13	OTP0HF	2																		2
13	OTP0NE	2																		2
13	OTP2**	1																		1
13	OTP2MB	1																		1
13	OTP2NE	2																		2
13	OTP4MB	1																		1
13	OTP4NE	2																		2
13	OTP5NE	1																		1
13	OTP8**	3																		3
13	OTP9WB	1																		1
13	Totales OT	42	0	0	0	0	0	0	0	0	0	0	0	0	0	0	0	0	0	42
13	OU23CF	1																		1
13	OU23NE	1																		1
13	OU24NE	1																		1
13	OU55CF	1																		1
13	Totales OU	4	0	0	0	0	0	0	0	0	0	0	0	0	0	0	0	0	0	4
13	OV03CF	1																		1
13	OVB4C*	1																		1
13	OVB9NE	1																		1
13	OVC1NE	1																		1
13	OVC5C*	1																		1
13	OVC5NE	1																		1
13	Totales OV	6	0	0	0	0	0	0	0	0	0	0	0	0	0	0	0	0	0	6
13	OW29**	1																		1
13	OW96**	3																		3
13	OWES**	3																		3
13	Totales OW	7	0	0	0	0	0	0	0	0	0	0	0	0	0	0	0	0	0	7
13	OX12AZ	1																		1
13	OX13NE	1																		1
13	OX24MI	1																		1
13	OX24NE	1																		1
13	Totales OX	4	0	0	0	0	0	0	0	0	0	0	0	0	0	0	0	0	0	4
13	OY01NR	1																		1
13	OY18MB	1																		1
13	OY18VE	1																		1
13	OY19AZ	1																		1
13	OY97MI	1																		1
13	Totales OY	5	0	0	0	0	0	0	0	0	0	0	0	0	0	0	0	0	0	5
13	OZB1AZ	1																		1
13	OZB2TA	2																		2
13	OZC1CF	2																		2
13	OZC1GR	3																		3
13	OZC1RO	2																		2
13	OZC2NR	1																		1
13	OZC3MB	1																		1
13	OZC3NE	1																		1
13	OZC3RO	1																		1
13	OZM2BR	1																		1
13	OZM2GR	1																		1
13	OZP3NE	2																		2
13	OZP4NR	1																		1
13	OZP5TA	1																		1
13	Totales OZ	20	0	0	0	0	0	0	0	0	0	0	0	0	0	0	0	0	0	20
13	TARJETA	32																		32
13	Totales TA	32	0	0	0	0	0	0	0	0	0	0	0	0	0	0	0	0	0	32
13	ZI56CN	1																		1
13	ZI56HF	1																		1
13	ZI56NE	1																		1
13	Totales ZI	3	0	0	0	0	0	0	0	0	0	0	0	0	0	0	0	0	0	3
13	ZS79MI	1																		1
13	ZS89NR	2																		2
13	ZS90FS	2																		2
13	Totales ZS	5	0	0	0	0	0	0	0	0	0	0	0	0	0	0	0	0	0	5
13	ZT17BG	1																		1
13	ZT17BR	1																		1
13	ZT54NE	1																		1
13	ZT89AL	1																		1
13	ZT96AS	1																		1
13	ZTC1**	1																		1
13	ZTC1RC	1																		1
13	ZTC1RM	1																		1
13	Totales ZT	8	0	0	0	0	0	0	0	0	0	0	0	0	0	0	0	0	0	8
13	ZYF2NE	2																		2
13	ZYP1AL	1																		1
13	ZYP1HF	1																		1
13	ZYP1NE	3																		3
13	Totales ZY	7	0	0	0	0	0	0	0	0	0	0	0	0	0	0	0	0	0	7
13	O1C2MI		0	0		0		1		0		0								1
13	Totales O1	0	0	0	0	0	0	1	0	0	0	0	0	0	0	0	0	0	0	1
13	O401HF		0	0		0		0		1		0								1
13	O401TA		0	0		0		0		1		0								1
13	O402MI		0	0		1		0		1		0								2
13	O403HF		0	0		1		0		1		0								2
13	O403WI		0	0		1		0		1		0								2
13	O404HF		0	0		0		0		1		0								1
13	O404MI		0	0		1		0		1		0								2
13	O405CQ		0	0		0		0		1		0								1
13	O406UV		0	0		0		0		1		0								1
13	O407WI		0	0		0		0		1		0								1
13	O408NE		0	0		1		0		1		0								2
13	O408XO		0	0		1		0		1		0								2
13	O409CF		0	0		0		1		1		0								2
13	Totales O4	0	0	0	0	6	0	1	0	13	0	0	0	0	0	0	0	0	0	20
13	OH80MI		0	0		1		0		1		0								2
13	OH80NE		0	0		1		0		0		0								1
13	OHC1MI		0	0		1		0		1		0								2
13	Totales OH	0	0	0	0	3	0	0	0	2	0	0	0	0	0	0	0	0	0	5
13	OQ02MI		0	0		0		0		1		1								2
13	OQ06NE		0	1		1		0		1		0								3
13	OQ09CF		0	0		0		1		1		0								2
13	Totales OQ	0	0	1	0	1	0	1	0	3	0	1	0	0	0	0	0	0	0	7
13	OUC1HF		1	0		0		0		0		0								1
13	OUC2MI		0	1		1		1		1		0								4
13	OUC2TA		0	1		0		0		0		0								1
13	OUC3HF		0	1		0		1		1		0								3
13	OUC4HF		0	0		1		1		1		0								3
13	Totales OU	0	1	3	0	2	0	3	0	3	0	0	0	0	0	0	0	0	0	12
13	ZE74HF		0	0		1		0		1		0								2
13	ZE74WB		0	0		0		1		0		0								1
13	ZE76WB		0	0		0		0		1		0								1
13	ZE77HF		0	0		1		1		1		0								3
13	Totales ZE	0	0	0	0	2	0	2	0	3	0	0	0	0	0	0	0	0	0	7
13	ZY97CF		0	0		0		0		1		0								1
13	ZYHHAL		0	0		0		0		1		0								1
13	Totales ZY	0	0	0	0	0	0	0	0	2	0	0	0	0	0	0	0	0	0	2
13	O201HF														0	0	1	0		1
13	O202MI														0	0	1	0		1
13	O202NE														1	0	1	0		2
13	O202RO														1	1	1	0		3
13	O203HF														1	1	1	0		3
13	O204DO														0	1	0	0		1
13	O204GR														1	1	0	1		3
13	O205DO														0	0	0	1		1
13	O205GR														1	1	0	1		3
13	O208DO														1	0	0	1		2
13	O208GR														1	1	0	1		3
13	Totales O2	0	0	0	0	0	0	0	0	0	0	0	0	0	7	6	5	5	0	23
13	O421A*														0	2	0	0		2
13	O421C*														0	2	0	0		2
13	O421N*														0	2	0	0		2
13	O421R*														0	1	0	0		1
13	O422A*														0	2	0	0		2
13	O422C*														0	1	0	0		1
13	O422N*														0	1	0	0		1
13	O422R*														0	1	0	0		1
13	O451AZ														1	1	0	0		2
13	O451TA														1	2	0	1		4
13	O452CF														1	1	0	0		2
13	O452NE														0	1	0	0		1
13	Totales O4	0	0	0	0	0	0	0	0	0	0	0	0	0	3	17	0	1	0	21
13	OA10BL														1	0	0	1		2
13	Totales OA	0	0	0	0	0	0	0	0	0	0	0	0	0	1	0	0	1	0	2
13	OD02CQ														1	0	0	0		1
13	OD03AZ														0	0	0	1		1
13	OD05MI														0	1	0	0		1
13	OD05NE														0	1	0	0		1
13	OD07HF														1	0	0	0		1
13	OD08HF														1	0	0	0		1
13	Totales OD	0	0	0	0	0	0	0	0	0	0	0	0	0	3	2	0	1	0	6
13	OH51TA														1	0	0	0		1
13	OH51XO														1	1	0	0		2
13	OH52AZ														1	1	0	0		2
13	Totales OH	0	0	0	0	0	0	0	0	0	0	0	0	0	3	2	0	0	0	5
13	OP35CF														1	0	0	0		1
13	OP38MI														1	2	0	0		3
13	Totales OP	0	0	0	0	0	0	0	0	0	0	0	0	0	2	2	0	0	0	4
13	OQ04MI														0	0	1	0		1
13	OQ05HF														0	1	0	0		1
13	Totales OQ	0	0	0	0	0	0	0	0	0	0	0	0	0	0	1	1	0	0	2
13	ZI47HF														2	2	0	1		5
13	Total	281	1	41	437	355	296	420	340	129	72	35	9	0	21	32	6	9	0	2484
4	0D18JL					0	0	1	2	2	1	1	0	0					0	7
4	0D58RC					0	0	1	2	2	1	1	0	0					0	7
4	0D70EB					0	0	0	2	2	1	1	0	0					0	6
4	0D70N8					0	0	1	2	2	1	1	0	0					0	7
4	Totales 0D	0	0	0	0	0	0	3	8	8	4	4	0	0	0	0	0	0	0	27
4	3B15XJ					0	0	0	2	0	1	0	0	0						3
4	3B15XN					0	0	1	2	1	1	1	0	0						6
4	3B22XN					0	0	1	0	0	1	1	0	0					0	3
4	3B26TL					0	0	0	2	2	1	1	0	0						6
4	3B26TN					0	0	1	2	2	1	1	0	0						7
4	3B28TJ					0	0	1	2	2	1	0	0	0						6
4	3B28TN					0	0	1	2	1	1	1	0	0						6
4	3B49XN					0	0	0	0	0	0	1	0	0						1
4	3B95XC					0	0	0	1	0	0	0	0	0					0	1
4	3B95XN					0	0	2	2	2	0	1	0	0					0	7
4	Totales 3B	0	0	0	0	0	0	7	15	10	7	7	0	0	0	0	0	0	0	46
4	4H62XC					0	0	1	1	0	2	0	0	0					0	4
4	4H62XN					0	0	1	2	1	0	1	0	0					0	5
4	4H65XC					0	0	0	1	0	0	0	0	0					0	1
4	4H65XN					0	0	1	2	1	1	1	0	0					0	6
4	4H66XJ					0	0	2	2	2	1	1	0	0					0	8
4	4H66XN					0	0	2	1	1	1	1	0	0					0	6
4	4H72XM					0	0	1	2	2	1	1	0	0					0	7
4	4H72XN					0	0	1	2	2	1	1	0	0					0	7
4	4H77XN					0	0	1	2	2	1	0	0	0					0	6
4	4H96XN					0	0	0	2	1	1	1	0	0					0	5
4	4H97IA					0	0	1	2	2	1	1	0	0					0	7
4	4H97XN					0	0	1	0	1	1	1	0	0					0	4
4	4H98XJ					0	0	1	2	2	1	1	0	0					0	7
4	Totales 4H	0	0	0	0	0	0	13	21	17	12	10	0	0	0	0	0	0	0	73
4	6F03TJ					0	0	0	1	1	0	0	0	0						2
4	6F03TM					0	0	1	2	1	0	1	0	0						5
4	6F17TM					0	0	1	0	0	0	1	0	0						2
4	6F24TJ					0	0	1	2	0	1	1	0	0						5
4	6F24TN					0	0	2	3	2	1	2	0	0						10
4	6F34TJ					0	0	1	3	0	0	1	0	0					0	5
4	6F34TN					0	0	1	3	2	0	1	0	0					0	7
4	6F39TJ					0	0	1	2	1	0	1	0	0						5
4	6F39TN					0	0	1	1	1	1	1	0	0						5
4	6F50TJ					0	0	0	2	2	1	1	0	0					0	6
4	6F50TN					0	0	1	2	2	1	1	0	0						7
4	6F67TL					0	0	1	2	2	1	1	0	0						7
4	6F67TN					0	0	1	0	1	1	0	0	0						3
4	Totales 6F	0	0	0	0	0	0	12	23	15	7	12	0	0	0	0	0	0	0	69
4	8D54C8					0	0	0	1	0	0	0	0	0						1
4	Totales 8D	0	0	0	0	0	0	0	1	0	0	0	0	0	0	0	0	0	0	1
4	BH40XC					0	0	1	1	2	0	1	0	0					0	5
4	BH40XN					0	0	1	0	0	1	2	0	0					0	4
4	BH74IA					0	0	1	2	2	0	1	0	0					0	6
4	BH74XC					0	0	1	0	1	1	1	0	0					0	4
4	BH74XN					0	0	1	2	2	1	1	0	0					0	7
4	Totales BH	0	0	0	0	0	0	5	5	7	3	6	0	0	0	0	0	0	0	26
4	M411ZC					0	0	1	2	2	1	1	0	0					0	7
4	M412J7					0	0	1	2	2	1	1	0	0					0	7
4	Totales M4	0	0	0	0	0	0	2	4	4	2	2	0	0	0	0	0	0	0	14
4	OU70CF					0	0	1	1	2	1	0	0	0					0	5
4	OU70NE					0	0	1	2	1	1	1	0	0					0	6
4	OU71CF					0	0	1	2	1	1	1	0	0					0	6
4	OU71NE					0	0	1	2	2	1	1	0	0					0	7
4	OU72AZ					0	0	1	1	2	1	0	0	0					0	5
4	OU72TA					0	0	1	2	1	1	1	0	0					0	6
4	Totales OU	0	0	0	0	0	0	6	10	9	6	4	0	0	0	0	0	0	0	35
4	R606XO					0	1	0	0	1	0	1	1	0						4
4	R622OR					0	0	1	1	1	1	0	1	0						5
4	R638XM					0	0	1	2	1	0	0	0	0						4
4	R638XO					0	0	2	1	2	1	0	0	0						6
4	Totales R6	0	0	0	0	0	1	4	4	5	2	1	2	0	0	0	0	0	0	19
4	R765XN					0	0	0	0	1	0	0	0	0						1
4	R765XO					0	0	1	2	2	1	0	1	0						7
4	R766XO					0	1	1	1	1	1	0	0	0						5
4	R767XM					0	1	1	1	0	0	0	1	0						4
4	R767XO					0	0	0	0	2	1	1	0	0						4
4	Totales R7	0	0	0	0	0	2	3	4	6	3	1	2	0	0	0	0	0	0	21
4	Z351XM					0	0	0	1	2	1	1	0	0					0	5
4	Z351XN					0	0	1	1	2	1	1	0	0					0	6
4	Z352XC					0	0	0	1	2	1	1	0	0					0	5
4	Z352XN					0	0	1	1	1	1	1	0	0					0	5
4	Z353XC					0	0	1	1	2	1	1	0	0					0	6
4	Z354XM					0	0	0	1	2	1	1	0	0					0	5
4	Z354XN					0	0	0	0	1	0	1	0	0					0	2
4	Z355XC					0	0	0	1	0	1	1	0	0					0	3
4	Z355XN					0	0	1	2	2	1	1	0	0					0	7
4	Z356XC					0	0	0	2	1	1	0	0	0					0	4
4	Z356XN					0	0	1	2	2	1	1	0	0					0	7
4	Z357XM					0	0	1	1	2	1	1	0	0					0	6
4	Z357XN					0	0	1	0	2	1	1	0	0					0	5
4	Totales Z3	0	0	0	0	0	0	7	14	21	12	12	0	0	0	0	0	0	0	66
4	ZN70UV					0	0	1	0	1	1	1	1	0						5
4	ZN81UV					0	0	0	0	0	1	1	0	0						2
4	ZN82NE					0	0	1	2	1	0	1	0	0					0	5
4	ZN82UV					0	0	1	0	0	1	1	0	0					0	3
4	ZN85NE					0	0	1	1	0	2	1	0	0						5
4	ZN92MA					0	1	0	2	2	1	1	0	0					0	7
4	ZN92NE					0	0	1	1	2	1	0	0	0					0	5
4	Totales ZN	0	0	0	0	0	1	5	6	6	7	6	1	0	0	0	0	0	0	32
4	ZO71XM					0	0	1	1	2	1	1	0	0					0	6
4	ZO72MB					0	0	0	0	0	1	1	0	0						2
4	ZO72XN					0	0	1	1	0	1	0	0	0						3
4	ZO72XO					0	0	0	1	0	0	0	0	0						1
4	ZO74XM					0	0	1	1	2	1	1	0	0					0	6
4	ZO74XN					0	0	1	1	2	1	1	0	0					0	6
4	Totales ZO	0	0	0	0	0	0	4	5	6	5	4	0	0	0	0	0	0	0	24
4	ZR51MA					0	0	1	0	0	0	0	0	0					0	1
4	ZR52GR					0	0	1	0	0	1	1	0	0					0	3
4	ZR52MI					0	0	1	0	0	0	0	0	0					0	1
4	ZR53DO					0	0	0	1	1	0	1	0	0					0	3
4	ZR53XO					0	0	0	2	0	0	1	0	0					0	3
4	ZR54AZ					0	0	0	1	2	0	1	0	0					0	4
4	ZR54CF					0	0	1	2	1	0	1	0	0					0	5
4	ZR55MB					0	0	0	0	1	0	0	0	0					0	1
4	ZR55MI					0	0	0	0	0	1	0	0	0					0	1
4	ZR56AZ					0	0	1	2	2	1	1	0	0					0	7
4	ZR56CF					0	0	1	2	2	1	1	0	0					0	7
4	ZR57MI					0	0	0	2	0	1	1	0	0					0	4
4	ZR58MA					0	0	0	0	2	1	1	0	0					0	4
4	ZR58MI					0	0	1	1	1	1	1	0	0					0	5
4	ZR59NN					0	0	1	0	2	1	1	0	0					0	5
4	ZR59NT					0	0	1	2	2	1	1	0	0					0	7
4	Totales ZR	0	0	0	0	0	0	9	15	16	9	12	0	0	0	0	0	0	0	61
4	A703NA			0	1	1	1	0	0	0										3
4	A703NV			0	1	2	0	0	0	0										3
4	A714MD			0	2	0	1	1	1	0										5
4	A714RN			0	1	1	1	1	0	0										4
4	A71AN*			0	1	2	1	1	1	0										6
4	A71AV*			0	2	0	1	1	2	0										6
4	A75PC7			0	0	0	0	0	1	0										1
4	A75PV7			0	0	0	0	0	1	0										1
4	Totales A7	0	0	0	8	6	5	4	6	0	0	0	0	0	0	0	0	0	0	29
4	BY35RM			0	1	1	1	1	1	0										5
4	BY35RN			0	1	1	2	1	1	0										6
4	BY39RM			0	1	1	2	0	1	0										5
4	BY39RN			0	1	1	2	1	1	0										6
4	BY50MN			0	0	1	0	1	0	0										2
4	BY50NX			0	1	1	1	1	1	0										5
4	Totales BY	0	0	0	5	6	8	5	5	0	0	0	0	0	0	0	0	0	0	29
4	CG0AMB			0	1	1	0	1	1	0										4
4	CG0ARN			0	1	1	2	0	1	0										5
4	CG28LA			0	2	2	2	1	1	0										8
4	CG28RN			0	1	2	1	1	1	0										6
4	CG31N2			0	0	0	3	1	0	0										4
4	CG58SN			0	1	0	0	0	2	0										3
4	CG58SR			1	1	2	2	1	1	0										8
4	CG9XIP			1	1	1	2	1	1	0										7
4	CG9XRC			0	1	2	1	0	1	0										5
4	CG9XRN			0	0	2	2	0	1	0										5
4	Totales CG	0	0	2	9	13	15	6	10	0	0	0	0	0	0	0	0	0	0	55
4	DZ15RC			0	0	0	0	1	1	0										2
4	DZ15RN			0	3	0	0	0	1	0										4
4	DZ59MB			0	0	0	0	0	1	0										1
4	Totales DZ	0	0	0	3	0	0	1	3	0	0	0	0	0	0	0	0	0	0	7
4	EO44IA			0	1	1	2	1	1	0										6
4	EO44RN			0	1	1	2	1	0	0										5
4	EO46RN			0	1	1	2	1	1	0										6
4	EO46SR			0	1	1	2	0	1	0										5
4	EO73IA			0	1	1	0	1	0	0										3
4	EO73RN			0	1	2	0	1	1	0										5
4	EO83NS			0	1	0	0	0	1	0										2
4	Totales EO	0	0	0	7	7	8	5	5	0	0	0	0	0	0	0	0	0	0	32
4	FB4EB8			0	1	0	1	0	1	0										3
4	FB4XN5			0	2	2	1	1	1	0										7
4	FB4XP1			0	1	1	1	1	1	0										5
4	FB4XVI			0	1	0	0	0	1	0										2
4	FB78MB			0	1	0	0	0	1	0										2
4	FB78RN			0	1	1	0	0	1	0										3
4	FB82IP			0	1	1	1	1	1	0										5
4	FB82OX			0	1	1	1	0	0	0										3
4	FB82RS			0	1	0	2	0	0	0										3
4	FB82X0			0	1	1	2	1	1	0										6
4	FB84OX			0	0	0	0	0	1	0										1
4	FB84VI			0	1	0	0	0	1	0										2
4	Totales FB	0	0	0	12	7	9	4	10	0	0	0	0	0	0	0	0	0	0	42
4	G714TO			0	1	2	1	1	1	0										6
4	G722CE			0	1	1	2	1	1	0										6
4	G722EY			0	1	2	1	1	1	0										6
4	G722MN			0	1	1	2	1	1	0										6
4	Totales G7	0	0	0	4	6	6	4	4	0	0	0	0	0	0	0	0	0	0	24
4	HD6WRC			0	0	0	0	0	0	1										1
4	Totales HD	0	0	0	0	0	0	0	0	1	0	0	0	0	0	0	0	0	0	1
4	IX25EL			0	1	1	2	1	0	0										5
4	IX25GR			0	0	1	0	1	1	0										3
4	IX5WNI			0	0	0	1	1	1	0										3
4	IX5WOX			0	0	1	0	1	0	1										3
4	IX5WRN			0	1	0	0	1	0	0										2
4	IX6ERM			0	2	1	1	1	1	0										6
4	IX6ERN			0	1	1	0	0	0	0										2
4	IX7DCR			0	1	2	2	1	1	0										7
4	Totales IX	0	0	0	6	7	6	7	4	1	0	0	0	0	0	0	0	0	0	31
4	K233RC			0	1	0	0	0	0	0										1
4	Totales K2	0	0	0	1	0	0	0	0	0	0	0	0	0	0	0	0	0	0	1
4	LP01*F			0	1	0	0	0	0	0										1
4	LP01*N			0	1	0	1	0	1	0										3
4	LP01CR			0	1	2	2	2	1	0										8
4	LP01D1			0	1	1	0	1	1	0										4
4	LP01DO			0	1	0	0	0	1	0										2
4	LP01RN			0	1	1	0	0	1	0										3
4	LP01T5			0	1	0	0	1	1	0										3
4	LP09CR			0	1	2	1	1	1	0										6
4	LP09N6			0	1	0	1	0	1	0										3
4	LP09VI			0	1	0	2	0	1	0										4
4	LP0CIA			0	1	2	3	0	1	0										7
4	LP0CRC			0	2	2	2	1	0	0										7
4	LP0CRN			0	1	1	2	1	0	0										5
4	LP0EA2			0	1	0	0	1	0	0										2
4	LP0EN2			0	1	2	1	1	0	0										5
4	LP0MCR			0	1	1	0	1	1	0										4
4	LP0MRN			0	0	2	2	1	1	0										6
4	LP0PR1			0	1	0	0	0	1	0										2
4	LP0WEB			0	1	1	0	1	1	0										4
4	LP1CBR			0	0	1	0	0	0	0										1
4	LP1CRN			0	1	0	1	0	2	0										4
4	LP1DR1			0	1	1	2	1	0	0										5
4	LP1MRC			0	0	0	0	0	1	0										1
4	LP1NIA			0	0	0	0	0	1	0										1
4	LP1NRN			0	1	1	1	1	1	0										5
4	LP1NSR			0	1	1	1	1	1	0										5
4	LP1XXN			0	1	1	2	0	1	0										5
4	LP29IA			0	1	0	0	0	0	0										1
4	LP29PL			0	0	1	1	0	1	0										3
4	LP29RN			0	0	1	0	0	1	0										2
4	LP29SN			0	1	1	0	0	1	0										3
4	LP3PRM			0	1	2	2	1	1	0										7
4	LP3PRN			0	0	2	1	1	1	0										5
4	LP3PSR			0	1	1	0	0	0	0										2
4	LP62RN			0	1	0	0	0	0	0										1
4	LP6WRC			0	1	0	0	0	0	0										1
4	LP6WRN			0	1	1	0	0	1	0										3
4	LP71OX			0	1	1	1	1	1	0										5
4	LP71PL			0	0	1	0	0	1	0										2
4	LP74RC			0	1	0	0	0	0	0										1
4	LP74RN			0	1	1	0	0	0	0										2
4	LP8PRM			0	1	2	0	1	1	0										5
4	LP91RC			0	1	1	1	1	1	0										5
4	Totales LP	0	0	0	36	37	30	20	31	0	0	0	0	0	0	0	0	0	0	154
4	NU3MM8			0	1	1	1	1	0	0										4
4	NU3MN8			0	1	1	2	1	1	0										6
4	Totales NU	0	0	0	2	2	3	2	1	0	0	0	0	0	0	0	0	0	0	10
4	P62DRM			0	1	1	0	0	0	0										2
4	P644RC			0	0	0	0	0	1	0										1
4	P646RM			0	1	1	0	0	0	0										2
4	P646RN			0	1	0	0	0	0	0										1
4	P673GR			0	0	0	0	0	1	0										1
4	P679RC			0	1	2	1	0	1	0										5
4	P679RN			0	0	1	1	0	0	0										2
4	P686RN			0	0	0	0	0	0	1										1
4	Totales P6	0	0	0	4	5	2	0	3	1	0	0	0	0	0	0	0	0	0	15
4	QR1PCD			0	1	0	1	1	0	0										3
4	QR1PNI			0	1	1	2	1	0	0										5
4	QR1PPL			0	1	1	2	0	1	0										5
4	QR2ABN			0	0	2	2	1	1	0										6
4	QR2CRN			0	1	0	0	0	0	0										1
4	QR2PRC			0	1	1	1	0	1	0										4
4	QR2PRN			0	1	0	1	2	1	0										5
4	QR2WIA			0	0	0	0	0	0	1										1
4	QR2WRN			1	1	1	0	0	0	0										3
4	QR3RN3			0	1	1	2	1	0	0										5
4	Totales QR	0	0	1	8	7	11	6	4	1	0	0	0	0	0	0	0	0	0	38
4	R214SN			0	1	1	1	1	1	0										5
4	R214XO			1	0	1	1	1	1	0										5
4	Totales R2	0	0	1	1	2	2	2	2	0	0	0	0	0	0	0	0	0	0	10
4	R480RO			0	0	0	1	0	1	0										2
4	R480VE			0	1	1	1	0	0	0										3
4	Totales R4	0	0	0	1	1	2	0	1	0	0	0	0	0	0	0	0	0	0	5
4	RA03NE			1	1	2	1	1	0	0										6
4	RA03RM			0	1	1	1	1	0	0										4
4	RA05NR			0	0	1	1	0	0	0										2
4	RA05RM			0	0	0	1	1	0	0										2
4	RA07NE			0	1	1	2	1	1	0										6
4	RA07RO			0	1	1	2	1	0	0										5
4	RA07XO			0	1	2	0	1	1	0										5
4	RA15NE			1	1	1	1	0	0	0										4
4	RA15XO			0	0	0	0	1	0	0										1
4	RA21GR			1	0	1	2	1	0	0										5
4	RA21RO			1	1	1	1	1	1	0										6
4	RA47BR			0	0	0	1	0	0	0										1
4	RA47XO			0	0	2	1	1	1	0										5
4	RA90XM			1	1	1	0	1	0	0										4
4	RA90XO			1	1	1	2	0	1	0										6
4	RA91NE			0	1	0	0	0	0	0										1
4	RA94NE			0	1	1	2	1	1	0										6
4	RA94XO			0	1	1	2	1	0	0										5
4	RA95NE			0	1	1	2	2	0	0										6
4	RA95RO			0	1	2	1	1	1	0										6
4	RA95XO			0	1	1	0	1	1	0										4
4	RA96NE			1	1	1	1	0	0	0										4
4	RA96RO			1	0	0	1	1	1	0										4
4	RA96XO			1	1	1	0	0	1	2										6
4	RA98MI			0	0	0	0	1	0	0										1
4	RA98N*			0	1	1	2	1	1	0										6
4	RA98RO			0	0	1	1	1	1	0										4
4	RA98XO			0	1	1	1	1	0	0										4
4	Totales RA	0	0	9	19	26	29	22	12	2	0	0	0	0	0	0	0	0	0	119
4	RB45AN			0	0	0	1	0	1	0										2
4	RB45SN			0	0	2	1	0	0	0										3
4	Totales RB	0	0	0	0	2	2	0	1	0	0	0	0	0	0	0	0	0	0	5
4	RC30NE			1	1	1	2	1	1	0										7
4	RC30RO			1	1	1	2	0	1	0										6
4	RC35AZ			0	1	0	1	0	0	0										2
4	RC35NE			1	1	0	2	0	1	0										5
4	RC36NR			0	1	0	0	0	1	1										3
4	RC36RO			1	0	1	0	1	1	1										5
4	Totales RC	0	0	4	5	3	7	2	5	2	0	0	0	0	0	0	0	0	0	28
4	RD68NE			0	1	1	1	1	0	0										4
4	RD68XO			0	0	1	1	0	0	1										3
4	Totales RD	0	0	0	1	2	2	1	0	1	0	0	0	0	0	0	0	0	0	7
4	RG59CF			0	1	2	0	0	0	0										3
4	RG59MI			0	1	0	1	1	0	1										4
4	RG59NE			1	0	1	0	0	0	0										2
4	RG67NE			0	1	1	1	2	0	0										5
4	RG67XO			1	1	1	1	1	1	0										6
4	RG70AZ			0	1	0	0	1	0	0										2
4	RG70LU			0	0	2	1	1	1	0										5
4	RG88NE			0	2	1	1	0	0	1										5
4	RG88RO			1	1	0	1	0	1	0										4
4	Totales RG	0	0	3	8	8	6	6	3	2	0	0	0	0	0	0	0	0	0	36
4	RS00CR			0	0	1	2	1	0	0										4
4	RS00RN			0	0	0	1	0	1	0										2
4	RS0X*C			0	1	1	2	0	1	0										5
4	RS0XIA			0	1	2	2	1	1	0										7
4	RS0XRF			0	0	0	0	0	1	0										1
4	RS0XRN			1	1	2	1	0	1	0										6
4	RS13DO			0	1	1	0	1	2	0										5
4	RS17RN			0	1	1	0	1	1	0										4
4	RS27RC			0	1	0	0	0	0	0										1
4	RS27RN			0	1	0	0	0	0	0										1
4	RS37M3			0	0	2	1	0	1	0										4
4	RS37N3			0	0	1	1	0	2	0										4
4	RS37R3			0	0	0	0	0	1	1										2
4	RS3BBG			0	1	0	0	0	0	0										1
4	RS3BN1			0	0	1	1	0	0	0										2
4	RS3NRN			0	0	1	0	1	1	0										3
4	RS3WRC			0	0	0	0	1	0	0										1
4	RS3WRN			0	0	0	0	0	0	1										1
4	RS48BR			0	1	0	0	0	1	0										2
4	RS48DO			0	1	2	0	1	1	0										5
4	RS48MB			0	0	1	2	1	1	1										6
4	RS48RN			0	1	2	1	1	0	1										6
4	RS49C1			0	1	0	1	1	1	0										4
4	RS49RS			0	1	0	0	0	1	0										2
4	RS4NML			0	1	0	1	1	1	0										4
4	RS4NRN			0	2	1	2	1	1	0										7
4	RS57RT			0	0	0	0	1	1	0										2
4	RS57SR			0	1	1	1	1	0	0										4
4	RS5BF5			0	1	0	0	0	0	0										1
4	RS5BN1			0	0	1	1	2	1	0										5
4	RS61L1			0	0	1	0	0	0	0										1
4	RS61N1			0	0	0	2	0	1	0										3
4	RS64OX			0	1	2	1	1	1	0										6
4	RS64RN			1	0	2	2	1	1	1										8
4	RS64SR			0	1	1	2	0	1	0										5
4	RS72PL			0	1	2	1	1	1	0										6
4	RS72RN			0	1	2	2	1	1	0										7
4	RS87LA			0	1	2	2	1	1	0										7
4	RS87RN			0	1	1	1	1	1	0										5
4	RS9YMB			0	1	1	2	0	1	0										5
4	RS9YRN			0	1	1	0	1	1	0										4
4	RS9YSR			0	1	1	2	1	0	1										6
4	Totales RS	0	0	2	27	37	37	24	32	6	0	0	0	0	0	0	0	0	0	165
4	T52BRN			0	0	0	1	0	1	0										2
4	T589RC			0	0	0	1	1	2	0										4
4	T589RN			0	0	0	0	0	1	0										1
4	Totales T5	0	0	0	0	0	2	1	4	0	0	0	0	0	0	0	0	0	0	7
4	UN2XLA			0	1	0	0	1	1	0										3
4	UN2XRN			0	1	1	0	0	1	0										3
4	UN3CPD			0	1	1	1	1	1	0										5
4	UN4BG2			0	0	1	1	0	1	0										3
4	UN4CDC			0	1	1	2	1	0	0										5
4	UN6DC2			0	1	1	2	1	1	0										6
4	UN6DN3			0	1	1	4	1	2	0										9
4	Totales UN	0	0	0	6	6	10	5	7	0	0	0	0	0	0	0	0	0	0	34
4	VT1BML			0	0	0	0	1	1	0										2
4	VT1BRN			0	0	1	0	1	0	0										2
4	VT4ARM			0	1	2	2	0	1	0										6
4	VT4ARN			1	1	1	1	0	1	0										5
4	VT4ASR			0	1	0	0	0	1	0										2
4	VT6AIA			0	1	0	0	1	0	0										2
4	VT6ARN			0	1	0	0	0	0	0										1
4	VT7R05			0	0	1	2	2	1	1										7
4	VT7RN3			0	0	0	0	2	0	0										2
4	VT8EOX			0	2	0	1	1	1	0										5
4	VT8ERN			1	1	2	2	2	1	1										10
4	VT8ESR			0	1	1	1	1	0	0										4
4	VT94BR			0	1	1	1	0	1	0										4
4	VT94RC			0	0	0	2	1	0	0										3
4	VT94RN			1	1	2	2	1	1	0										8
4	VT97A9			0	0	0	0	0	1	0										1
4	VT97BG			0	0	0	1	0	0	0										1
4	Totales VT	0	0	3	11	11	15	13	10	2	0	0	0	0	0	0	0	0	0	65
4	WD8CRM			0	1	2	2	1	1	0										7
4	WD8CRN			0	1	2	2	0	1	0										6
4	Totales WD	0	0	0	2	4	4	1	2	0	0	0	0	0	0	0	0	0	0	13
4	X302BR			0	2	0	2	1	0	1										6
4	X302RN			1	0	2	1	1	0	0										5
4	X32RT6			0	1	2	1	1	0	0										5
4	X332AD			0	1	0	1	1	1	0										4
4	X332AZ			1	0	2	1	0	0	0										4
4	X332CD			0	1	0	1	1	0	0										3
4	X332MD			0	0	1	1	0	1	0										3
4	X332NG			0	1	0	0	1	0	0										2
4	X343RN			0	0	1	0	0	0	0										1
4	X355AS			0	0	0	0	1	0	0										1
4	X355BL			0	1	0	0	0	0	0										1
4	X355CR			0	0	1	0	1	0	0										2
4	X355RN			1	1	1	0	0	1	0										4
4	X355SR			1	0	0	0	0	0	1										2
4	X355VM			0	1	0	0	0	1	0										2
4	X36Y*F			0	0	0	2	1	0	0										3
4	X36YX1			0	0	0	1	1	1	0										3
4	X376AS			1	0	0	1	1	0	0										3
4	X376N3			0	1	2	1	1	0	0										5
4	Totales X3	0	0	5	10	12	13	12	5	2	0	0	0	0	0	0	0	0	0	59
4	Z150BG			0	1	2	2	1	1	0										7
4	Z150BR			0	1	2	1	1	1	0										6
4	Z151NE			0	1	2	2	0	1	0										6
4	Z151RO			0	1	0	2	1	1	0										5
4	Totales Z1	0	0	0	4	6	7	3	4	0	0	0	0	0	0	0	0	0	0	24
4	Z203NE			0	0	1	2	1	0	0										4
4	Z203XO			0	0	0	0	0	1	0										1
4	Z207RO			1	1	0	0	0	1	0										3
4	Z210MB			0	1	0	0	0	0	0										1
4	Z210NE			0	0	0	1	1	1	0										3
4	Z211MI			0	0	2	0	1	1	0										4
4	Z211NE			0	0	0	0	0	1	0										1
4	Z212NE			0	1	2	2	1	1	0										7
4	Z212XO			0	0	1	2	0	1	0										4
4	Z214RO			0	0	1	0	1	1	0										3
4	Totales Z2	0	0	1	3	7	7	5	8	0	0	0	0	0	0	0	0	0	0	31
4	Z451BR			0	1	2	0	1	0	0										4
4	Z451NE			0	2	0	0	0	1	0										3
4	Z452DO			0	2	2	0	2	2	0										8
4	Z452RO			0	0	2	0	1	0	0										3
4	Z453CF			0	0	2	2	1	0	0										5
4	Z454AZ			0	1	0	0	0	1	0										2
4	Z454MA			0	1	1	1	0	1	0										4
4	Z455CF			0	0	2	2	1	1	0										6
4	Z455NE			0	1	1	2	0	1	0										5
4	Z456MI			0	1	0	1	1	0	0										3
4	Z456NE			0	1	2	2	0	1	0										6
4	Totales Z4	0	0	0	10	14	10	7	8	0	0	0	0	0	0	0	0	0	0	49
4	Z590AZ			0	2	1	1	1	0	0										5
4	Z590NE			0	2	1	1	1	0	0										5
4	Z591HF			0	0	0	0	0	1	0										1
4	Z591RO			0	1	0	1	0	0	0										2
4	Z592BR			1	0	1	2	0	1	0										5
4	Z592NE			0	1	1	0	1	0	0										3
4	Z593RO			0	1	2	1	1	1	0										6
4	Z594AZ			0	0	1	1	1	0	0										3
4	Z594NE			0	1	0	0	0	0	0										1
4	Z595AZ			0	1	2	0	1	1	0										5
4	Z595CF			0	1	1	1	1	1	0										5
4	Totales Z5	0	0	1	10	10	8	7	5	0	0	0	0	0	0	0	0	0	0	41
4	Z703DO			0	1	1	0	1	0	0										3
4	Z704DO			0	1	0	2	0	0	0										3
4	Z704NE			0	1	1	0	1	0	0										3
4	Z705BR			0	1	1	1	1	1	0										5
4	Z706NE			0	1	0	1	0	1	0										3
4	Z706RO			0	1	1	1	0	0	0										3
4	Z707MA			0	0	1	0	1	1	0										3
4	Z707NE			0	0	0	3	0	0	0										3
4	Z708BG			0	1	1	1	0	1	0										4
4	Z708RO			0	0	0	0	1	1	0										2
4	Z709DO			0	1	1	0	1	1	0										4
4	Z709NE			0	1	2	2	0	1	0										6
4	Totales Z7	0	0	0	9	9	11	6	7	0	0	0	0	0	0	0	0	0	0	42
4	ZA13BR			0	1	2	1	2	1	0										7
4	ZA14TA			1	1	2	1	0	0	0										5
4	ZA19BR			0	1	2	1	1	0	0										5
4	ZA26NE			0	1	1	1	1	0	0										4
4	ZA26WI			0	0	0	0	0	1	0										1
4	ZA28AZ			0	0	0	1	1	1	0										3
4	ZA28OX			0	1	1	2	1	1	0										6
4	ZA29NE			1	0	0	0	0	0	0										1
4	ZA30B*			0	1	2	2	1	0	0										6
4	ZA31BG			0	0	2	0	1	1	1										5
4	ZA31CF			1	1	1	2	1	1	0										7
4	ZA33AZ			0	1	2	2	1	1	0										7
4	ZA33BR			0	1	2	2	0	1	0										6
4	Totales ZA	0	0	3	9	17	15	10	8	1	0	0	0	0	0	0	0	0	0	63
4	ZB52NR			0	0	0	1	0	0	0										1
4	Totales ZB	0	0	0	0	0	1	0	0	0	0	0	0	0	0	0	0	0	0	1
4	ZCD1B*			0	1	2	2	1	1	0										7
4	ZCD1NE			0	1	2	0	1	0	0										4
4	ZCD2BR			0	1	2	1	0	0	0										4
4	ZCD2NE			0	1	1	0	1	1	0										4
4	ZCD3AZ			0	0	1	2	0	1	0										4
4	ZCD3VI			0	1	1	2	1	0	0										5
4	ZCD3XO			0	1	1	0	0	1	0										3
4	ZCD4BR			0	1	2	1	0	1	0										5
4	ZCD4MB			0	0	2	2	1	1	0										6
4	ZCD5NE			0	1	2	2	0	1	0										6
4	ZCD5XO			0	0	2	2	1	1	0										6
4	Totales ZC	0	0	0	8	18	14	6	8	0	0	0	0	0	0	0	0	0	0	54
4	ZD32NE			0	0	0	0	1	1	0										2
4	ZD32RO			0	0	1	0	0	1	1										3
4	ZD34NE			0	0	1	0	0	0	0										1
4	ZD35NE			0	0	1	0	0	0	0										1
4	ZD36MB			0	0	1	0	1	0	0										2
4	ZD36NE			0	1	0	1	0	0	0										2
4	ZD37BR			0	0	1	1	0	1	0										3
4	ZD37NE			0	0	0	1	1	0	0										2
4	ZD38RO			0	1	2	1	0	1	0										5
4	ZD39MB			0	1	2	1	1	0	0										5
4	ZD39NE			0	0	1	1	0	1	0										3
4	ZD40AZ			0	0	0	0	1	0	0										1
4	ZD40MA			0	1	2	2	0	1	0										6
4	ZD41CR			0	1	2	2	1	0	0										6
4	ZD41DO			0	1	2	2	1	0	0										6
4	Totales ZD	0	0	0	6	16	12	7	6	1	0	0	0	0	0	0	0	0	0	48
4	ZF25MO			0	0	2	0	1	0	0										3
4	ZF26BR			0	1	2	0	1	1	0										5
4	ZF27MO			0	1	1	1	0	0	0										3
4	ZF34NE			0	1	2	2	1	0	0										6
4	ZF34XO			0	0	2	2	1	1	0										6
4	ZF38B*			0	1	1	1	0	1	0										4
4	ZF39AZ			0	1	1	1	0	1	0										4
4	ZF46HF			0	1	1	1	1	1	0										5
4	ZF48BG			0	0	0	0	0	1	0										1
4	ZF49BR			0	1	1	1	2	1	0										6
4	ZF50NE			0	1	0	0	1	1	0										3
4	ZF51OR			0	0	0	1	1	0	0										2
4	ZF72NE			0	1	1	2	0	0	0										4
4	ZF72RO			0	1	0	0	0	0	0										1
4	Totales ZF	0	0	0	10	14	12	9	8	0	0	0	0	0	0	0	0	0	0	53
4	ZG23BG			1	0	0	0	0	0	0										1
4	ZG23NE			0	0	0	0	0	1	0										1
4	ZG24MB			0	2	0	1	0	0	0										3
4	ZG24NE			0	1	0	0	1	1	0										3
4	ZG25NE			0	1	0	0	0	0	0										1
4	ZG25OX			0	0	1	0	1	0	0										2
4	ZG26VI			0	0	2	0	0	0	0										2
4	Totales ZG	0	0	1	4	3	1	2	2	0	0	0	0	0	0	0	0	0	0	13
4	ZH80LU			0	0	2	2	1	1	0										6
4	ZH80NE			0	0	2	1	1	1	0										5
4	ZH81RO			0	0	0	0	1	1	0										2
4	ZH83BR			0	0	2	2	1	0	0										5
4	ZH84MA			0	1	2	2	0	1	0										6
4	ZH84NE			0	1	1	2	1	1	0										6
4	ZH85DO			0	1	1	2	1	1	0										6
4	Totales ZH	0	0	0	3	10	11	6	6	0	0	0	0	0	0	0	0	0	0	36
4	ZJ01MB			0	0	2	2	0	1	0										5
4	ZJ01RN			0	1	1	1	0	1	0										4
4	ZJ02RN			0	0	3	0	0	0	0										3
4	ZJ07MB			0	1	1	2	1	0	0										5
4	ZJ08RN			0	0	1	1	0	0	0										2
4	ZJ08RO			0	0	0	0	1	1	0										2
4	ZJ09CF			0	0	2	2	1	1	0										6
4	ZJ09RN			0	1	0	2	1	1	0										5
4	ZJ13CF			0	0	1	2	0	0	0										3
4	ZJ13RN			0	0	0	0	0	1	0										1
4	ZJ15MI			0	1	0	0	1	0	0										2
4	ZJ15NE			0	1	0	0	0	1	1										3
4	ZJ18AZ			0	1	0	1	1	0	0										3
4	ZJ18CF			0	1	1	1	1	0	0										4
4	ZJ21BR			0	1	0	0	0	0	0										1
4	ZJ30FS			0	1	0	0	0	0	0										1
4	ZJ31AS			0	0	0	0	1	0	0										1
4	ZJ32BR			0	1	0	0	0	0	0										1
4	ZJ32DO			0	1	0	1	2	0	0										4
4	ZJ33HR			0	0	0	2	0	0	0										2
4	ZJ33VE			0	1	1	0	1	0	0										3
4	ZJ34CR			0	0	2	2	1	0	0										5
4	ZJ34NE			0	0	0	2	1	1	1										5
4	ZJ34RO			0	0	1	1	1	0	0										3
4	ZJ35AZ			0	0	2	2	1	0	0										5
4	ZJ35MI			0	1	2	3	1	0	0										7
4	ZJ40BG			0	0	1	0	0	0	0										1
4	ZJ40BR			0	1	1	0	1	0	0										3
4	ZJ41DO			0	1	0	2	0	1	0										4
4	ZJ41NE			0	1	2	1	1	0	0										5
4	ZJ42CF			0	0	2	1	1	0	0										4
4	ZJ42RN			0	1	0	1	0	0	0										2
4	ZJ50BR			0	0	0	0	1	1	0										2
4	ZJ50PL			0	0	2	1	1	0	0										4
4	Totales ZJ	0	0	0	17	28	33	21	10	2	0	0	0	0	0	0	0	0	0	111
4	ZM56BR			0	1	2	0	0	1	0										4
4	ZM56DO			0	1	1	0	1	1	0										4
4	ZM57NE			0	0	1	2	0	1	0										4
4	ZM57RO			0	1	1	2	1	1	0										6
4	Totales ZM	0	0	0	3	5	4	2	4	0	0	0	0	0	0	0	0	0	0	18
4	ZO16IA			0	1	0	0	1	0	0										2
4	ZO16MI			0	1	1	0	0	1	0										3
4	ZO16RN			0	1	1	0	0	0	0										2
4	ZO16RO			0	1	0	0	1	0	0										2
4	Totales ZO	0	0	0	4	2	0	2	1	0	0	0	0	0	0	0	0	0	0	9
4	ZP20BG			0	0	1	2	0	1	0										4
4	ZP20NE			0	1	1	0	0	0	0										2
4	ZP20RO			0	1	2	2	1	0	0										6
4	ZP21AZ			0	1	0	1	1	1	0										4
4	ZP21MI			0	1	2	1	1	1	0										6
4	Totales ZP	0	0	0	4	6	6	3	3	0	0	0	0	0	0	0	0	0	0	22
4	ZQ06C*			0	1	0	0	0	1	0										2
4	ZQ09NE			0	1	1	1	1	1	0										5
4	ZQ24DO			0	1	2	2	1	0	0										6
4	ZQ24RO			0	1	2	2	1	1	0										7
4	ZQ25BR			0	1	0	0	0	2	0										3
4	ZQ30BR			1	0	0	0	2	0	0										3
4	ZQ31C*			0	0	0	0	0	1	0										1
4	ZQ34RO			1	2	0	0	1	1	0										5
4	ZQ35CF			0	1	2	0	1	0	0										4
4	ZQ36DO			0	1	0	1	0	0	0										2
4	ZQ37RS			0	0	1	2	0	0	0										3
4	ZQ37VE			0	0	2	1	1	1	0										5
4	ZQ40NE			0	0	0	0	0	1	0										1
4	ZQ41CF			0	1	2	1	1	1	0										6
4	Totales ZQ	0	0	2	10	12	10	9	10	0	0	0	0	0	0	0	0	0	0	53
4	ZU08NE			0	1	1	0	0	0	0										2
4	ZU08RO			0	0	2	3	0	0	0										5
4	ZU09DO			0	1	2	2	0	0	0										5
4	ZU14NE			0	0	2	0	1	0	0										3
4	ZU14TA			0	1	2	2	0	1	0										6
4	ZU15BR			0	1	2	2	0	0	0										5
4	ZU15MI			0	0	0	2	1	1	0										4
4	Totales ZU	0	0	0	4	11	11	2	2	0	0	0	0	0	0	0	0	0	0	30
4	ZV52RS			0	0	0	1	1	1	0										3
4	ZV52XM			0	0	1	1	1	1	0										4
4	ZV54BG			0	0	0	1	1	0	0										2
4	ZV55BR			0	0	0	1	0	0	0										1
4	ZV56BG			0	0	1	0	0	1	0										2
4	ZV57LU			0	0	2	2	1	0	0										5
4	ZV58CF			0	1	1	1	1	0	0										4
4	ZV58NR			0	1	0	2	1	1	0										5
4	ZV60LU			0	1	2	2	1	0	0										6
4	ZV60RO			0	1	2	2	1	1	0										7
4	ZV61BR			0	0	1	0	0	1	0										2
4	ZV61NE			0	1	1	2	1	1	0										6
4	ZV62AZ			0	1	2	2	1	1	0										7
4	ZV62DO			0	1	2	2	1	1	0										7
4	ZV63BR			0	1	2	2	1	1	0										7
4	ZV63RO			0	1	2	2	1	1	0										7
4	Totales ZV	0	0	0	9	19	23	13	11	0	0	0	0	0	0	0	0	0	0	75
4	ZWP1AZ			0	2	4	4	3	1	0										14
4	ZWP1MA			0	2	4	2	2	1	0										11
4	ZWP1NE			1	0	4	5	2	0	0										12
4	ZWP1NR			0	0	1	0	1	1	0										3
4	ZWP1RO			1	1	3	3	2	1	0										11
4	ZWP1VI			1	2	4	2	1	1	1										12
4	ZWP2BG			1	2	3	3	3	0	1										13
4	ZWP2GR			1	2	3	3	2	1	0										12
4	ZWP2MA			1	2	4	4	2	1	0										14
4	ZWP2NE			0	1	4	3	3	0	1										12
4	Totales ZW	0	0	6	14	34	29	21	7	3	0	0	0	0	0	0	0	0	0	114
4	ZX35NE			0	1	2	2	1	0	0										6
4	ZX35XO			1	1	2	1	1	0	0										6
4	ZX36NE			0	1	0	1	0	0	0										2
4	ZX36UV			0	0	2	2	0	0	0										4
4	ZX38BR			0	1	2	1	1	0	0										5
4	ZX38NE			0	1	0	1	1	0	0										3
4	Totales ZX	0	0	1	5	8	8	4	0	0	0	0	0	0	0	0	0	0	0	26
4	ZY80NE			0	1	1	1	1	0	0										4
4	ZY80RO			0	1	2	2	1	0	0										6
4	ZY81NE			0	1	2	2	1	0	0										6
4	ZY82BG			0	0	2	2	1	0	0										5
4	ZY82MA			0	1	2	1	0	0	0										4
4	Totales ZY	0	0	0	4	9	8	4	0	0	0	0	0	0	0	0	0	0	0	25
4	CREMA**	20																		20
4	CREMACE	2																		2
4	CREMAES	1																		1
4	CREMAIM	1																		1
4	CREMALI	1																		1
4	CREMAMA	3																		3
4	CREMAMB	1																		1
4	CREMANE	5																		5
4	CREMARO	2																		2
4	CREMAUV	2																		2
4	CREMAXO	4																		4
4	Totales CR	42	0	0	0	0	0	0	0	0	0	0	0	0	0	0	0	0	0	42
4	O302BG	1																		1
4	O303MI	1																		1
4	O321NE	2																		2
4	O322CF	2																		2
4	O322NE	2																		2
4	O323HF	1																		1
4	O323NE	2																		2
4	O350CN	1																		1
4	O350NE	1																		1
4	O3B1NE	1																		1
4	O3B1RO	1																		1
4	O3B2AZ	2																		2
4	O3B3MI	1																		1
4	O3B4A*	2																		2
4	O3B4N*	1																		1
4	O3B5A*	2																		2
4	O3B7NE	1																		1
4	O3B7VE	1																		1
4	O3C1AZ	1																		1
4	O3C1MI	1																		1
4	O3C1NE	1																		1
4	O3C1RO	2																		2
4	O3C2A*	1																		1
4	O3C2N*	2																		2
4	O3C3NE	2																		2
4	O3M1AZ	1																		1
4	O3M1NE	2																		2
4	O3M2A*	2																		2
4	O3M2N*	1																		1
4	O3T1NE	1																		1
4	O3T2A*	1																		1
4	O3T2N*	2																		2
4	Totales O3	45	0	0	0	0	0	0	0	0	0	0	0	0	0	0	0	0	0	45
4	OC05CF	1																		1
4	OC09BR	1																		1
4	OC09NE	1																		1
4	OC17NE	1																		1
4	OC63BR	1																		1
4	OC68MI	1																		1
4	OC76DO	1																		1
4	OC76NE	1																		1
4	Totales OC	8	0	0	0	0	0	0	0	0	0	0	0	0	0	0	0	0	0	8
4	OD30NE	1																		1
4	OD31BG	1																		1
4	OD31NE	1																		1
4	Totales OD	3	0	0	0	0	0	0	0	0	0	0	0	0	0	0	0	0	0	3
4	OE20NE	1																		1
4	OE22HF	1																		1
4	OE22NE	1																		1
4	OE23WB	1																		1
4	OEB1R1	2																		2
4	OEB1RO	1																		1
4	OEB2R2	1																		1
4	OEB3R2	1																		1
4	OEC1R1	1																		1
4	OEC1RO	1																		1
4	OEL1R1	1																		1
4	OEL2R2	1																		1
4	OEM2R2	1																		1
4	OET1NE	3																		3
4	OET1TA	1																		1
4	OET2NE	1																		1
4	OET2WB	1																		1
4	Totales OE	20	0	0	0	0	0	0	0	0	0	0	0	0	0	0	0	0	0	20
4	OF14NE	2																		2
4	OF16NE	1																		1
4	OF17AS	1																		1
4	OF17AZ	1																		1
4	OF17RO	1																		1
4	OF18BR	1																		1
4	OF18NE	1																		1
4	OF18RO	1																		1
4	OF19BR	1																		1
4	OF19RO	1																		1
4	OFC2BR	1																		1
4	OFC2RO	1																		1
4	OFL1AS	1																		1
4	OFL1AZ	2																		2
4	OFL1RO	1																		1
4	OFL2BR	1																		1
4	OFL2RO	1																		1
4	OFM2RO	1																		1
4	OFT2BR	1																		1
4	OFT2RO	1																		1
4	Totales OF	22	0	0	0	0	0	0	0	0	0	0	0	0	0	0	0	0	0	22
4	OG02CF	1																		1
4	OG12HF	1																		1
4	OG12NE	1																		1
4	OG29NE	1																		1
4	Totales OG	4	0	0	0	0	0	0	0	0	0	0	0	0	0	0	0	0	0	4
4	OK01NE	1																		1
4	OK1BCN	1																		1
4	OK1TCF	1																		1
4	OK1TCN	1																		1
4	OK1TNE	1																		1
4	OK26RO	1																		1
4	OK2TCF	1																		1
4	OK2TNE	1																		1
4	OK34NE	1																		1
4	OK35OR	1																		1
4	OK80CF	1																		1
4	OK80NE	1																		1
4	OK81NE	1																		1
4	OKB2CF	1																		1
4	OKB2NE	1																		1
4	OKB3XO	2																		2
4	OKB4NR	1																		1
4	OKB5NR	1																		1
4	OKC4NR	1																		1
4	OKL2RO	1																		1
4	OKL4NR	1																		1
4	OKM2RO	1																		1
4	OKP2XO	1																		1
4	OKP4NR	1																		1
4	OKT1AL	1																		1
4	OKT2RO	1																		1
4	OKT2VE	1																		1
4	OKT2XO	1																		1
4	OKT4NR	1																		1
4	Totales OK	30	0	0	0	0	0	0	0	0	0	0	0	0	0	0	0	0	0	30
4	OL27HF	1																		1
4	OL45CF	1																		1
4	OL45NE	1																		1
4	OL65CN	1																		1
4	OL65NE	1																		1
4	Totales OL	5	0	0	0	0	0	0	0	0	0	0	0	0	0	0	0	0	0	5
4	OM36NE	1																		1
4	OM37NE	1																		1
4	Totales OM	2	0	0	0	0	0	0	0	0	0	0	0	0	0	0	0	0	0	2
4	ON28NE	1																		1
4	ON31PL	1																		1
4	Totales ON	2	0	0	0	0	0	0	0	0	0	0	0	0	0	0	0	0	0	2
4	OO26NE	1																		1
4	Totales OO	1	0	0	0	0	0	0	0	0	0	0	0	0	0	0	0	0	0	1
4	OP56NE	1																		1
4	OP57RO	1																		1
4	OP60RO	1																		1
4	OP61DO	1																		1
4	OP61NE	1																		1
4	Totales OP	5	0	0	0	0	0	0	0	0	0	0	0	0	0	0	0	0	0	5
4	OQ56CF	1																		1
4	OQ57RO	2																		2
4	OQ58R*	1																		1
4	OQ58RO	1																		1
4	OQ59AZ	1																		1
4	OQ60CF	1																		1
4	OQ67CF	1																		1
4	OQ68NE	1																		1
4	OQB5NE	1																		1
4	OQC1RO	1																		1
4	OQC2RO	1																		1
4	OQL1RO	1																		1
4	OQT1R*	1																		1
4	OQT1RO	1																		1
4	Totales OQ	15	0	0	0	0	0	0	0	0	0	0	0	0	0	0	0	0	0	15
4	OS51MI	1																		1
4	Totales OS	1	0	0	0	0	0	0	0	0	0	0	0	0	0	0	0	0	0	1
4	OT20CF	1																		1
4	OT20NE	1																		1
4	OT21CF	1																		1
4	OT24CF	2																		2
4	OT25MI	2																		2
4	OT26NE	3																		3
4	OT40BG	1																		1
4	OT44RS	1																		1
4	OT46NE	1																		1
4	OT51CF	1																		1
4	OT51RO	1																		1
4	OT52CF	1																		1
4	OT54CQ	1																		1
4	OT54PL	1																		1
4	OT56CQ	1																		1
4	OT56PL	1																		1
4	OT57MB	1																		1
4	OT58MB	1																		1
4	OT63NE	1																		1
4	OT64NE	1																		1
4	OT65HF	1																		1
4	OT68D*	2																		2
4	OT69D*	1																		1
4	OTC*CQ	1																		1
4	OTC*PL	1																		1
4	OTC4CF	1																		1
4	OTC7NE	2																		2
4	OTC8AS	1																		1
4	OTC9D*	2																		2
4	OTL1CF	1																		1
4	OTL1PL	1																		1
4	OTL1RO	1																		1
4	OTM*CF	1																		1
4	OTM*RO	1																		1
4	OTM1CQ	1																		1
4	OTM1PL	1																		1
4	OTM9D*	1																		1
4	OTP2**	1																		1
4	OTP4NE	1																		1
4	OTP5NE	1																		1
4	OTP6CF	1																		1
4	OTP6RO	1																		1
4	OTP8**	4																		4
4	OTT1AZ	1																		1
4	OTT6CF	1																		1
4	OTT6CQ	1																		1
4	OTT6PL	1																		1
4	OTT6RO	1																		1
4	OTT7NE	1																		1
4	OTT8HF	1																		1
4	OTT9D*	1																		1
4	Totales OT	61	0	0	0	0	0	0	0	0	0	0	0	0	0	0	0	0	0	61
4	OU21BG	1																		1
4	OU22NE	1																		1
4	OU55CF	1																		1
4	OU55NE	1																		1
4	Totales OU	4	0	0	0	0	0	0	0	0	0	0	0	0	0	0	0	0	0	4
4	OVB3NE	1																		1
4	OVB6BG	2																		2
4	OVB8MB	1																		1
4	OVB8NE	1																		1
4	OVB9MB	1																		1
4	OVC6BG	2																		2
4	Totales OV	8	0	0	0	0	0	0	0	0	0	0	0	0	0	0	0	0	0	8
4	OW29**	1																		1
4	OW96**	4																		4
4	OWES**	8																		8
4	Totales OW	13	0	0	0	0	0	0	0	0	0	0	0	0	0	0	0	0	0	13
4	OX10NE	1																		1
4	OX12AZ	1																		1
4	OX12HF	1																		1
4	OX13DO	1																		1
4	OX24MI	1																		1
4	OX24NE	1																		1
4	Totales OX	6	0	0	0	0	0	0	0	0	0	0	0	0	0	0	0	0	0	6
4	OY19RO	1																		1
4	OY97NE	1																		1
4	OY98BG	1																		1
4	Totales OY	3	0	0	0	0	0	0	0	0	0	0	0	0	0	0	0	0	0	3
4	OZB2RO	2																		2
4	OZM2RO	1																		1
4	OZP4AZ	1																		1
4	OZP5RO	1																		1
4	Totales OZ	5	0	0	0	0	0	0	0	0	0	0	0	0	0	0	0	0	0	5
4	TARJETA	44																		44
4	Totales TA	44	0	0	0	0	0	0	0	0	0	0	0	0	0	0	0	0	0	44
4	ZS91RO	1																		1
4	ZS95MI	1																		1
4	ZS95NE	1																		1
4	ZS96NE	1																		1
4	ZS96RO	1																		1
4	Totales ZS	5	0	0	0	0	0	0	0	0	0	0	0	0	0	0	0	0	0	5
4	ZT16MA	2																		2
4	ZT17BG	1																		1
4	ZT17BR	1																		1
4	ZT59RO	1																		1
4	Totales ZT	5	0	0	0	0	0	0	0	0	0	0	0	0	0	0	0	0	0	5
4	O401HF		0	0		2		0		1		0								3
4	O401TA		0	0		2		0		1		0								3
4	O402MI		0	0		2		0		2		0								4
4	O403HF		0	0		2		0		2		0								4
4	O403WI		0	0		2		0		1		0								3
4	O404HF		0	0		1		0		2		0								3
4	O404MI		0	0		1		0		1		0								2
4	O405CQ		0	0		0		0		2		0								2
4	O406UV		0	0		1		0		1		0								2
4	O407BR		0	0		1		0		1		0								2
4	O407WI		0	0		0		0		1		0								1
4	O408NE		0	0		1		0		1		0								2
4	O408XO		0	0		1		0		1		0								2
4	O409CF		0	0		1		0		1		0								2
4	Totales O4	0	0	0	0	17	0	0	0	18	0	0	0	0	0	0	0	0	0	35
4	OH80MI		0	0		0		0		1		0								1
4	OH80NE		0	0		1		0		1		0								2
4	OHC1MI		0	1		0		0		1		0								2
4	Totales OH	0	0	1	0	1	0	0	0	3	0	0	0	0	0	0	0	0	0	5
4	OUC1NE		0	0		1		0		0		0								1
4	OUC2MI		0	0		1		1		0		0								2
4	OUC3HF		0	1		0		1		1		0								3
4	OUC4HF		0	0		0		2		1		0								3
4	Totales OU	0	0	1	0	2	0	4	0	2	0	0	0	0	0	0	0	0	0	9
4	ZE74HF		0	0		0		0		1		0								1
4	ZE76WB		0	0		1		0		0		0								1
4	ZE77HF		0	1		0		1		0		0								2
4	ZE77MB		0	0		1		1		2		0								4
4	Totales ZE	0	0	1	0	2	0	2	0	3	0	0	0	0	0	0	0	0	0	8
4	O201HF														0	1	0	0		1
4	O203HF														1	0	1	0		2
4	O203NE														1	2	0	0		3
4	O204DO														1	1	0	0		2
4	O204GR														2	1	0	1		4
4	O205DO														1	1	1	0		3
4	O205GR														1	1	1	0		3
4	O208DO														0	0	0	1		1
4	O208GR														2	0	0	1		3
4	Totales O2	0	0	0	0	0	0	0	0	0	0	0	0	0	9	7	3	3	0	22
4	O421A*														1	1	0	0		2
4	O421C*														1	1	0	0		2
4	O421N*														1	1	0	0		2
4	O421R*														1	1	0	0		2
4	O422A*														1	0	0	0		1
4	O422C*														1	1	0	0		2
4	O422N*														1	0	0	0		1
4	O422R*														1	1	0	0		2
4	O451AZ														1	1	0	0		2
4	O451TA														1	1	0	0		2
4	O452CF														0	1	0	0		1
4	O452NE														1	1	0	0		2
4	Totales O4	0	0	0	0	0	0	0	0	0	0	0	0	0	11	10	0	0	0	21
4	OA30BR														0	1	0	1		2
4	OA31GR														1	1	0	1		3
4	OA32VE														1	1	0	0		2
4	OA58HF														1	0	0	0		1
4	OA58NE														0	1	0	0		1
4	OA62BG														1	0	0	0		1
4	OA62NE														1	1	1	0		3
4	OA63AZ														0	0	1	0		1
4	OA75CF														0	0	0	1		1
4	OA75NE														0	0	0	1		1
4	Totales OA	0	0	0	0	0	0	0	0	0	0	0	0	0	5	5	2	4	0	16
4	OD01NE														1	0	0	0		1
4	OD02LU														0	1	0	0		1
4	OD03AZ														0	1	0	0		1
4	OD03NE														0	2	0	0		2
4	OD05NE														0	0	0	1		1
4	OD06BG														0	1	1	1		3
4	OD07HF														2	0	0	0		2
4	OD08HF														2	1	0	0		3
4	OD08NE														2	0	0	1		3
4	OD09NE														0	1	1	1		3
4	OD09RO														0	1	0	0		1
4	OD10LU														0	0	1	0		1
4	OD10NE														0	0	1	0		1
4	Totales OD	0	0	0	0	0	0	0	0	0	0	0	0	0	7	8	4	4	0	23
4	OH51TA														1	1	0	0		2
4	OH51XO														1	1	0	0		2
4	OH52AZ														1	1	0	0		2
4	OH52RO														1	1	0	0		2
4	Totales OH	0	0	0	0	0	0	0	0	0	0	0	0	0	4	4	0	0	0	8
4	OQ01NE														0	1	0	1		2
4	OQ05CF														1	1	0	0		2
4	OQ05HF														1	1	0	0		2
4	Totales OQ	0	0	0	0	0	0	0	0	0	0	0	0	0	2	3	0	1	0	6
4	Total	359	0	48	346	497	479	388	423	184	79	81	5	0	38	37	9	12	0	2985
3	A703NA			0	1	0	1	0	0	0										2
3	A703NV			1	0	0	0	0	0	0										1
3	A714RN			1	1	1	0	1	0	0										4
3	A71AN*			0	1	1	0	0	0	0										2
3	Totales A7	0	0	2	3	2	1	1	0	0	0	0	0	0	0	0	0	0	0	9
3	BY35RM			0	1	1	1	1	0	0										4
3	BY35RN			0	1	1	1	1	0	0										4
3	BY39RM			0	1	2	1	1	0	0										5
3	BY39RN			0	0	0	1	0	0	0										1
3	BY50MN			0	1	1	0	1	0	0										3
3	BY50NX			0	1	1	1	0	0	0										3
3	Totales BY	0	0	0	5	6	5	4	0	0	0	0	0	0	0	0	0	0	0	20
3	CG0AMB			0	1	0	1	0	0	0										2
3	CG0ARN			0	1	1	1	1	0	0										4
3	CG28LA			0	1	1	0	1	1	0										4
3	CG28RN			0	1	0	1	1	0	0										3
3	CG58SN			0	1	0	1	0	0	0										2
3	CG58SR			1	1	1	1	0	1	0										5
3	CG9XIP			0	1	1	1	1	0	0										4
3	CG9XRC			0	1	1	1	1	0	0										4
3	CG9XRN			0	1	1	1	1	0	0										4
3	Totales CG	0	0	1	9	6	8	6	2	0	0	0	0	0	0	0	0	0	0	32
3	DZ15RN			0	1	0	0	0	1	0										2
3	DZ59RN			0	1	0	1	0	0	0										2
3	Totales DZ	0	0	0	2	0	1	0	1	0	0	0	0	0	0	0	0	0	0	4
3	EO44IA			0	1	1	1	0	0	0										3
3	EO44RN			0	1	2	0	1	0	0										4
3	EO46RN			0	1	1	1	1	0	0										4
3	EO46SR			0	1	1	1	1	0	0										4
3	EO73RN			0	1	1	0	1	0	0										3
3	EO83NS			0	1	0	1	0	0	0										2
3	Totales EO	0	0	0	6	6	4	4	0	0	0	0	0	0	0	0	0	0	0	20
3	FB4XN5			0	1	0	0	1	0	0										2
3	FB4XP1			0	1	2	1	1	1	0										6
3	FB78MB			0	1	1	0	0	0	0										2
3	FB78RN			0	1	0	0	0	0	0										1
3	FB82IP			0	1	1	0	0	0	0										2
3	FB82X0			0	1	1	1	1	0	0										4
3	Totales FB	0	0	0	6	5	2	3	1	0	0	0	0	0	0	0	0	0	0	17
3	G714TO			0	1	1	1	1	1	0										5
3	G722CE			0	1	1	0	1	0	0										3
3	G722EY			0	1	2	1	1	1	0										6
3	G722MN			0	1	1	1	1	0	0										4
3	Totales G7	0	0	0	4	5	3	4	2	0	0	0	0	0	0	0	0	0	0	18
3	IX25EL			0	1	0	0	1	0	0										2
3	IX25GR			0	0	1	0	1	1	0										3
3	IX5WNI			0	1	1	0	1	0	0										3
3	IX5WOX			1	1	1	1	0	0	0										4
3	IX7DCR			0	1	1	1	1	0	0										4
3	Totales IX	0	0	1	4	4	2	4	1	0	0	0	0	0	0	0	0	0	0	16
3	LP01*F			0	0	1	0	1	0	0										2
3	LP01*N			0	2	1	0	1	1	0										5
3	LP01CR			1	1	1	1	1	0	0										5
3	LP01D1			0	1	1	1	1	0	0										4
3	LP01DO			0	1	0	1	0	1	0										3
3	LP01RN			0	1	1	0	0	0	0										2
3	LP01T5			0	0	0	1	1	0	0										2
3	LP09CR			0	1	1	1	1	0	0										4
3	LP09N6			0	1	0	0	0	0	0										1
3	LP0CIA			0	1	1	1	1	0	0										4
3	LP0CRC			0	1	2	1	1	0	0										5
3	LP0CRN			0	0	1	0	0	0	0										1
3	LP0EA2			0	0	1	0	0	0	0										1
3	LP0EN2			0	1	1	1	0	0	0										3
3	LP0MCR			0	1	0	0	1	0	0										2
3	LP0MRN			0	1	1	0	1	0	0										3
3	LP0PR1			0	0	0	0	0	1	0										1
3	LP1CBR			0	1	0	0	0	1	0										2
3	LP1CRN			0	2	1	0	0	0	0										3
3	LP1DR1			0	1	1	1	1	0	0										4
3	LP1NRM			0	0	0	1	0	0	0										1
3	LP1NRN			0	1	1	1	1	0	0										4
3	LP1NSR			0	1	1	0	0	0	1										3
3	LP3PRM			0	1	1	1	0	0	0										3
3	LP3PRN			0	1	1	1	1	1	0										5
3	LP62RN			0	1	1	1	0	0	0										3
3	LP6WRC			0	1	1	0	1	0	0										3
3	LP6WRN			0	1	1	0	0	0	0										2
3	LP71OX			0	2	0	0	1	0	0										3
3	LP71PL			0	0	1	1	0	0	0										2
3	LP8PRM			0	1	0	0	0	0	0										1
3	LP8PRN			0	1	0	0	0	0	0										1
3	Totales LP	0	0	1	28	23	15	15	5	1	0	0	0	0	0	0	0	0	0	88
3	NU3MM8			0	1	1	1	1	0	0										4
3	NU3MN8			0	0	0	1	0	0	0										1
3	Totales NU	0	0	0	1	1	2	1	0	0	0	0	0	0	0	0	0	0	0	5
3	P646RM			0	1	0	0	0	0	0										1
3	P673GR			0	1	0	0	0	0	0										1
3	P679RC			0	1	1	1	1	0	0										4
3	P679RN			0	0	1	0	0	0	0										1
3	P686RM			0	1	0	0	0	1	1										3
3	P686RN			0	1	0	0	0	0	0										1
3	Totales P6	0	0	0	5	2	1	1	1	1	0	0	0	0	0	0	0	0	0	11
3	QR1PNI			0	1	1	1	1	1	0										5
3	QR2ABN			0	0	0	0	1	0	0										1
3	QR2PRC			0	1	1	0	1	0	0										3
3	QR2PRN			0	1	1	0	0	0	0										2
3	QR2WIA			0	1	0	1	0	0	0										2
3	QR2WRN			0	0	0	1	0	1	0										2
3	QR3RN3			0	1	0	0	0	0	0										1
3	Totales QR	0	0	0	5	3	3	3	2	0	0	0	0	0	0	0	0	0	0	16
3	R214CF			0	1	0	1	1	0	0										3
3	R214SN			0	0	0	1	1	1	0										3
3	R214SR			0	0	1	0	0	0	0										1
3	R214XO			0	0	1	1	0	0	0										2
3	Totales R2	0	0	0	1	2	3	2	1	0	0	0	0	0	0	0	0	0	0	9
3	R480RO			0	0	1	0	0	1	0										2
3	Totales R4	0	0	0	0	1	0	0	1	0	0	0	0	0	0	0	0	0	0	2
3	RA03NE			0	1	1	1	1	1	0										5
3	RA03RM			0	2	1	1	1	1	0										6
3	RA05NR			1	1	0	0	0	0	0										2
3	RA05RM			0	0	0	1	0	0	0										1
3	RA07NE			0	1	1	1	0	1	0										4
3	RA07RO			0	1	1	0	1	1	0										4
3	RA07XO			0	1	1	0	1	0	0										3
3	RA15NE			0	1	1	1	1	0	0										4
3	RA15XO			0	1	1	0	0	1	0										3
3	RA21GR			0	1	0	1	1	0	0										3
3	RA21RO			0	0	1	0	1	1	1										4
3	RA47BR			0	0	1	0	1	0	0										2
3	RA47XO			1	1	0	1	1	0	0										4
3	RA90XM			0	0	1	0	3	0	0										4
3	RA90XO			0	2	1	2	2	0	0										7
3	RA94XO			0	1	1	1	1	0	0										4
3	RA95NE			0	1	1	0	0	1	0										3
3	RA95RO			0	1	1	1	1	0	0										4
3	RA95XO			0	1	1	1	0	1	1										5
3	RA96NE			0	1	0	1	1	0	0										3
3	RA96RO			0	1	0	1	0	0	0										2
3	RA96XO			1	1	0	0	0	0	0										2
3	RA98RO			0	1	1	2	1	1	0										6
3	RA98XO			0	0	2	2	1	1	0										6
3	Totales RA	0	0	3	21	18	18	19	10	2	0	0	0	0	0	0	0	0	0	91
3	RB45AN			0	1	1	1	0	0	0										3
3	RB45SN			0	0	1	2	1	0	0										4
3	Totales RB	0	0	0	1	2	3	1	0	0	0	0	0	0	0	0	0	0	0	7
3	RC30MA			0	1	0	1	1	1	0										4
3	RC30NE			0	1	0	0	1	0	0										2
3	RC30RO			0	1	1	1	0	0	0										3
3	RC35AZ			0	0	0	1	0	1	0										2
3	RC35NE			0	1	1	1	1	0	0										4
3	RC36RO			1	1	1	0	0	0	1										4
3	Totales RC	0	0	1	5	3	4	3	2	1	0	0	0	0	0	0	0	0	0	19
3	RD68NE			0	1	0	0	0	0	0										1
3	RD68XO			0	0	1	1	1	0	1										4
3	Totales RD	0	0	0	1	1	1	1	0	1	0	0	0	0	0	0	0	0	0	5
3	RG59CF			0	1	0	1	1	1	0										4
3	RG59MI			0	1	1	0	1	0	0										3
3	RG59NE			0	1	1	1	0	1	0										4
3	RG67NE			0	0	1	1	1	0	0										3
3	RG67XO			0	1	1	0	1	1	0										4
3	RG70AZ			0	1	0	1	0	0	0										2
3	RG70LU			0	0	1	1	1	1	0										4
3	RG88RO			0	1	1	2	0	0	0										4
3	Totales RG	0	0	0	6	6	7	5	4	0	0	0	0	0	0	0	0	0	0	28
3	RS00CR			0	1	1	0	1	0	0										3
3	RS00RN			0	1	1	0	0	0	0										2
3	RS06MB			0	0	0	0	1	1	0										2
3	RS06RN			0	0	0	0	2	1	0										3
3	RS0X*C			0	1	0	1	1	1	0										4
3	RS0XIA			0	1	1	1	1	0	0										4
3	RS0XRN			0	1	1	1	0	1	0										4
3	RS17RN			0	2	0	1	1	1	0										5
3	RS27RC			0	1	0	1	1	0	0										3
3	RS27RN			1	1	0	1	0	0	0										3
3	RS37M3			0	1	1	1	1	0	0										4
3	RS37N3			0	0	0	0	0	1	0										1
3	RS37R3			0	0	0	0	0	0	1										1
3	RS3BG1			0	1	0	0	0	0	0										1
3	RS3BN1			0	1	2	0	1	1	0										5
3	RS3NRN			0	1	0	0	1	1	0										3
3	RS3WRC			0	0	0	0	0	1	0										1
3	RS3WSR			0	0	0	0	0	0	1										1
3	RS48BR			0	0	1	1	0	0	2										4
3	RS48DO			0	1	0	0	0	0	0										1
3	RS48MB			0	1	1	0	2	0	1										5
3	RS48RN			0	1	1	1	1	0	0										4
3	RS49C1			0	0	1	1	1	0	0										3
3	RS4NML			0	1	1	1	1	0	0										4
3	RS4NRN			0	1	1	1	1	0	0										4
3	RS4NSR			0	0	1	0	1	0	0										2
3	RS57RT			0	1	1	1	1	0	0										4
3	RS57SR			0	0	1	0	0	0	0										1
3	RS5BM3			1	0	0	0	0	1	0										2
3	RS5BN1			0	1	1	0	1	1	0										4
3	RS61L1			0	1	1	0	0	0	0										2
3	RS61ML			0	0	0	0	1	0	0										1
3	RS61N1			0	1	1	1	1	1	0										5
3	RS61RN			0	0	0	1	0	0	0										1
3	RS64OX			1	1	1	1	1	1	0										6
3	RS64RN			0	1	1	0	1	1	0										4
3	RS64SR			0	0	0	0	2	1	0										3
3	RS72PL			0	1	1	1	1	0	1										5
3	RS72RN			1	1	1	1	1	0	0										5
3	RS87LA			0	1	0	1	1	0	0										3
3	RS87RN			0	1	0	1	1	0	0										3
3	RS9YMB			0	1	0	1	1	1	0										4
3	RS9YRN			0	1	1	0	1	0	0										3
3	RS9YSR			0	1	0	1	2	0	0										4
3	Totales RS	0	0	4	31	24	22	34	16	6	0	0	0	0	0	0	0	0	0	137
3	T52BRM			0	0	0	0	1	1	0										2
3	T52BRN			0	1	1	1	1	0	0										4
3	T589RC			0	1	1	1	2	0	0										5
3	T589RN			0	1	0	0	0	1	0										2
3	Totales T5	0	0	0	3	2	2	4	2	0	0	0	0	0	0	0	0	0	0	13
3	UN2XLA			0	1	0	0	0	0	0										1
3	UN2XRN			0	0	0	1	1	0	0										2
3	UN4BG2			0	0	1	0	1	0	0										2
3	UN6DC2			0	1	1	1	1	0	0										4
3	UN6DN3			0	1	1	1	1	0	0										4
3	Totales UN	0	0	0	3	3	3	4	0	0	0	0	0	0	0	0	0	0	0	13
3	VT1BIA			0	0	0	0	0	1	0										1
3	VT1BRN			0	0	0	1	0	0	0										1
3	VT4ARM			0	0	0	1	1	0	0										2
3	VT4ARN			0	1	0	1	1	0	0										3
3	VT4ASR			0	0	0	0	1	0	0										1
3	VT6AIA			0	1	0	0	0	0	0										1
3	VT6ARM			0	0	0	0	0	1	0										1
3	VT6ARN			0	1	0	1	0	0	0										2
3	VT7R05			0	1	1	1	1	1	0										5
3	VT8EHR			0	0	0	1	0	0	0										1
3	VT8EOX			0	0	0	1	1	0	0										2
3	VT8ERN			0	1	1	0	1	1	0										4
3	VT8ESR			0	1	1	1	1	0	1										5
3	VT94BR			0	2	1	0	1	1	0										5
3	VT94RC			0	1	0	1	0	1	0										3
3	VT94RN			0	1	1	2	1	1	0										6
3	VT97A9			0	0	0	0	0	1	0										1
3	VT97BG			0	0	0	0	1	1	0										2
3	Totales VT	0	0	0	10	5	11	10	9	1	0	0	0	0	0	0	0	0	0	46
3	WD8CRM			0	1	1	1	1	0	0										4
3	WD8CRN			0	1	1	0	0	0	0										2
3	Totales WD	0	0	0	2	2	1	1	0	0	0	0	0	0	0	0	0	0	0	6
3	X302RN			0	1	0	1	0	1	0										3
3	X32RT6			0	0	1	1	2	0	0										4
3	X332AD			0	0	0	0	1	0	0										1
3	X332AZ			0	1	1	1	0	0	0										3
3	X332NG			0	1	1	0	0	0	0										2
3	X355RN			0	1	1	2	0	0	0										4
3	X36Y*F			0	1	0	1	0	1	0										3
3	X36YR1			0	1	0	1	0	0	0										2
3	X376N3			0	0	1	0	0	0	0										1
3	Totales X3	0	0	0	6	5	7	3	2	0	0	0	0	0	0	0	0	0	0	23
3	Z150BG			0	1	1	1	0	0	0										3
3	Z151NE			0	1	1	1	1	0	0										4
3	Z151RO			0	1	1	1	1	0	0										4
3	Totales Z1	0	0	0	3	3	3	2	0	0	0	0	0	0	0	0	0	0	0	11
3	Z203NE			0	1	0	0	1	0	0										2
3	Z207MB			0	1	0	0	0	0	0										1
3	Z207RO			0	0	0	1	0	0	0										1
3	Z210NE			1	0	0	0	0	0	0										1
3	Totales Z2	0	0	1	2	0	1	1	0	0	0	0	0	0	0	0	0	0	0	5
3	Z451NE			0	0	1	1	0	0	0										2
3	Z453CF			0	1	0	0	0	0	0										1
3	Z454AZ			0	1	0	2	0	0	0										3
3	Z455NE			0	1	0	0	1	1	0										3
3	Z456MI			0	0	1	1	0	0	0										2
3	Totales Z4	0	0	0	3	2	4	1	1	0	0	0	0	0	0	0	0	0	0	11
3	Z590AZ			0	0	0	1	1	0	0										2
3	Z592BR			0	1	1	1	1	1	0										5
3	Z592NE			0	1	0	0	0	0	1										2
3	Z593RO			0	1	1	1	1	0	0										4
3	Z594AZ			0	0	0	1	1	0	0										2
3	Z594NE			0	1	0	0	0	0	0										1
3	Z595AZ			0	1	0	1	1	0	0										3
3	Z595CF			0	1	1	1	1	0	0										4
3	Totales Z5	0	0	0	6	3	6	6	1	1	0	0	0	0	0	0	0	0	0	23
3	Z703DO			0	1	1	2	1	0	0										5
3	Z705BR			1	1	1	1	0	0	0										4
3	Z706NE			0	0	0	1	0	0	0										1
3	Z706RO			0	1	1	0	1	0	0										3
3	Totales Z7	0	0	1	3	3	4	2	0	0	0	0	0	0	0	0	0	0	0	13
3	ZA13BR			0	1	2	2	1	0	0										6
3	ZA14NE			0	0	0	0	1	0	0										1
3	ZA14TA			0	1	1	1	0	0	0										3
3	ZA19BR			0	1	0	1	2	0	0										4
3	ZA26NE			0	1	1	1	1	1	0										5
3	ZA28AZ			0	1	1	1	1	1	0										5
3	ZA28OX			0	0	2	2	0	1	0										5
3	ZA30B*			0	1	1	1	1	0	0										4
3	ZA31BG			0	1	1	0	0	0	0										2
3	ZA31CF			0	1	1	1	1	0	0										4
3	ZA33AZ			0	1	1	1	1	0	0										4
3	ZA33BR			0	1	1	1	1	0	0										4
3	ZA78WI			0	0	0	0	0	1	0										1
3	Totales ZA	0	0	0	10	12	12	10	4	0	0	0	0	0	0	0	0	0	0	48
3	ZCD1B*			0	1	0	1	1	0	0										3
3	ZCD1NE			0	0	1	0	1	0	0										2
3	ZCD2BR			0	0	1	0	1	0	0										2
3	ZCD2NE			0	1	1	1	1	0	0										4
3	ZCD3AZ			0	1	1	1	0	1	0										4
3	ZCD3XO			0	2	0	0	2	0	0										4
3	ZCD5NE			0	1	1	2	1	0	0										5
3	ZCD5XO			0	1	1	1	1	0	0										4
3	Totales ZC	0	0	0	7	6	6	8	1	0	0	0	0	0	0	0	0	0	0	28
3	ZD32NE			0	0	0	0	0	1	0										1
3	ZD34NE			0	1	1	0	0	1	0										3
3	ZD35NE			0	1	1	0	0	0	0										2
3	ZD35WI			0	1	0	0	0	0	0										1
3	ZD36NE			0	0	2	1	1	0	0										4
3	ZD37BR			0	1	2	2	0	0	0										5
3	ZD38NE			0	0	1	0	1	0	0										2
3	ZD38RO			0	1	1	2	0	0	0										4
3	ZD39MB			0	1	1	1	1	0	0										4
3	ZD39NE			0	0	0	1	1	0	0										2
3	ZD40AZ			0	1	1	1	1	0	0										4
3	ZD40MA			0	1	1	1	1	0	0										4
3	ZD41CR			0	1	1	1	1	0	0										4
3	ZD41DO			0	1	1	1	1	0	0										4
3	Totales ZD	0	0	0	10	13	11	8	2	0	0	0	0	0	0	0	0	0	0	44
3	ZF25MO			0	0	1	1	1	1	0										4
3	ZF26BR			0	1	1	1	1	0	0										4
3	ZF26C*			0	0	0	1	0	0	0										1
3	ZF27MO			0	1	1	1	0	1	0										4
3	ZF34NE			0	1	1	1	1	0	0										4
3	ZF34XO			0	1	0	1	1	0	0										3
3	ZF35BR			0	1	0	1	1	0	0										3
3	ZF38B*			0	0	1	0	1	0	0										2
3	ZF39AZ			0	1	1	0	1	0	0										3
3	ZF39RO			0	1	1	1	0	0	0										3
3	ZF46HF			0	1	1	1	1	1	0										5
3	ZF48BG			0	1	1	2	1	0	0										5
3	ZF49BR			0	1	1	0	1	1	0										4
3	ZF50C*			0	0	1	2	2	0	1										6
3	ZF50NE			0	0	1	1	0	0	0										2
3	ZF51OR			0	1	0	0	0	0	0										1
3	ZF55LU			0	0	0	0	0	1	0										1
3	ZF72NE			0	1	1	0	1	0	0										3
3	ZF72RO			0	0	0	1	0	0	0										1
3	Totales ZF	0	0	0	12	13	15	13	5	1	0	0	0	0	0	0	0	0	0	59
3	ZH80LU			0	1	1	0	1	1	0										4
3	ZH80NE			0	1	0	0	1	0	0										2
3	ZH81RO			0	1	1	1	2	1	0										6
3	ZH84MA			0	1	1	1	1	0	0										4
3	ZH84NE			0	1	1	1	1	0	0										4
3	ZH85DO			0	0	1	1	1	1	0										4
3	Totales ZH	0	0	0	5	5	4	7	3	0	0	0	0	0	0	0	0	0	0	24
3	ZJ01MB			0	1	1	1	1	0	0										4
3	ZJ01RN			0	1	1	1	1	0	0										4
3	ZJ02RN			0	1	1	0	0	1	0										3
3	ZJ07MB			0	1	0	1	1	0	0										3
3	ZJ08RN			0	0	1	0	0	1	0										2
3	ZJ08RO			0	0	0	1	0	0	0										1
3	ZJ09CF			0	1	1	1	1	0	0										4
3	ZJ09RN			0	1	1	1	1	0	0										4
3	ZJ13CF			0	1	1	1	0	0	0										3
3	ZJ13RN			0	0	1	0	0	0	0										1
3	ZJ15MI			0	1	1	1	1	1	0										5
3	ZJ16BR			1	0	0	0	0	0	0										1
3	ZJ16RN			0	0	0	1	1	1	1										4
3	ZJ18AZ			0	1	1	0	0	0	0										2
3	ZJ18CF			0	1	2	0	0	0	0										3
3	ZJ32BR			0	1	1	1	1	0	0										4
3	ZJ32DO			0	1	0	0	0	0	0										1
3	ZJ33HR			0	1	1	1	1	0	1										5
3	ZJ33VE			0	1	0	1	1	0	0										3
3	ZJ34CR			0	1	1	1	1	0	0										4
3	ZJ34NE			0	1	0	1	1	0	0										3
3	ZJ34RO			0	0	1	1	0	0	0										2
3	ZJ35AZ			0	1	1	1	1	0	0										4
3	ZJ35MI			0	1	1	0	0	0	0										2
3	ZJ40BG			0	1	0	0	1	0	1										3
3	ZJ40BR			0	0	1	0	0	0	0										1
3	ZJ41DO			0	1	0	1	0	0	0										2
3	ZJ41NE			0	0	1	1	1	0	0										3
3	ZJ42CF			0	0	1	1	1	0	0										3
3	ZJ42RN			0	1	0	0	0	0	0										1
3	ZJ50BR			0	1	1	0	1	0	0										3
3	ZJ50PL			0	1	1	1	0	0	0										3
3	Totales ZJ	0	0	1	23	23	20	17	4	3	0	0	0	0	0	0	0	0	0	91
3	ZM56BR			0	1	1	1	1	0	0										4
3	ZM56DO			0	1	0	0	0	0	1										2
3	ZM57NE			1	1	1	1	1	0	0										5
3	ZM57RO			0	0	1	1	1	0	0										3
3	Totales ZM	0	0	1	3	3	3	3	0	1	0	0	0	0	0	0	0	0	0	14
3	ZO16IA			0	1	1	0	0	0	0										2
3	ZO16MI			0	1	1	1	1	0	0										4
3	ZO16RN			0	1	0	0	0	0	0										1
3	ZO16RO			0	1	1	0	0	1	0										3
3	Totales ZO	0	0	0	4	3	1	1	1	0	0	0	0	0	0	0	0	0	0	10
3	ZP20BG			0	0	0	1	1	1	0										3
3	ZP20NE			0	0	1	0	0	0	0										1
3	ZP20RO			0	0	1	0	1	0	1										3
3	ZP21AZ			0	1	1	1	1	0	0										4
3	ZP21MI			0	1	1	1	0	0	0										3
3	Totales ZP	0	0	0	2	4	3	3	1	1	0	0	0	0	0	0	0	0	0	14
3	ZQ06C*			0	1	0	0	0	1	0										2
3	ZQ09NE			0	1	1	0	1	0	0										3
3	ZQ24DO			0	1	1	1	1	0	0										4
3	ZQ31C*			0	1	0	1	0	0	0										2
3	ZQ36DO			0	1	0	0	0	0	0										1
3	ZQ37VE			0	0	1	1	0	0	0										2
3	ZQ41CF			0	1	1	1	0	0	0										3
3	Totales ZQ	0	0	0	6	4	4	2	1	0	0	0	0	0	0	0	0	0	0	17
3	ZU08NE			0	1	0	1	1	0	0										3
3	ZU08RO			0	1	1	1	0	1	0										4
3	ZU09AZ			0	0	0	1	0	0	0										1
3	ZU09DO			0	1	2	1	1	1	0										6
3	ZU14NE			0	1	2	2	0	0	0										5
3	ZU14TA			0	1	1	0	1	0	0										3
3	ZU15BR			0	0	1	2	0	0	0										3
3	ZU15MI			0	1	2	2	0	0	0										5
3	Totales ZU	0	0	0	6	9	10	3	2	0	0	0	0	0	0	0	0	0	0	30
3	ZV52RS			0	1	0	0	0	0	0										1
3	ZV52XM			0	1	1	0	1	0	0										3
3	ZV62AZ			0	1	1	1	0	1	0										4
3	ZV62DO			0	1	1	0	1	1	0										4
3	ZV63BR			0	1	1	1	1	1	0										5
3	ZV63RO			0	1	1	1	1	1	0										5
3	Totales ZV	0	0	0	6	5	3	4	4	0	0	0	0	0	0	0	0	0	0	22
3	ZWP1AZ			0	2	3	2	0	1	0										8
3	ZWP1MA			0	1	3	2	3	1	0										10
3	ZWP1NE			0	2	4	3	1	0	0										10
3	ZWP1RO			0	0	2	3	0	0	0										5
3	ZWP1VI			0	1	3	0	1	1	1										7
3	ZWP2BG			0	1	3	2	1	0	1										8
3	ZWP2GR			0	1	2	3	0	1	1										8
3	ZWP2MA			0	1	2	4	2	1	0										10
3	ZWP2NE			0	2	3	4	3	1	0										13
3	ZWP2RO			0	0	1	0	0	0	0										1
3	Totales ZW	0	0	0	11	26	23	11	6	3	0	0	0	0	0	0	0	0	0	80
3	ZX35NE			0	0	1	1	0	0	0										2
3	ZX35XO			0	1	1	2	0	0	0										4
3	ZX36NE			0	0	0	2	0	0	0										2
3	ZX38BR			0	1	2	2	0	0	0										5
3	Totales ZX	0	0	0	2	4	7	0	0	0	0	0	0	0	0	0	0	0	0	13
3	ZY80RO			0	1	1	1	1	1	0										5
3	ZY81NE			0	1	1	0	1	0	0										3
3	ZY82MA			0	1	1	1	1	0	0										4
3	Totales ZY	0	0	0	3	3	2	3	1	0	0	0	0	0	0	0	0	0	0	12
3	CREMA**	26																		26
3	CREMACE	1																		1
3	CREMALI	1																		1
3	CREMAMA	3																		3
3	CREMANE	4																		4
3	CREMARO	1																		1
3	CREMASP	1																		1
3	CREMAUV	1																		1
3	CREMAXO	3																		3
3	Totales CR	41	0	0	0	0	0	0	0	0	0	0	0	0	0	0	0	0	0	41
3	O303MI	1																		1
3	O321HF	1																		1
3	O322CF	1																		1
3	O322NE	1																		1
3	O3B2AZ	1																		1
3	O3B2VE	1																		1
3	O3B3A*	1																		1
3	O3B3MI	1																		1
3	O3B4A*	1																		1
3	O3B4N*	1																		1
3	O3B5N*	1																		1
3	O3B6NE	1																		1
3	O3B7VE	1																		1
3	O3C1AZ	1																		1
3	O3C1NE	1																		1
3	O3C1RO	1																		1
3	O3C2A*	1																		1
3	O3C3NE	1																		1
3	O3C3VE	1																		1
3	O3M1MI	1																		1
3	O3M1NE	1																		1
3	O3M2A*	1																		1
3	O3M2N*	1																		1
3	O3T2N*	1																		1
3	Totales O3	24	0	0	0	0	0	0	0	0	0	0	0	0	0	0	0	0	0	24
3	OC05NE	1																		1
3	OC09BR	1																		1
3	OC09NE	1																		1
3	OC17NE	1																		1
3	OC63BR	1																		1
3	OC68MI	1																		1
3	OC76DO	1																		1
3	OC76NE	1																		1
3	OC97NE	1																		1
3	Totales OC	9	0	0	0	0	0	0	0	0	0	0	0	0	0	0	0	0	0	9
3	OD30BR	1																		1
3	OD31NE	1																		1
3	ODC2BR	1																		1
3	Totales OD	3	0	0	0	0	0	0	0	0	0	0	0	0	0	0	0	0	0	3
3	OEB2R2	1																		1
3	OEB3R2	1																		1
3	OEC2R2	1																		1
3	OEM2R2	1																		1
3	Totales OE	4	0	0	0	0	0	0	0	0	0	0	0	0	0	0	0	0	0	4
3	OF17AS	1																		1
3	OF17AZ	1																		1
3	OF18BR	1																		1
3	OF18NE	1																		1
3	OF18RO	1																		1
3	OF19BR	1																		1
3	OFC2BR	1																		1
3	OFC2RO	2																		2
3	OFL1AS	1																		1
3	OFL2BR	1																		1
3	OFL2RO	1																		1
3	OFM2RO	2																		2
3	OFT2RO	1																		1
3	Totales OF	15	0	0	0	0	0	0	0	0	0	0	0	0	0	0	0	0	0	15
3	OG12HF	1																		1
3	Totales OG	1	0	0	0	0	0	0	0	0	0	0	0	0	0	0	0	0	0	1
3	OK14BR	1																		1
3	OK35NE	1																		1
3	OK35OR	2																		2
3	OKB3RO	1																		1
3	OKB4NR	1																		1
3	OKC2RO	1																		1
3	OKC2XO	1																		1
3	OKL2VE	1																		1
3	OKM1RS	1																		1
3	OKM2RO	1																		1
3	OKM2XO	1																		1
3	OKP1RS	1																		1
3	OKP2VE	1																		1
3	OKP2XO	1																		1
3	OKT2RO	1																		1
3	OKT2VE	1																		1
3	Totales OK	17	0	0	0	0	0	0	0	0	0	0	0	0	0	0	0	0	0	17
3	OM30AZ	1																		1
3	OM36NE	1																		1
3	OM37NE	1																		1
3	OM37RO	1																		1
3	Totales OM	4	0	0	0	0	0	0	0	0	0	0	0	0	0	0	0	0	0	4
3	ON28BR	1																		1
3	ON28NE	1																		1
3	ON31MI	1																		1
3	ON31PL	1																		1
3	ON34CF	1																		1
3	ON46NE	1																		1
3	ON64AZ	1																		1
3	Totales ON	7	0	0	0	0	0	0	0	0	0	0	0	0	0	0	0	0	0	7
3	OO26BG	1																		1
3	OO26NE	1																		1
3	Totales OO	2	0	0	0	0	0	0	0	0	0	0	0	0	0	0	0	0	0	2
3	OP56NE	1																		1
3	OP57RO	1																		1
3	OP59MB	1																		1
3	OP60RO	1																		1
3	Totales OP	4	0	0	0	0	0	0	0	0	0	0	0	0	0	0	0	0	0	4
3	OQ57R*	1																		1
3	OQ57RO	1																		1
3	OQ58R*	1																		1
3	OQ58RO	1																		1
3	OQ60CF	1																		1
3	OQ68NE	1																		1
3	OQ68RO	1																		1
3	OQC1RO	1																		1
3	OQC2R*	1																		1
3	OQC2RO	1																		1
3	OQL1RO	1																		1
3	OQT1RO	1																		1
3	Totales OQ	12	0	0	0	0	0	0	0	0	0	0	0	0	0	0	0	0	0	12
3	OT40BG	1																		1
3	OT44RS	1																		1
3	OT51CF	1																		1
3	OT52CF	1																		1
3	OT54CQ	1																		1
3	OT54PL	1																		1
3	OT56CQ	1																		1
3	OT56PL	1																		1
3	OT63NE	1																		1
3	OT64RO	1																		1
3	OT65HF	1																		1
3	OTC*CQ	1																		1
3	OTC4RO	1																		1
3	OTC7NE	1																		1
3	OTC8AS	1																		1
3	OTC8HF	1																		1
3	OTC9D*	1																		1
3	OTL1CQ	1																		1
3	OTM*CF	1																		1
3	OTM*RO	2																		2
3	OTM1CQ	1																		1
3	OTM1PL	1																		1
3	OTM8AS	1																		1
3	OTP2MB	1																		1
3	OTP2RO	2																		2
3	OTP6CF	1																		1
3	OTP7NE	1																		1
3	OTT3RS	1																		1
3	OTT6CF	1																		1
3	OTT6CQ	1																		1
3	OTT6RO	1																		1
3	OTT7NE	1																		1
3	Totales OT	34	0	0	0	0	0	0	0	0	0	0	0	0	0	0	0	0	0	34
3	OU22CF	1																		1
3	OU23CF	1																		1
3	OU24RO	1																		1
3	Totales OU	3	0	0	0	0	0	0	0	0	0	0	0	0	0	0	0	0	0	3
3	OVB4NE	1																		1
3	OVB6BG	1																		1
3	OVC6BG	1																		1
3	OVM6BG	1																		1
3	Totales OV	4	0	0	0	0	0	0	0	0	0	0	0	0	0	0	0	0	0	4
3	OW96**	1																		1
3	OWES**	4																		4
3	Totales OW	5	0	0	0	0	0	0	0	0	0	0	0	0	0	0	0	0	0	5
3	OX10NE	1																		1
3	OX10RO	1																		1
3	OX11NE	1																		1
3	OX13NE	1																		1
3	Totales OX	4	0	0	0	0	0	0	0	0	0	0	0	0	0	0	0	0	0	4
3	OY97NE	1																		1
3	OY98BG	1																		1
3	Totales OY	2	0	0	0	0	0	0	0	0	0	0	0	0	0	0	0	0	0	2
3	OZB1AZ	1																		1
3	OZB1RO	1																		1
3	OZB2RO	1																		1
3	OZC3NE	1																		1
3	OZP5RO	2																		2
3	Totales OZ	6	0	0	0	0	0	0	0	0	0	0	0	0	0	0	0	0	0	6
3	TARJETA	31																		31
3	Totales TA	31	0	0	0	0	0	0	0	0	0	0	0	0	0	0	0	0	0	31
3	ZS95MI	1																		1
3	ZS95NE	1																		1
3	ZS96NE	1																		1
3	ZS96RO	1																		1
3	Totales ZS	4	0	0	0	0	0	0	0	0	0	0	0	0	0	0	0	0	0	4
3	ZT16MA	1																		1
3	ZT17BG	1																		1
3	ZT58NE	1																		1
3	ZT59NE	1																		1
3	ZT59RO	1																		1
3	ZT98MB	1																		1
3	Totales ZT	6	0	0	0	0	0	0	0	0	0	0	0	0	0	0	0	0	0	6
3	O201HF														0	0	1	0		1
3	O202MI														1	1	1	0		3
3	O202NE														1	1	1	0		3
3	O203NE														1	0	0	0		1
3	O204GR														0	1	1	0		2
3	O208DO														0	1	0	0		1
3	Totales O2	0	0	0	0	0	0	0	0	0	0	0	0	0	3	4	4	0	0	11
3	O421A*														1	1	0	0		2
3	O421C*														1	1	0	0		2
3	O421N*														1	1	0	0		2
3	O421R*														0	1	0	0		1
3	O422A*														1	0	0	0		1
3	O422C*														1	1	0	0		2
3	O422N*														1	1	0	0		2
3	O422R*														1	1	0	0		2
3	O451AZ														1	1	0	0		2
3	O451TA														0	1	0	0		1
3	O452CF														0	1	0	0		1
3	Totales O4	0	0	0	0	0	0	0	0	0	0	0	0	0	8	10	0	0	0	18
3	OA30NE														1	0	0	1		2
3	OA32NE			1	0	1	0	0	0	0					0	0	0	0		2
3	OA32VE														1	1	0	0		2
3	OA46NE														0	0	0	1		1
3	OA58HF														1	2	2	0		5
3	OA61AS														1	1	1	0		3
3	OA62NE														1	0	0	0		1
3	OA86BL														0	0	0	1		1
3	Totales OA	0	0	1	0	1	0	0	0	0	0	0	0	0	5	4	3	3	0	17
3	OD05NE														1	1	0	1		3
3	OD06BG														0	1	1	1		3
3	OD08HF														1	2	0	0		3
3	OD08NE														0	1	0	0		1
3	OD09NE														0	1	1	0		2
3	OD09RO														0	1	1	0		2
3	OD10LU														0	0	1	0		1
3	OD10NE														0	1	1	1		3
3	Totales OD	0	0	0	0	0	0	0	0	0	0	0	0	0	2	8	5	3	0	18
3	OH51TA														1	1	0	0		2
3	OH51XO														1	0	0	0		1
3	OH52AZ														1	1	0	0		2
3	OH52RO														1	1	0	0		2
3	Totales OH	0	0	0	0	0	0	0	0	0	0	0	0	0	4	3	0	0	0	7
3	OP03GR														0	1	0	0		1
3	Totales OP	0	0	0	0	0	0	0	0	0	0	0	0	0	0	1	0	0	0	1
3	OQ01NE														1	0	0	0		1
3	OQ05CF														1	0	0	1		2
3	Totales OQ	0	0	0	0	0	0	0	0	0	0	0	0	0	2	0	0	1	0	3
3	ZI47HF														0	1	0	0		1
3	Total	242	0	18	295	282	271	238	99	23	0	0	0	0	24	31	12	7	0	1542
10	0D18JL					0	0	1	1	0	1	1	0	0					0	4
10	0D58RC					0	0	0	1	2	1	1	0	0					0	5
10	0D70EB					0	0	1	1	2	1	1	0	0					0	6
10	0D70N8					0	0	0	1	0	1	1	0	0					0	3
10	Totales 0D	0	0	0	0	0	0	2	4	4	4	4	0	0	0	0	0	0	0	18
10	0X16XM					0	0	0	1	2	2	1	0	0						6
10	0X60XN					0	0	0	0	0	0	1	1	0						2
10	0X65XM					0	0	0	0	0	0	1	1	0						2
10	0X65XN					0	0	0	0	0	0	1	0	0						1
10	0X86XL					0	0	0	0	0	1	0	0	0						1
10	0X98XL					0	0	1	0	0	0	0	0	0						1
10	0X98XM					0	0	0	0	0	0	1	0	0						1
10	0X98XN					0	0	0	0	0	0	1	0	0						1
10	Totales 0X	0	0	0	0	0	0	1	1	2	3	6	2	0	0	0	0	0	0	15
10	2N75CL					0	0	0	0	0	0	1	1	0					0	2
10	Totales 2N	0	0	0	0	0	0	0	0	0	0	1	1	0	0	0	0	0	0	2
10	3B00XC					0	0	0	0	0	0	1	0	0						1
10	3B01TT					0	0	1	0	0	0	0	0	0						1
10	3B02NM					0	0	1	0	0	0	1	0	0						2
10	3B02TN					0	0	0	0	0	0	1	0	0						1
10	3B15XJ					0	0	1	1	1	0	1	0	0						4
10	3B15XN					0	0	0	0	0	1	1	0	0						2
10	3B22XN					0	0	0	0	0	1	1	0	0					0	2
10	3B26TL					0	0	1	0	1	1	1	1	0						5
10	3B26TN					0	0	1	1	1	0	1	0	0						4
10	3B28TJ					0	0	1	0	1	1	1	0	0						4
10	3B28TN					0	0	0	0	1	0	0	0	0						1
10	3B49XC					0	0	0	0	0	0	1	0	0						1
10	3B49XN					0	0	0	0	0	0	1	0	0						1
10	3B95XN					0	0	1	0	1	1	1	0	0					0	4
10	Totales 3B	0	0	0	0	0	0	7	2	6	5	12	1	0	0	0	0	0	0	33
10	4H62XC					0	0	1	0	1	0	1	0	0					0	3
10	4H62XN					0	0	0	1	0	1	1	0	0					0	3
10	4H65XC					0	0	0	1	0	1	0	0	0					0	2
10	4H65XN					0	0	1	0	0	0	1	0	0					0	2
10	4H66XJ					0	0	0	1	1	0	1	0	0					0	3
10	4H66XN					0	0	0	1	0	0	0	0	0					0	1
10	4H72XM					0	0	1	1	0	1	1	0	0					0	4
10	4H72XN					0	0	1	1	0	1	1	0	0					0	4
10	4H77XN					0	0	0	1	2	1	1	0	0					0	5
10	4H96XN					0	0	1	1	0	1	1	0	0					0	4
10	4H97IA					0	0	1	1	1	1	1	0	0					0	5
10	4H97XN					0	0	1	0	1	1	1	0	0					0	4
10	4H98XJ					0	0	1	1	0	1	1	0	0					0	4
10	4H98XN					0	0	0	0	0	0	1	0	0					0	1
10	Totales 4H	0	0	0	0	0	0	8	10	6	9	12	0	0	0	0	0	0	0	45
10	5L44TL					0	0	0	0	0	0	1	0	0						1
10	Totales 5L	0	0	0	0	0	0	0	0	0	0	1	0	0	0	0	0	0	0	1
10	6F03TM					0	0	1	1	0	0	1	0	0						3
10	6F17TJ					0	0	0	0	0	1	1	0	0						2
10	6F17TM					0	0	0	0	0	1	1	0	0						2
10	6F24TJ					0	0	1	1	0	1	1	0	0						4
10	6F24TN					0	0	1	1	2	0	2	0	0						6
10	6F34TJ					0	0	0	1	0	0	1	0	0					0	2
10	6F34TN					0	0	1	0	0	1	1	0	0					0	3
10	6F36TL					0	0	0	0	0	0	1	0	0						1
10	6F36TN					0	0	0	0	0	0	1	0	0						1
10	6F39TJ					0	0	0	1	1	0	0	1	0						3
10	6F39TN					0	0	1	1	0	1	0	0	0						3
10	6F50TJ					0	0	1	0	1	0	0	0	0					0	2
10	6F50TN					0	0	1	0	0	0	1	0	0						2
10	6F67TL					0	0	1	1	1	1	1	0	0						5
10	6F67TN					0	0	1	0	1	0	1	1	0						4
10	Totales 6F	0	0	0	0	0	0	9	7	6	6	13	2	0	0	0	0	0	0	43
10	7M41XM					0	0	0	0	1	1	0	0	0						2
10	7M45XN					0	0	0	0	0	1	1	0	0						2
10	7M53XN					0	0	0	0	2	0	1	0	0					0	3
10	Totales 7M	0	0	0	0	0	0	0	0	3	2	2	0	0	0	0	0	0	0	7
10	8D04TN					0	0	0	0	0	0	1	0	0						1
10	8D25C8					0	0	1	0	2	2	1	0	0						6
10	Totales 8D	0	0	0	0	0	0	1	0	2	2	2	0	0	0	0	0	0	0	7
10	9H47XN					0	0	0	0	0	0	1	0	0						1
10	9H65XC					0	0	0	0	0	0	1	0	0						1
10	9H79XM					0	0	0	1	0	1	1	0	0						3
10	9H98XJ					0	0	0	1	0	0	0	0	0						1
10	9H98XN					0	0	0	0	0	0	1	0	0						1
10	Totales 9H	0	0	0	0	0	0	0	2	0	1	4	0	0	0	0	0	0	0	7
10	BH40XC					0	0	1	1	0	0	1	0	0					0	3
10	BH40XN					0	0	0	0	0	0	1	0	0					0	1
10	BH74IA					0	0	1	0	2	0	1	0	0					0	4
10	BH74XC					0	0	0	1	1	1	1	0	0					0	4
10	BH74XN					0	0	0	0	2	0	1	0	0					0	3
10	Totales BH	0	0	0	0	0	0	2	2	5	1	5	0	0	0	0	0	0	0	15
10	BJ51XM					0	0	0	0	1	0	0	0	0						1
10	BJ51XN					0	0	0	0	2	1	0	0	0						3
10	BJ59XN					0	0	0	0	0	0	2	0	0						2
10	BJ79XN					0	0	0	0	0	0	1	0	0						1
10	BJ82XN					0	0	0	0	1	1	0	0	0						2
10	Totales BJ	0	0	0	0	0	0	0	0	4	2	3	0	0	0	0	0	0	0	9
10	OU70CF					0	0	1	0	1	1	1	0	0					0	4
10	OU70NE					0	0	0	1	0	1	1	0	0					0	3
10	OU71CF					0	0	1	0	1	0	1	0	0					0	3
10	OU71NE					0	0	1	1	0	1	1	0	0					0	4
10	OU72AZ					0	0	0	0	0	1	1	0	0					0	2
10	OU72TA					0	0	1	1	1	1	1	0	0					0	5
10	Totales OU	0	0	0	0	0	0	4	3	3	5	6	0	0	0	0	0	0	0	21
10	R033XO					0	0	0	1	2	0	0	0	0						3
10	Totales R0	0	0	0	0	0	0	0	1	2	0	0	0	0	0	0	0	0	0	3
10	R606XO					0	1	0	0	2	1	0	0	0						4
10	R622OR					0	0	1	2	2	1	2	0	0						8
10	R638XM					0	0	0	1	1	1	0	0	0						3
10	R638XO					0	0	0	2	1	2	1	0	0						6
10	R645XO					0	0	0	0	0	0	0	1	0						1
10	Totales R6	0	0	0	0	0	1	1	5	6	5	3	1	0	0	0	0	0	0	22
10	R765XN					0	0	1	1	0	0	0	1	0						3
10	R765XO					0	1	1	1	1	2	0	0	0						6
10	R766XO					0	0	0	1	2	1	2	1	0						7
10	R767XM					0	0	1	1	0	0	0	0	0						2
10	R767XO					0	1	1	0	2	1	0	0	0						5
10	Totales R7	0	0	0	0	0	2	4	4	5	4	2	2	0	0	0	0	0	0	23
10	Z351XM					0	0	1	1	2	1	0	0	0					0	5
10	Z351XN					0	0	0	1	2	1	0	0	0					0	4
10	Z352XC					0	0	1	1	2	1	0	0	0					0	5
10	Z352XN					0	0	0	1	1	1	0	0	0					0	3
10	Z353XC					0	0	1	1	1	1	0	0	0					0	4
10	Z354XM					0	0	0	1	2	1	0	0	0					0	4
10	Z354XN					0	0	0	1	1	0	0	0	0					0	2
10	Z355XC					0	0	0	0	1	1	0	0	0					0	2
10	Z355XN					0	0	1	1	1	0	1	0	0					0	4
10	Z356XC					0	0	1	1	1	1	1	0	0					0	5
10	Z356XN					0	0	1	1	0	1	1	0	0					0	4
10	Z357XM					0	0	1	1	2	1	0	0	0					0	5
10	Z357XN					0	0	1	1	2	1	0	0	0					0	5
10	Totales Z3	0	0	0	0	0	0	8	12	18	11	3	0	0	0	0	0	0	0	52
10	Z801MI					0	0	0	0	0	1	1	0	0						2
10	Z802TA					0	0	0	0	0	1	0	0	0						1
10	Z803MI					0	0	1	0	0	0	1	0	0						2
10	Totales Z8	0	0	0	0	0	0	1	0	0	2	2	0	0	0	0	0	0	0	5
10	Z902HF					0	0	0	1	1	1	0	1	0						4
10	Z902NE					0	0	0	0	1	1	0	0	0						2
10	Z904XO					0	0	0	3	3	1	0	1	0						8
10	Z905CF					0	0	0	1	3	1	0	0	0						5
10	Z905NE					0	0	0	1	3	1	0	0	0						5
10	Totales Z9	0	0	0	0	0	0	0	6	11	5	0	2	0	0	0	0	0	0	24
10	ZN66CQ					0	0	0	2	2	1	1	1	0						7
10	ZN68CA					0	0	0	3	1	0	0	0	0						4
10	ZN70NE					0	0	0	0	0	1	1	0	0						2
10	ZN70UV					0	0	0	0	1	1	0	0	0						2
10	ZN80UV					0	0	0	0	0	0	1	0	0						1
10	ZN81NE					0	0	0	0	0	0	1	0	0						1
10	ZN81UV					0	0	0	0	0	1	0	0	0						1
10	ZN82NE					0	0	0	0	2	0	1	0	0					0	3
10	ZN82UV					0	0	1	0	0	1	1	0	0					0	3
10	ZN85NE					0	0	0	0	0	1	1	0	0						2
10	ZN87NE					0	0	0	0	0	0	2	1	0						3
10	ZN89NE					0	0	0	0	1	0	1	0	0						2
10	ZN92MA					0	0	1	2	1	1	1	0	0					0	6
10	ZN92NE					0	0	0	1	2	1	0	0	0					0	4
10	Totales ZN	0	0	0	0	0	0	2	8	10	8	11	2	0	0	0	0	0	0	41
10	ZO02XN					0	0	0	1	0	0	0	0	0						1
10	ZO05XM					0	0	0	0	0	0	2	0	0						2
10	ZO20XN					0	0	0	1	0	0	0	0	0						1
10	ZO71XM					0	0	1	1	1	1	0	0	0					0	4
10	ZO72XM					0	0	0	0	0	1	1	0	0						2
10	ZO74XM					0	0	1	1	1	1	0	0	0					0	4
10	ZO74XN					0	0	1	1	1	0	0	0	0					0	3
10	Totales ZO	0	0	0	0	0	0	3	5	3	3	3	0	0	0	0	0	0	0	17
10	ZR52GR					0	0	1	0	0	1	1	0	0					0	3
10	ZR52MI					0	0	0	1	0	0	0	0	0					0	1
10	ZR53DO					0	0	1	0	1	1	1	0	0					0	4
10	ZR53XO					0	0	1	1	0	1	0	0	0					0	3
10	ZR54AZ					0	1	0	1	0	1	1	0	0					0	4
10	ZR54CF					0	0	0	1	0	1	1	0	0					0	3
10	ZR55MB					0	0	0	0	1	0	1	0	0					0	2
10	ZR55MI					0	0	0	1	1	1	1	0	0					0	4
10	ZR56AZ					0	0	1	1	1	1	0	0	0					0	4
10	ZR56CF					0	0	0	1	1	1	0	0	0					0	3
10	ZR57MI					0	0	1	1	0	1	1	0	0					0	4
10	ZR58MI					0	0	0	0	1	0	0	0	0					0	1
10	ZR59NN					0	0	1	1	1	1	1	0	0					0	5
10	ZR59NT					0	0	1	1	1	1	1	0	0					0	5
10	Totales ZR	0	0	0	0	0	1	7	10	8	11	9	0	0	0	0	0	0	0	46
10	A703NA			0	0	1	1	0	0	0										2
10	A703NV			0	1	1	0	0	0	0										2
10	A714MD			1	1	2	1	1	1	0										7
10	A714RN			0	1	1	1	1	1	0										5
10	A71AA*			1	0	1	0	0	0	0										2
10	A71AN*			0	1	1	0	1	1	0										4
10	A71ANL			0	0	0	0	0	1	0										1
10	A71AV*			0	0	2	0	0	1	0										3
10	A732RN			0	1	0	0	0	0	0										1
10	A738NL			1	1	0	0	0	0	0										2
10	A75PC7			0	0	1	0	0	0	0										1
10	A75PV7			1	1	0	0	1	1	0										4
10	Totales A7	0	0	4	7	10	3	4	6	0	0	0	0	0	0	0	0	0	0	34
10	A901RC			1	0	0	0	0	0	0										1
10	A901RN			4	4	0	0	0	0	0										8
10	Totales A9	0	0	5	4	0	0	0	0	0	0	0	0	0	0	0	0	0	0	9
10	B167RT			1	2	0	3	0	1	0										7
10	B195ET			1	0	0	0	0	0	0										1
10	Totales B1	0	0	2	2	0	3	0	1	0	0	0	0	0	0	0	0	0	0	8
10	BY35RM			0	1	0	1	1	2	0										5
10	BY35RN			0	1	1	1	1	1	0										5
10	BY35XN			2	1	0	0	0	0	0										3
10	BY39RM			1	1	1	1	2	1	0										7
10	BY39RN			0	1	1	1	0	0	0										3
10	BY42RN			0	3	0	0	0	0	0										3
10	BY50MN			1	1	0	0	0	1	0										3
10	BY50NX			1	1	2	2	1	1	0										8
10	BY68RC			0	1	0	0	0	0	0										1
10	Totales BY	0	0	5	11	5	6	5	6	0	0	0	0	0	0	0	0	0	0	38
10	CG0AMB			1	0	1	1	1	1	0										5
10	CG0ARN			1	1	0	2	0	1	0										5
10	CG10RM			0	1	0	0	0	0	0										1
10	CG26EL			0	1	0	0	0	1	0										2
10	CG26RN			0	0	0	0	0	1	0										1
10	CG28EL			0	0	1	0	0	1	0										2
10	CG28LA			1	1	0	1	1	0	0										4
10	CG28RN			0	1	2	1	1	1	0										6
10	CG31N2			1	1	0	0	0	1	1										4
10	CG31O2			1	1	0	0	0	1	0										3
10	CG58SN			1	0	0	2	0	1	0										4
10	CG58SR			1	1	1	2	1	0	0										6
10	CG9XIP			0	1	1	1	1	1	1										6
10	CG9XRC			0	1	1	2	1	0	0										5
10	CG9XRN			0	1	1	1	1	1	0										5
10	Totales CG	0	0	7	11	8	13	7	11	2	0	0	0	0	0	0	0	0	0	59
10	DZ15RC			0	0	0	0	0	1	0										1
10	DZ15RN			0	1	0	0	0	0	1										2
10	DZ59MB			0	3	0	0	0	2	0										5
10	DZ59RN			0	0	0	2	0	0	0										2
10	DZ85HF			1	1	0	0	0	0	0										2
10	DZ85RN			1	0	0	0	0	0	0										1
10	DZ94AA			1	0	0	0	1	0	0										2
10	DZ94RN			0	0	0	0	0	1	0										1
10	Totales DZ	0	0	3	5	0	2	1	4	1	0	0	0	0	0	0	0	0	0	16
10	EO44IA			0	1	1	1	1	1	0										5
10	EO44RN			0	1	0	1	1	1	0										4
10	EO46RN			1	1	2	2	1	1	0										8
10	EO46SR			1	1	2	1	1	1	0										7
10	EO73IA			1	0	1	1	0	1	0										4
10	EO73RN			1	1	1	1	1	0	0										5
10	EO83NS			0	1	2	2	0	0	0										5
10	Totales EO	0	0	4	6	9	9	5	5	0	0	0	0	0	0	0	0	0	0	38
10	EW1NRM			0	1	0	0	0	0	0										1
10	EW1NRN			0	0	0	0	0	0	1										1
10	EW1PRM			0	0	1	0	0	1	0										2
10	EW1WRM			0	0	0	0	1	0	0										1
10	EW1YQN			2	0	0	0	0	0	0										2
10	EW4EG0			0	0	0	0	0	0	1										1
10	Totales EW	0	0	2	1	1	0	1	1	2	0	0	0	0	0	0	0	0	0	8
10	FB3YRN			0	2	0	0	0	0	0										2
10	FB4EN8			1	0	0	0	0	0	0										1
10	FB4XM5			0	1	0	0	0	0	0										1
10	FB4XN5			0	2	0	0	1	0	0										3
10	FB4XP1			0	1	2	2	1	1	1										8
10	FB4XVI			1	0	2	0	0	1	1										5
10	FB78MB			0	1	0	0	0	1	0										2
10	FB78RN			0	0	0	0	0	1	0										1
10	FB82IP			1	1	3	1	1	1	1										9
10	FB82OX			1	0	2	1	0	0	0										4
10	FB82RS			0	0	0	1	0	1	1										3
10	FB82X0			1	2	1	1	1	1	0										7
10	FB84OX			0	1	0	0	0	1	0										2
10	FB84RN			1	1	0	0	1	0	0										3
10	FB84VI			0	1	0	0	0	1	1										3
10	Totales FB	0	0	6	13	10	6	5	9	5	0	0	0	0	0	0	0	0	0	54
10	G714TO			0	1	2	2	1	1	1										8
10	G722CE			0	1	2	2	1	1	0										7
10	G722EY			0	1	2	2	1	1	1										8
10	G722MN			0	1	1	2	0	1	0										5
10	Totales G7	0	0	0	4	7	8	3	4	2	0	0	0	0	0	0	0	0	0	28
10	GA5XRC			0	0	0	0	0	2	0										2
10	Totales GA	0	0	0	0	0	0	0	2	0	0	0	0	0	0	0	0	0	0	2
10	GM00OX			0	3	2	1	1	2	0										9
10	GM18SG			0	0	0	0	0	1	0										1
10	GM18SN			0	0	0	2	0	2	0										4
10	GM21T1			0	1	2	1	0	0	1										5
10	GM23RN			0	1	2	0	0	0	0										3
10	Totales GM	0	0	0	5	6	4	1	5	1	0	0	0	0	0	0	0	0	0	22
10	HA62RM			1	0	1	0	0	1	0										3
10	HA62RN			0	1	0	0	0	0	0										1
10	Totales HA	0	0	1	1	1	0	0	1	0	0	0	0	0	0	0	0	0	0	4
10	HD0RHF			0	1	1	2	1	2	1										8
10	HD0RRN			0	1	0	0	0	1	0										2
10	HD6WRC			0	0	0	1	0	0	0										1
10	HD74RN			1	0	0	0	0	0	1										2
10	HD8PAB			0	0	0	0	0	1	0										1
10	HD8PRM			0	0	0	0	1	0	0										1
10	Totales HD	0	0	1	2	1	3	2	4	2	0	0	0	0	0	0	0	0	0	15
10	IX19ND			0	1	0	0	0	1	0										2
10	IX25EL			0	0	0	1	1	1	0										3
10	IX25GR			0	0	0	1	0	1	0										2
10	IX5WNI			1	2	1	2	1	0	0										7
10	IX5WOX			0	0	1	0	0	0	0										1
10	IX5WRN			0	1	2	1	0	1	0										5
10	IX6ERM			0	1	0	0	0	0	0										1
10	IX6ERN			0	1	0	0	0	0	0										1
10	IX7DCR			1	1	2	2	1	1	0										8
10	IX7DEA			0	2	0	0	0	0	0										2
10	IX7DRN			0	1	0	0	0	0	0										1
10	Totales IX	0	0	2	10	6	7	3	5	0	0	0	0	0	0	0	0	0	0	33
10	JQ69IA			1	0	0	0	0	0	0										1
10	JQ69RM			0	1	0	0	0	0	0										1
10	Totales JQ	0	0	1	1	0	0	0	0	0	0	0	0	0	0	0	0	0	0	2
10	K236EL			0	0	0	0	0	1	0										1
10	Totales K2	0	0	0	0	0	0	0	1	0	0	0	0	0	0	0	0	0	0	1
10	KN6DRM			0	1	1	1	1	1	0										5
10	Totales KN	0	0	0	1	1	1	1	1	0	0	0	0	0	0	0	0	0	0	5
10	LP01*F			0	0	1	0	0	0	0										1
10	LP01*N			0	1	0	0	0	0	0										1
10	LP01CR			0	1	2	1	1	1	0										6
10	LP01D1			1	1	2	2	1	1	0										8
10	LP01DO			0	0	0	1	0	1	0										2
10	LP01RM			0	0	0	0	1	0	0										1
10	LP01RN			0	1	2	0	1	0	0										4
10	LP01T5			1	1	1	0	1	1	0										5
10	LP09CR			0	1	1	1	1	0	0										4
10	LP09N6			0	1	0	0	0	0	0										1
10	LP09VI			1	0	0	0	1	1	0										3
10	LP0CIA			0	1	1	1	1	1	0										5
10	LP0CRC			1	1	1	2	1	1	0										7
10	LP0CRN			0	2	0	0	0	0	0										2
10	LP0EA2			0	0	1	0	0	1	0										2
10	LP0EN2			0	0	1	0	0	1	0										2
10	LP0MCR			1	0	0	1	0	0	0										2
10	LP0MRN			0	1	1	1	1	1	0										5
10	LP1CBR			1	0	0	2	1	0	0										4
10	LP1CRN			0	2	1	0	0	0	0										3
10	LP1DR1			0	1	2	2	0	1	0										6
10	LP1MEA			0	1	0	1	0	0	0										2
10	LP1NIA			0	1	0	0	1	0	0										2
10	LP1NRM			0	1	0	0	0	1	0										2
10	LP1NRN			0	1	1	0	1	2	0										5
10	LP1NSR			0	1	0	1	0	1	0										3
10	LP1XXN			1	1	2	2	0	1	0										7
10	LP29PL			0	0	0	0	1	0	0										1
10	LP29RN			0	0	0	0	1	0	0										1
10	LP29SN			0	0	0	0	0	1	0										1
10	LP3PEB			1	1	1	0	0	0	0										3
10	LP3PRM			0	1	1	1	0	1	0										4
10	LP3PRN			0	0	0	1	1	1	0										3
10	LP62RN			0	1	0	1	0	0	0										2
10	LP6WRC			0	1	2	1	0	1	0										5
10	LP6WRN			0	1	1	0	0	0	0										2
10	LP71OX			1	1	1	0	1	0	0										4
10	LP71PL			0	0	0	0	1	1	0										2
10	LP74RC			0	1	1	0	0	0	0										2
10	LP74RN			0	0	1	0	0	0	0										1
10	LP8PRM			0	1	1	1	0	1	0										4
10	LP8PRN			0	1	0	0	0	0	0										1
10	LP91RC			0	1	2	2	1	1	0										7
10	Totales LP	0	0	9	31	31	25	19	23	0	0	0	0	0	0	0	0	0	0	138
10	MC77RC			0	0	0	0	0	1	0										1
10	MC8CRN			1	0	0	0	0	0	0										1
10	Totales MC	0	0	1	0	0	0	0	1	0	0	0	0	0	0	0	0	0	0	2
10	NU3MM8			0	1	2	1	1	1	0										6
10	NU3MN8			1	1	0	2	0	1	0										5
10	Totales NU	0	0	1	2	2	3	1	2	0	0	0	0	0	0	0	0	0	0	11
10	P62DRN			0	1	1	0	0	0	0										2
10	P644RN			1	1	0	0	0	0	0										2
10	P646RM			0	1	0	0	0	0	0										1
10	P663RC			1	2	0	0	0	2	1										6
10	P663RN			2	1	0	0	0	0	0										3
10	P673GR			0	0	1	0	1	0	0										2
10	P679RC			0	2	2	0	1	0	0										5
10	P679RN			0	0	0	0	1	0	0										1
10	P686RM			1	1	0	0	0	0	0										2
10	P686RN			2	0	0	0	0	1	0										3
10	P68XRG			0	2	0	0	0	0	0										2
10	Totales P6	0	0	7	11	4	0	3	3	1	0	0	0	0	0	0	0	0	0	29
10	QM7EHR			1	0	0	0	0	0	0										1
10	Totales QM	0	0	1	0	0	0	0	0	0	0	0	0	0	0	0	0	0	0	1
10	QR1PCD			0	1	0	0	1	0	0										2
10	QR1PNI			1	0	1	2	1	0	0										5
10	QR1PPL			0	1	0	0	0	1	0										2
10	QR2ABN			0	1	0	0	1	1	0										3
10	QR2CRN			0	0	0	1	0	1	0										2
10	QR2PRC			1	1	1	0	0	1	0										4
10	QR2PRN			0	1	0	0	1	0	0										2
10	QR2WIA			0	1	0	0	0	0	0										1
10	QR2WRN			1	1	0	0	0	0	0										2
10	QR3RN3			0	1	1	1	0	0	0										3
10	Totales QR	0	0	3	8	3	4	4	4	0	0	0	0	0	0	0	0	0	0	26
10	R214SN			0	2	1	1	0	0	1										5
10	R214SR			0	0	2	0	0	0	0										2
10	R214XO			0	1	1	0	0	0	0										2
10	Totales R2	0	0	0	3	4	1	0	0	1	0	0	0	0	0	0	0	0	0	9
10	R323XO			1	0	0	0	0	0	0										1
10	Totales R3	0	0	1	0	0	0	0	0	0	0	0	0	0	0	0	0	0	0	1
10	R480RO			0	0	1	0	1	0	0										2
10	Totales R4	0	0	0	0	1	0	1	0	0	0	0	0	0	0	0	0	0	0	2
10	RA03NE			0	1	1	0	0	0	0										2
10	RA03RM			1	2	2	2	1	1	0										9
10	RA05NR			0	1	0	0	1	2	0										4
10	RA05RM			0	1	0	1	0	0	0										2
10	RA06GR			1	0	0	0	0	0	0										1
10	RA06XO			0	3	0	0	0	0	0										3
10	RA07NE			0	1	1	1	1	2	0										6
10	RA07RO			0	0	2	0	1	0	0										3
10	RA07XO			0	1	2	2	2	1	0										8
10	RA15NE			0	1	0	0	1	0	1										3
10	RA15XO			0	0	0	1	0	0	1										2
10	RA21GR			0	1	3	3	1	0	0										8
10	RA21RO			0	1	3	2	1	0	0										7
10	RA47BR			0	1	1	1	0	1	1										5
10	RA47XO			1	1	1	1	1	1	1										7
10	RA76NE			1	1	0	0	0	1	0										3
10	RA76XO			0	0	0	0	1	0	0										1
10	RA90XM			1	1	1	0	0	0	1										4
10	RA90XO			0	1	1	1	2	1	0										6
10	RA91NE			0	2	0	0	1	0	0										3
10	RA91RO			0	1	0	0	1	1	0										3
10	RA91XO			1	2	0	0	1	1	0										5
10	RA94XO			1	1	2	2	1	0	0										7
10	RA95NE			1	1	0	0	0	0	0										2
10	RA95RO			1	1	1	2	1	0	0										6
10	RA95XO			1	1	0	1	0	0	0										3
10	RA96NE			0	0	2	0	0	0	0										2
10	RA96RO			0	1	1	1	0	0	0										3
10	RA96XO			0	2	1	1	0	0	1										5
10	RA97XO			1	0	1	0	0	0	0										2
10	RA98MI			0	0	0	0	0	1	0										1
10	RA98NE			0	1	1	1	1	0	0										4
10	RA98RO			0	1	1	2	1	0	0										5
10	RA98XO			0	1	1	1	3	0	1										7
10	Totales RA	0	0	11	33	29	26	23	13	7	0	0	0	0	0	0	0	0	0	142
10	RB40NE			0	0	0	2	1	2	0										5
10	RB40XO			0	0	0	2	2	1	1										6
10	RB43RO			0	1	0	0	0	0	0										1
10	RB44AZ			2	0	0	0	0	0	1										3
10	RB44XO			0	0	0	0	0	1	0										1
10	RB45AN			0	2	1	3	1	0	0										7
10	RB45SN			0	0	1	1	0	1	0										3
10	RB46XO			0	1	0	0	0	0	0										1
10	Totales RB	0	0	2	4	2	8	4	5	2	0	0	0	0	0	0	0	0	0	27
10	RC30MA			0	0	1	1	1	0	0										3
10	RC30NE			0	1	2	0	0	0	1										4
10	RC30RO			0	2	1	1	0	0	0										4
10	RC35AZ			0	1	0	2	0	0	0										3
10	RC35NE			0	1	1	1	0	0	0										3
10	RC35RO			1	0	0	0	0	0	0										1
10	RC36NR			0	1	0	1	0	0	2										4
10	RC36RO			1	1	0	2	1	0	0										5
10	Totales RC	0	0	2	7	5	8	2	0	3	0	0	0	0	0	0	0	0	0	27
10	RD68NE			0	0	2	0	1	1	0										4
10	RD68XO			0	0	1	1	0	0	1										3
10	Totales RD	0	0	0	0	3	1	1	1	1	0	0	0	0	0	0	0	0	0	7
10	RE10CF			0	1	0	0	2	0	0										3
10	RE10NE			0	0	0	0	0	0	1										1
10	RE20RO			0	1	0	0	0	1	0										2
10	RE20XO			0	1	1	0	0	0	0										2
10	RE22AZ			2	2	1	0	1	0	0										6
10	RE22NE			1	2	3	2	0	1	0										9
10	RE22XO			4	2	5	0	1	3	0										15
10	Totales RE	0	0	7	9	10	2	4	5	1	0	0	0	0	0	0	0	0	0	38
10	RG59CF			0	1	2	0	0	0	0										3
10	RG59MI			0	0	1	0	1	2	0										4
10	RG59NE			1	0	1	2	1	0	0										5
10	RG67NE			0	1	1	1	0	2	0										5
10	RG67XO			0	1	0	2	1	1	1										6
10	RG70AZ			0	1	1	0	1	1	0										4
10	RG70LU			0	1	1	1	1	1	0										5
10	RG88NE			0	0	2	1	1	0	0										4
10	RG88RO			0	1	1	1	2	2	0										7
10	Totales RG	0	0	1	6	10	8	8	9	1	0	0	0	0	0	0	0	0	0	43
10	RS00CR			0	0	1	0	1	1	0										3
10	RS00RN			0	0	0	0	0	1	0										1
10	RS06MB			0	0	0	0	1	0	0										1
10	RS06RN			0	0	0	0	0	2	0										2
10	RS0X*C			0	1	0	2	1	1	0										5
10	RS0XIA			0	1	1	0	1	1	0										4
10	RS0XRF			0	0	1	0	0	1	0										2
10	RS0XRN			0	1	0	1	1	1	0										4
10	RS13DO			0	0	1	0	1	1	0										3
10	RS16RN			1	0	0	0	0	0	0										1
10	RS17BG			0	0	0	0	0	2	0										2
10	RS17RN			1	1	0	2	1	0	0										5
10	RS27RC			0	1	0	0	0	1	0										2
10	RS27RN			0	1	0	0	0	0	0										1
10	RS37M3			0	1	0	2	1	1	0										5
10	RS37N3			0	0	0	0	1	1	0										2
10	RS3BBG			0	1	0	0	1	1	0										3
10	RS3BG1			0	0	1	0	0	0	0										1
10	RS3BN1			0	1	0	1	1	0	0										3
10	RS3BR1			0	1	0	0	0	0	0										1
10	RS3BRN			0	0	1	0	1	0	0										2
10	RS3NRN			1	1	0	0	1	1	0										4
10	RS3NSR			0	0	0	0	1	0	0										1
10	RS3WRC			0	0	0	0	1	0	0										1
10	RS48BR			0	1	1	1	0	2	1										6
10	RS48DO			1	1	2	0	0	0	1										5
10	RS48MB			1	2	2	1	1	1	1										9
10	RS48RN			0	1	1	1	1	1	1										6
10	RS49C1			1	1	2	0	1	1	0										6
10	RS49OX			0	1	0	0	0	0	1										2
10	RS49RS			0	1	0	1	2	1	0										5
10	RS4NML			1	1	0	1	1	1	0										5
10	RS4NRC			1	1	0	0	0	0	0										2
10	RS4NRN			0	2	0	3	1	1	0										7
10	RS4NSR			0	0	0	0	2	1	0										3
10	RS57RT			0	1	0	0	0	1	0										2
10	RS57SR			1	0	0	1	1	0	0										3
10	RS5BF5			0	1	0	0	0	0	0										1
10	RS5BM3			0	0	0	0	0	1	0										1
10	RS5BN1			0	0	1	0	1	1	0										3
10	RS61L1			1	0	0	1	0	1	0										3
10	RS61N1			0	0	0	1	1	1	0										3
10	RS61N5			0	0	0	0	0	1	0										1
10	RS64OX			1	1	1	1	1	1	1										7
10	RS64RN			1	1	1	2	1	1	0										7
10	RS64SR			0	1	0	0	0	0	1										2
10	RS72PL			1	1	1	1	1	1	0										6
10	RS72RN			0	1	1	1	0	1	0										4
10	RS87B8			0	0	1	0	0	1	1										3
10	RS87BG			0	1	3	2	3	2	1										12
10	RS87LA			0	1	2	1	0	1	0										5
10	RS87M8			0	1	1	0	0	0	0										2
10	RS87N8			0	0	0	0	0	1	0										1
10	RS87RN			2	3	1	0	1	1	0										8
10	RS9YMB			1	1	2	1	1	2	1										9
10	RS9YRN			0	1	1	1	0	1	0										4
10	RS9YSR			0	1	1	1	0	1	0										4
10	Totales RS	0	0	16	39	31	30	35	45	10	0	0	0	0	0	0	0	0	0	206
10	SV0DRN			1	0	0	0	0	0	0										1
10	SV0XRM			1	0	0	0	0	3	1										5
10	SV3RCM			0	0	1	1	2	0	0										4
10	SV4XIA			0	0	1	0	0	0	0										1
10	SV65RN			0	0	0	0	0	1	0										1
10	SV7YBG			0	1	1	1	0	1	1										5
10	SV9BRN			0	1	0	0	0	0	1										2
10	Totales SV	0	0	2	2	3	2	2	5	3	0	0	0	0	0	0	0	0	0	19
10	T52BRM			0	0	0	0	1	0	0										1
10	T52BRN			0	1	1	2	1	1	0										6
10	T581RM			0	0	0	0	0	2	0										2
10	T589RC			0	0	1	0	0	1	0										2
10	Totales T5	0	0	0	1	2	2	2	4	0	0	0	0	0	0	0	0	0	0	11
10	UD1XRN			0	0	1	0	0	1	0										2
10	Totales UD	0	0	0	0	1	0	0	1	0	0	0	0	0	0	0	0	0	0	2
10	UH1XRC			2	0	1	0	2	1	0										6
10	UH3EEL			0	0	0	0	0	0	4										4
10	UH3ERN			0	1	0	0	0	0	0										1
10	UH6NBG			0	1	0	0	1	0	1										3
10	UH6NR5			0	0	0	1	1	1	2										5
10	UH79LR			0	0	1	0	0	1	1										3
10	UH79RM			0	2	1	0	1	0	0										4
10	UH93IA			0	0	0	0	1	0	0										1
10	UH93RM			0	1	0	0	0	0	0										1
10	UH93RN			0	1	0	0	0	0	1										2
10	UH97RN			0	1	0	0	0	0	0										1
10	UH9MRM			0	0	0	0	0	3	0										3
10	Totales UH	0	0	2	7	3	1	6	6	9	0	0	0	0	0	0	0	0	0	34
10	UN2XLA			1	1	0	0	1	1	0										4
10	UN2XRN			0	0	1	2	1	0	0										4
10	UN3CPD			1	0	0	1	1	1	0										4
10	UN4BG2			1	0	2	1	0	0	0										4
10	UN4CDC			1	1	0	1	1	0	0										4
10	UN6DC2			1	1	2	2	1	1	0										8
10	UN6DN3			1	0	2	2	0	1	0										6
10	Totales UN	0	0	6	3	7	9	5	4	0	0	0	0	0	0	0	0	0	0	34
10	VT0DRM			0	0	0	0	0	0	2										2
10	VT0DRN			0	0	0	0	0	1	0										1
10	VT1BIA			0	1	0	0	0	0	0										1
10	VT1BMB			0	0	0	0	1	0	0										1
10	VT1BML			0	0	0	0	0	1	0										1
10	VT1BRN			0	0	1	1	0	1	1										4
10	VT3DRN			0	0	0	0	0	1	0										1
10	VT4ARM			1	1	0	0	1	1	0										4
10	VT4ARN			1	1	0	0	0	0	0										2
10	VT4ASR			1	0	0	0	0	1	0										2
10	VT6AIA			0	1	0	0	0	0	0										1
10	VT6ARN			0	1	0	1	1	1	0										4
10	VT7R05			1	0	1	0	0	1	0										3
10	VT7RN3			0	1	1	0	0	1	0										3
10	VT8EOX			0	0	0	0	1	1	0										2
10	VT8ERN			0	1	0	1	1	1	1										5
10	VT8ESR			0	1	0	1	1	1	1										5
10	VT94BR			1	2	0	1	0	1	1										6
10	VT94RC			1	1	0	0	1	1	0										4
10	VT94RN			0	1	1	3	0	1	0										6
10	VT97BG			0	2	0	1	0	0	0										3
10	VT97D5			1	0	0	0	0	0	0										1
10	Totales VT	0	0	7	14	4	9	7	15	6	0	0	0	0	0	0	0	0	0	62
10	WD8CRM			0	1	1	1	1	0	0										4
10	WD8CRN			0	1	1	1	1	1	1										6
10	Totales WD	0	0	0	2	2	2	2	1	1	0	0	0	0	0	0	0	0	0	10
10	WI08OX			0	1	0	0	1	0	0										2
10	WI08RN			0	0	0	0	0	1	0										1
10	WI99BK			0	0	1	0	0	0	2										3
10	WI99N7			0	1	0	0	0	0	0										1
10	Totales WI	0	0	0	2	1	0	1	1	2	0	0	0	0	0	0	0	0	0	7
10	X302BR			0	2	0	1	0	1	0										4
10	X302RN			1	0	0	1	0	0	0										2
10	X32RG5			1	1	0	0	0	0	0										2
10	X32RR5			0	1	0	0	0	0	0										1
10	X32RT6			1	1	0	2	1	1	0										6
10	X332AD			1	1	1	1	0	1	0										5
10	X332AZ			0	0	1	1	1	0	0										3
10	X332CD			0	1	0	1	1	0	0										3
10	X332MD			0	1	2	1	1	1	0										6
10	X332NG			1	1	0	2	1	0	0										5
10	X343CU			0	1	2	0	0	0	0										3
10	X343RN			1	0	1	0	0	1	0										3
10	X355AS			0	0	0	0	0	1	0										1
10	X355CR			0	1	0	1	0	1	0										3
10	X355RN			0	1	1	2	0	1	0										5
10	X355VM			0	0	1	0	0	1	0										2
10	X356RN			0	0	1	0	0	0	0										1
10	X360BG			1	1	0	0	0	0	0										2
10	X36Y*F			0	0	0	0	1	0	0										1
10	X36YR1			1	1	1	4	1	1	0										9
10	X376AS			0	0	0	1	0	1	1										3
10	X376F5			0	0	0	0	0	0	1										1
10	X376N3			0	2	2	1	2	2	0										9
10	Totales X3	0	0	8	16	13	19	9	13	2	0	0	0	0	0	0	0	0	0	80
10	YD1DRM			0	1	2	2	2	0	0										7
10	YD40HR			1	0	0	0	0	0	0										1
10	YD40RM			0	1	0	0	0	0	0										1
10	YD91AB			0	1	0	1	0	0	0										2
10	YD9EEC			0	1	2	0	0	0	0										3
10	Totales YD	0	0	1	4	4	3	2	0	0	0	0	0	0	0	0	0	0	0	14
10	YK0PN1			1	0	0	0	0	0	0										1
10	YK0PR1			0	1	0	0	0	0	0										1
10	YK361T			0	0	0	1	0	0	0										1
10	YK36R5			0	1	1	0	0	0	0										2
10	YK4RRN			0	1	0	0	0	0	0										1
10	YK4RRT			1	0	0	0	0	0	1										2
10	YK6BMB			0	0	1	0	1	1	0										3
10	YK6BR1			1	1	1	0	0	0	0										3
10	YK8NM2			0	2	2	1	0	0	0										5
10	YK8NN2			0	2	0	0	2	0	0										4
10	YK8NNM			0	2	1	0	1	0	0										4
10	Totales YK	0	0	3	10	6	2	4	1	1	0	0	0	0	0	0	0	0	0	27
10	Z113CF			0	1	0	0	1	0	0										2
10	Z113NE			0	0	1	0	1	0	0										2
10	Z150BG			0	1	2	1	1	1	0										6
10	Z150BR			0	0	1	2	1	0	0										4
10	Z151NE			0	1	0	2	1	1	2										7
10	Z151RO			0	1	1	1	1	0	0										4
10	Totales Z1	0	0	0	4	5	6	6	2	2	0	0	0	0	0	0	0	0	0	25
10	Z203NE			0	2	0	1	0	0	0										3
10	Z203XO			0	1	0	1	1	1	0										4
10	Z207MB			1	0	1	0	0	1	0										3
10	Z208MB			0	0	0	0	0	1	0										1
10	Z212NE			0	1	2	1	0	0	0										4
10	Z213BG			0	1	0	0	1	0	0										2
10	Totales Z2	0	0	1	5	3	3	2	3	0	0	0	0	0	0	0	0	0	0	17
10	Z329RO			0	0	0	0	0	1	0										1
10	Z336HF			0	1	0	0	0	0	0										1
10	Z342NE			0	0	0	0	0	1	0										1
10	Z342RO			0	0	0	1	2	0	0										3
10	Z344MI			0	1	0	0	1	0	0										2
10	Totales Z3	0	0	0	2	0	1	3	2	0	0	0	0	0	0	0	0	0	0	8
10	Z402GN			0	2	1	3	0	0	0										6
10	Z404CF			0	1	0	0	0	0	0										1
10	Z404NE			0	2	3	0	0	0	0										5
10	Z451BR			0	1	2	0	0	0	0										3
10	Z451NE			0	1	2	0	1	1	0										5
10	Z452DO			0	1	2	2	1	0	0										6
10	Z452RO			0	0	1	0	0	1	0										2
10	Z453CF			0	0	2	0	0	1	0										3
10	Z454AZ			0	1	1	1	0	1	0										4
10	Z454MA			0	1	1	1	1	1	0										5
10	Z455CF			0	1	2	1	1	0	0										5
10	Z455NE			0	0	0	0	1	1	0										2
10	Z456MI			0	0	1	0	1	0	0										2
10	Z456NE			0	0	1	1	1	1	0										4
10	Totales Z4	0	0	0	11	19	9	7	7	0	0	0	0	0	0	0	0	0	0	53
10	Z590AZ			0	0	1	0	1	1	1										4
10	Z590NE			0	1	0	1	0	0	0										2
10	Z591RO			0	1	0	0	1	0	0										2
10	Z592BR			0	1	0	1	0	0	0										2
10	Z592NE			0	1	2	2	0	0	0										5
10	Z594NE			0	1	0	0	0	0	0										1
10	Z595AZ			0	1	0	2	1	1	0										5
10	Z595CF			0	1	1	2	1	1	0										6
10	Totales Z5	0	0	0	7	4	8	4	3	1	0	0	0	0	0	0	0	0	0	27
10	Z701CF			0	2	1	1	0	0	0										4
10	Z701GR			0	2	4	2	0	0	0										8
10	Z703DO			1	1	2	1	1	0	0										6
10	Z704DO			0	1	2	1	0	1	0										5
10	Z704NE			1	1	2	1	0	1	0										6
10	Z705BR			0	1	1	2	1	1	0										6
10	Z706NE			0	0	0	1	0	0	0										1
10	Z706RO			0	1	0	0	0	0	0										1
10	Z707MA			0	1	1	0	1	1	0										4
10	Z707NE			0	1	1	1	1	1	0										5
10	Z708BG			0	1	0	1	0	1	0										3
10	Z708RO			0	1	1	0	1	1	0										4
10	Z709NE			0	0	2	2	0	1	0										5
10	Totales Z7	0	0	2	13	17	13	5	8	0	0	0	0	0	0	0	0	0	0	58
10	ZA13BR			1	0	1	1	1	0	0										4
10	ZA14TA			0	1	2	0	1	0	0										4
10	ZA16HF			0	1	0	0	0	0	0										1
10	ZA19BR			0	1	2	1	1	0	0										5
10	ZA19RO			1	0	2	0	1	1	0										5
10	ZA19WI			0	1	0	0	0	0	0										1
10	ZA25NE			0	1	0	0	0	0	0										1
10	ZA26NE			0	0	0	0	1	1	1										3
10	ZA28AZ			0	1	2	2	0	1	0										6
10	ZA28OX			1	0	1	2	1	1	0										6
10	ZA29RO			0	1	0	0	0	0	0										1
10	ZA30B*			0	1	2	1	0	1	0										5
10	ZA31BG			0	0	1	2	0	0	0										3
10	ZA31CF			0	1	2	2	1	0	0										6
10	ZA33AZ			0	1	2	2	1	1	0										7
10	ZA33BR			0	1	1	2	1	1	0										6
10	ZA79NE			0	0	0	0	0	0	1										1
10	Totales ZA	0	0	3	11	18	15	9	7	2	0	0	0	0	0	0	0	0	0	65
10	ZCD1B*			0	1	1	1	0	0	0										3
10	ZCD1NE			0	1	0	0	0	1	0										2
10	ZCD2BR			0	1	1	0	1	1	0										4
10	ZCD2NE			1	1	0	0	1	1	0										4
10	ZCD3AZ			0	1	2	1	1	0	0										5
10	ZCD3BR			0	0	2	0	1	0	0										3
10	ZCD3VI			0	0	2	1	1	0	0										4
10	ZCD3XO			0	0	2	1	1	0	0										4
10	ZCD4BR			0	1	2	0	1	0	0										4
10	ZCD4MB			0	1	2	2	0	0	0										5
10	ZCD5NE			0	1	2	2	1	0	0										6
10	ZCD5XO			0	1	2	2	1	0	0										6
10	Totales ZC	0	0	1	9	18	10	9	3	0	0	0	0	0	0	0	0	0	0	50
10	ZD19BG			0	0	0	0	-1	0	0										-1
10	ZD29MI			1	0	0	1	1	0	0										3
10	ZD30HF			0	2	2	1	2	0	0										7
10	ZD30MB			0	1	2	1	2	1	0										7
10	ZD32NE			1	0	0	0	0	2	1										4
10	ZD32RO			0	0	0	0	1	0	1										2
10	ZD34MB			0	2	0	0	0	0	0										2
10	ZD35NE			0	1	0	0	0	0	0										1
10	ZD35WI			0	0	0	0	1	0	0										1
10	ZD36MB			0	0	1	2	1	1	0										5
10	ZD36NE			0	0	0	1	1	0	0										2
10	ZD37BR			0	1	1	1	1	1	0										5
10	ZD38NE			1	0	0	0	1	1	0										3
10	ZD38RO			0	0	0	1	0	0	0										1
10	ZD39MB			0	1	2	2	1	0	0										6
10	ZD39NE			0	1	0	1	0	0	0										2
10	ZD40AZ			0	1	2	1	0	0	0										4
10	ZD40MA			0	1	1	2	1	0	0										5
10	ZD41DO			0	1	2	1	0	0	0										4
10	Totales ZD	0	0	3	12	13	15	12	6	2	0	0	0	0	0	0	0	0	0	63
10	ZF25MO			0	0	1	2	1	1	0										5
10	ZF26BR			0	1	1	1	1	1	0										5
10	ZF26C*			0	1	2	1	0	1	0										5
10	ZF27MO			0	1	0	1	0	1	0										3
10	ZF34NE			0	1	2	2	1	1	0										7
10	ZF34XO			0	1	2	1	1	1	0										6
10	ZF35BR			0	1	2	2	1	0	0										6
10	ZF38B*			0	0	2	2	0	1	0										5
10	ZF39RO			0	0	2	2	0	0	0										4
10	ZF46HF			0	1	0	1	1	1	0										4
10	ZF48BG			0	0	0	1	1	1	0										3
10	ZF49BR			0	0	1	2	1	0	0										4
10	ZF50C*			0	0	2	1	1	0	0										4
10	ZF50NE			0	1	1	0	1	0	0										3
10	ZF51OR			0	1	1	0	0	0	0										2
10	ZF54CF			0	1	0	0	0	0	0										1
10	ZF72NE			0	1	2	1	0	1	0										5
10	ZF72RO			0	1	0	1	1	1	0										4
10	Totales ZF	0	0	0	12	21	21	11	11	0	0	0	0	0	0	0	0	0	0	76
10	ZG18RO			0	0	1	0	0	0	0										1
10	ZG23NE			0	1	0	0	0	0	0										1
10	ZG24NE			0	1	0	0	1	1	0										3
10	ZG24SR			0	0	0	1	0	0	0										1
10	ZG25AS			0	1	1	0	0	0	0										2
10	ZG25OX			0	0	0	0	1	0	0										1
10	ZG26VI			0	1	0	0	0	0	0										1
10	Totales ZG	0	0	0	4	2	1	2	1	0	0	0	0	0	0	0	0	0	0	10
10	ZH80LU			0	1	1	1	1	1	0										5
10	ZH80NE			0	0	0	1	1	1	0										3
10	ZH81RO			0	1	1	0	1	0	0										3
10	ZH83BR			0	1	0	2	1	1	0										5
10	ZH84MA			0	1	1	1	1	1	0										5
10	ZH84NE			0	1	1	2	0	1	0										5
10	ZH85DO			0	1	1	0	1	1	0										4
10	Totales ZH	0	0	0	6	5	7	6	6	0	0	0	0	0	0	0	0	0	0	30
10	ZJ01HR			0	0	0	0	0	1	0										1
10	ZJ01MB			0	1	2	1	0	1	0										5
10	ZJ02RN			0	1	0	1	0	1	0										3
10	ZJ07MB			0	1	0	0	0	1	0										2
10	ZJ08RN			0	1	0	0	0	0	0										1
10	ZJ08RO			0	0	0	0	1	1	0										2
10	ZJ09CF			1	0	1	2	1	0	0										5
10	ZJ09RN			0	1	0	1	0	0	0										2
10	ZJ13CF			0	1	2	1	1	1	0										6
10	ZJ13RN			0	1	1	0	1	0	0										3
10	ZJ15MI			1	1	2	2	1	0	0										7
10	ZJ15NE			0	1	0	0	1	1	0										3
10	ZJ16BR			0	0	0	0	0	1	0										1
10	ZJ17HR			0	1	0	0	0	0	0										1
10	ZJ17MB			0	0	0	0	1	0	0										1
10	ZJ18AZ			0	0	1	1	1	0	0										3
10	ZJ18CF			0	0	0	0	1	0	0										1
10	ZJ20BR			0	1	0	0	0	0	0										1
10	ZJ20MB			0	0	0	0	1	0	0										1
10	ZJ21RN			0	1	1	0	0	0	0										2
10	ZJ31AZ			0	1	0	0	0	0	0										1
10	ZJ32DO			0	0	0	0	1	1	1										3
10	ZJ33HR			0	1	1	0	0	0	0										2
10	ZJ33VE			0	1	1	0	1	0	0										3
10	ZJ34CR			0	1	2	1	1	1	0										6
10	ZJ34NE			0	1	1	2	1	0	0										5
10	ZJ34RO			0	0	1	1	1	1	0										4
10	ZJ35AZ			0	0	0	1	0	1	0										2
10	ZJ35MI			0	0	0	2	1	0	0										3
10	ZJ40BG			0	0	2	1	2	0	0										5
10	ZJ40BR			0	0	2	0	0	0	0										2
10	ZJ41DO			0	1	1	1	1	1	0										5
10	ZJ41NE			0	1	2	1	1	0	0										5
10	ZJ42CF			0	1	0	1	0	1	0										3
10	ZJ42RN			0	0	0	2	1	1	0										4
10	ZJ50BR			0	0	1	1	1	1	0										4
10	ZJ50PL			0	1	1	1	1	0	0										4
10	Totales ZJ	0	0	2	21	25	24	23	16	1	0	0	0	0	0	0	0	0	0	112
10	ZK69GR			0	0	1	0	0	0	0										1
10	Totales ZK	0	0	0	0	1	0	0	0	0	0	0	0	0	0	0	0	0	0	1
10	ZM56BR			0	1	1	2	0	1	0										5
10	ZM56DO			0	0	2	2	1	1	0										6
10	ZM57NE			0	0	1	2	1	1	0										5
10	ZM57RO			0	0	1	0	1	1	0										3
10	ZMV8MI			0	1	0	0	0	0	0										1
10	Totales ZM	0	0	0	2	5	6	3	4	0	0	0	0	0	0	0	0	0	0	20
10	ZO12RN			0	1	0	0	0	0	2										3
10	ZO12WN			1	1	1	0	0	0	0										3
10	ZO16IA			0	1	1	0	0	0	0										2
10	ZO16RO			0	0	0	1	0	0	0										1
10	Totales ZO	0	0	1	3	2	1	0	0	2	0	0	0	0	0	0	0	0	0	9
10	ZP20NE			0	0	0	0	0	0	1										1
10	ZP20RO			0	1	0	0	1	1	0										3
10	Totales ZP	0	0	0	1	0	0	1	1	1	0	0	0	0	0	0	0	0	0	4
10	ZQ04BR			0	2	2	1	2	1	0										8
10	ZQ04OR			0	1	1	1	1	2	0										6
10	ZQ06C*			0	1	0	0	0	0	0										1
10	ZQ07TU			0	0	2	2	1	1	0										6
10	ZQ09NE			0	0	1	1	0	0	0										2
10	ZQ10AZ			0	0	0	0	2	0	0										2
10	ZQ10BG			0	0	1	0	1	0	0										2
10	ZQ10BR			0	0	0	0	0	1	0										1
10	ZQ11NE			0	0	0	0	2	0	0										2
10	ZQ11RO			0	0	0	1	0	0	0										1
10	ZQ20RO			0	2	1	0	1	0	0										4
10	ZQ21BR			0	0	1	0	0	0	0										1
10	ZQ24DO			0	1	2	1	1	1	0										6
10	ZQ24RO			0	1	2	1	1	0	0										5
10	ZQ25BR			0	1	0	0	0	0	0										1
10	ZQ29XO			0	0	1	0	0	1	0										2
10	ZQ31C*			0	1	1	0	0	1	0										3
10	ZQ34RO			0	1	1	1	1	1	0										5
10	ZQ35CF			0	1	1	0	1	0	0										3
10	ZQ36DO			0	1	1	1	0	0	0										3
10	ZQ37RS			0	0	2	1	1	1	0										5
10	ZQ37VE			0	1	1	2	0	0	0										4
10	ZQ41CF			0	0	2	2	0	0	0										4
10	Totales ZQ	0	0	0	14	23	15	15	10	0	0	0	0	0	0	0	0	0	0	77
10	ZUA1GR			0	2	0	1	1	1	0										5
10	ZUT1VE			1	1	0	0	0	0	0										2
10	ZUT1XO			1	0	0	0	0	0	0										1
10	Totales ZU	0	0	2	3	0	1	1	1	0	0	0	0	0	0	0	0	0	0	8
10	ZV58CF			0	0	0	1	0	0	0										1
10	ZV61BR			0	0	0	1	0	0	0										1
10	ZV61NE			0	1	2	2	1	1	0										7
10	Totales ZV	0	0	0	1	2	4	1	1	0	0	0	0	0	0	0	0	0	0	9
10	ZWP1AZ			0	5	10	10	8	1	1										35
10	ZWP1MA			0	3	9	9	5	1	1										28
10	ZWP1NE			1	5	11	15	10	3	1										46
10	ZWP1NR			0	0	0	1	1	0	0										2
10	ZWP1RO			1	1	4	5	3	1	1										16
10	ZWP1VI			1	2	5	6	4	0	1										19
10	ZWP2BG			1	3	10	11	8	1	1										35
10	ZWP2GR			1	4	7	8	5	2	1										28
10	ZWP2MA			1	2	10	9	6	2	1										31
10	ZWP2NE			1	3	11	12	8	3	1										39
10	ZWP2RO			0	0	0	0	0	0	1										1
10	Totales ZW	0	0	7	28	77	86	58	14	10	0	0	0	0	0	0	0	0	0	280
10	ZX35NE			0	1	1	2	0	0	0										4
10	ZX35XO			0	1	2	1	1	0	0										5
10	ZX36NE			0	0	1	2	0	0	0										3
10	ZX36UV			0	1	1	1	1	0	0										4
10	ZX38BR			0	0	2	1	1	0	0										4
10	ZX38NE			0	0	2	0	0	0	0										2
10	Totales ZX	0	0	0	3	9	7	3	0	0	0	0	0	0	0	0	0	0	0	22
10	ZY80NE			0	0	1	0	1	0	0										2
10	ZY80RO			0	1	2	2	0	0	0										5
10	ZY81NE			0	1	0	2	1	0	0										4
10	ZY82BG			0	0	2	2	1	0	0										5
10	ZY82MA			0	1	2	2	0	0	0										5
10	Totales ZY	0	0	0	3	7	8	3	0	0	0	0	0	0	0	0	0	0	0	21
10	CREMA**	15																		15
10	CREMABR	1																		1
10	CREMACE	2																		2
10	CREMAMB	2																		2
10	CREMANE	1																		1
10	CREMAUV	2																		2
10	CREMAXO	2																		2
10	Totales CR	25	0	0	0	0	0	0	0	0	0	0	0	0	0	0	0	0	0	25
10	O301NE	1																		1
10	O302BG	1																		1
10	O321HF	1																		1
10	O321NE	1																		1
10	O322NE	1																		1
10	O323NE	2																		2
10	O350CN	1																		1
10	O350NE	1																		1
10	O3B2AZ	1																		1
10	O3B3MI	1																		1
10	O3B4A*	1																		1
10	O3B4N*	1																		1
10	O3B5A*	1																		1
10	O3B6VE	1																		1
10	O3B7NE	1																		1
10	O3C1AZ	1																		1
10	O3C1MI	1																		1
10	O3C1NE	1																		1
10	O3C1RO	1																		1
10	O3C2A*	1																		1
10	O3C3NE	1																		1
10	O3M2N*	1																		1
10	O3M3NE	1																		1
10	O3T1VE	1																		1
10	O3T2A*	1																		1
10	O3T2N*	1																		1
10	Totales O3	27	0	0	0	0	0	0	0	0	0	0	0	0	0	0	0	0	0	27
10	OC05CF	1																		1
10	OC05NE	1																		1
10	OC97DO	1																		1
10	OC97NE	1																		1
10	Totales OC	4	0	0	0	0	0	0	0	0	0	0	0	0	0	0	0	0	0	4
10	OD30BR	1																		1
10	OD30NE	1																		1
10	OD31BG	1																		1
10	Totales OD	3	0	0	0	0	0	0	0	0	0	0	0	0	0	0	0	0	0	3
10	OE20NE	1																		1
10	OE22HF	1																		1
10	OE23NE	1																		1
10	OET1NE	1																		1
10	OET2NE	1																		1
10	OET2WB	1																		1
10	Totales OE	6	0	0	0	0	0	0	0	0	0	0	0	0	0	0	0	0	0	6
10	OF14MB	2																		2
10	OF17AZ	2																		2
10	OF17RO	1																		1
10	OF18BR	1																		1
10	OF18RO	1																		1
10	OF19RO	1																		1
10	OFC1RO	1																		1
10	OFC2RO	1																		1
10	OFL1AS	1																		1
10	OFL1AZ	2																		2
10	OFL1RO	1																		1
10	OFL2RO	1																		1
10	OFM2RO	1																		1
10	OFT2BR	1																		1
10	OFT2RO	1																		1
10	Totales OF	18	0	0	0	0	0	0	0	0	0	0	0	0	0	0	0	0	0	18
10	OG02NE	1																		1
10	OG12HF	2																		2
10	Totales OG	3	0	0	0	0	0	0	0	0	0	0	0	0	0	0	0	0	0	3
10	OHB1UV	1																		1
10	Totales OH	1	0	0	0	0	0	0	0	0	0	0	0	0	0	0	0	0	0	1
10	OI16HF	1																		1
10	Totales OI	1	0	0	0	0	0	0	0	0	0	0	0	0	0	0	0	0	0	1
10	OK01NE	1																		1
10	OK01RO	1																		1
10	OK1BCN	1																		1
10	OK1TCN	1																		1
10	OK27HF	1																		1
10	OK2TCF	1																		1
10	OK31BR	1																		1
10	OK35OR	1																		1
10	OK36NE	1																		1
10	OK81NE	1																		1
10	OKB1RS	1																		1
10	OKB2CF	1																		1
10	OKB2NE	1																		1
10	OKB3RO	1																		1
10	OKB3XO	1																		1
10	OKB4NR	1																		1
10	OKB5NR	1																		1
10	OKC2RO	1																		1
10	OKC2XO	1																		1
10	OKC4NR	1																		1
10	OKL1AL	1																		1
10	OKL2RO	1																		1
10	OKL2XO	1																		1
10	OKM2RO	1																		1
10	OKP2XO	1																		1
10	OKT2RO	1																		1
10	OKT2XO	1																		1
10	Totales OK	27	0	0	0	0	0	0	0	0	0	0	0	0	0	0	0	0	0	27
10	OL45CF	1																		1
10	OL45NE	1																		1
10	OL65CN	1																		1
10	OL65NE	1																		1
10	Totales OL	4	0	0	0	0	0	0	0	0	0	0	0	0	0	0	0	0	0	4
10	OM35AS	1																		1
10	OM36MI	1																		1
10	OM36NE	1																		1
10	OM37NE	1																		1
10	Totales OM	4	0	0	0	0	0	0	0	0	0	0	0	0	0	0	0	0	0	4
10	ON28BR	1																		1
10	ON28NE	1																		1
10	ON31PL	1																		1
10	ON46MB	1																		1
10	ON46NE	1																		1
10	Totales ON	5	0	0	0	0	0	0	0	0	0	0	0	0	0	0	0	0	0	5
10	OO27PL	1																		1
10	Totales OO	1	0	0	0	0	0	0	0	0	0	0	0	0	0	0	0	0	0	1
10	OP60RO	1																		1
10	OP61DO	1																		1
10	Totales OP	2	0	0	0	0	0	0	0	0	0	0	0	0	0	0	0	0	0	2
10	OQ53N*	1																		1
10	OQ57R*	1																		1
10	OQ57RO	1																		1
10	OQ58RO	1																		1
10	OQ59AZ	1																		1
10	OQ60AZ	1																		1
10	OQ60CF	1																		1
10	OQC1RO	1																		1
10	OQC2RO	2																		2
10	OQL1RO	1																		1
10	OQT1R*	1																		1
10	OQT1RO	1																		1
10	Totales OQ	13	0	0	0	0	0	0	0	0	0	0	0	0	0	0	0	0	0	13
10	OT23CQ	1																		1
10	OT26NE	1																		1
10	OT39DO	1																		1
10	OT40BG	1																		1
10	OT42RO	1																		1
10	OT51CF	1																		1
10	OT51RO	1																		1
10	OT52CF	1																		1
10	OT52RO	1																		1
10	OT54CQ	1																		1
10	OT54PL	1																		1
10	OT56CQ	1																		1
10	OT56PL	1																		1
10	OT65AS	1																		1
10	OT65HF	1																		1
10	OT66AS	1																		1
10	OT66HF	1																		1
10	OT68D*	1																		1
10	OT69D*	2																		2
10	OTC*PL	1																		1
10	OTC4CF	1																		1
10	OTC6NE	2																		2
10	OTC7NE	1																		1
10	OTC8HF	1																		1
10	OTC9D*	1																		1
10	OTL1CQ	2																		2
10	OTL1PL	1																		1
10	OTL7NE	1																		1
10	OTP0NE	1																		1
10	OTP2NE	1																		1
10	OTP4MB	1																		1
10	OTP4NE	2																		2
10	OTP5NE	1																		1
10	OTP6CF	1																		1
10	OTP6CQ	1																		1
10	OTP6PL	1																		1
10	OTP7NE	1																		1
10	OTP8**	4																		4
10	OTP8AS	1																		1
10	OTP8HF	1																		1
10	OTP9WB	1																		1
10	OTT6CQ	1																		1
10	OTT6PL	1																		1
10	OTT9D*	1																		1
10	Totales OT	51	0	0	0	0	0	0	0	0	0	0	0	0	0	0	0	0	0	51
10	OU21BG	1																		1
10	OU23CF	1																		1
10	Totales OU	2	0	0	0	0	0	0	0	0	0	0	0	0	0	0	0	0	0	2
10	OV03CF	1																		1
10	OV08H*	1																		1
10	OVB6BG	1																		1
10	OVB8MB	1																		1
10	OVB9NE	2																		2
10	OVC5NE	1																		1
10	OVC6BG	1																		1
10	OVM6BG	1																		1
10	Totales OV	9	0	0	0	0	0	0	0	0	0	0	0	0	0	0	0	0	0	9
10	OW28**	7																		7
10	OW29**	1																		1
10	OW96**	1																		1
10	OWES**	4																		4
10	Totales OW	13	0	0	0	0	0	0	0	0	0	0	0	0	0	0	0	0	0	13
10	OX10NE	2																		2
10	OX12HF	1																		1
10	OX13DO	1																		1
10	OX13NE	1																		1
10	OX24MI	1																		1
10	OX24NE	1																		1
10	Totales OX	7	0	0	0	0	0	0	0	0	0	0	0	0	0	0	0	0	0	7
10	OY01NR	1																		1
10	OY97MI	1																		1
10	OY97NE	1																		1
10	OY98BG	1																		1
10	Totales OY	4	0	0	0	0	0	0	0	0	0	0	0	0	0	0	0	0	0	4
10	OZC2NR	2																		2
10	OZM2**	1																		1
10	OZM2GR	2																		2
10	OZP3C*	1																		1
10	OZP5TA	1																		1
10	Totales OZ	7	0	0	0	0	0	0	0	0	0	0	0	0	0	0	0	0	0	7
10	TARJETA	19																		19
10	Totales TA	19	0	0	0	0	0	0	0	0	0	0	0	0	0	0	0	0	0	19
10	ZI56CN	1																		1
10	ZI56HF	1																		1
10	ZI56NE	1																		1
10	Totales ZI	3	0	0	0	0	0	0	0	0	0	0	0	0	0	0	0	0	0	3
10	ZS79MI	1																		1
10	ZS90FS	1																		1
10	ZS90VE	1																		1
10	ZS94CF	1																		1
10	ZSE1**	4																		4
10	Totales ZS	8	0	0	0	0	0	0	0	0	0	0	0	0	0	0	0	0	0	8
10	ZT58CF	1																		1
10	ZT59NE	1																		1
10	ZT98MB	1																		1
10	Totales ZT	3	0	0	0	0	0	0	0	0	0	0	0	0	0	0	0	0	0	3
10	ZYP1NE	1																		1
10	Totales ZY	1	0	0	0	0	0	0	0	0	0	0	0	0	0	0	0	0	0	1
10	O1C2MI		0	0		1		0		1		0								2
10	Totales O1	0	0	0	0	1	0	0	0	1	0	0	0	0	0	0	0	0	0	2
10	O401HF		0	1		0		1		1		0								3
10	O401TA		0	0		1		0		0		0								1
10	O402MI		0	0		1		0		1		0								2
10	O403HF		0	0		0		0		3		0								3
10	O403WI		0	0		0		0		1		0								1
10	O404HF		0	0		2		0		2		0								4
10	O404MI		0	0		1		0		2		0								3
10	O405CQ		0	0		1		0		2		0								3
10	O406UV		0	0		0		0		2		0								2
10	O407BR		0	0		1		0		1		0								2
10	O407WI		0	0		1		0		1		0								2
10	O408NE		0	0		1		0		1		0								2
10	O408XO		0	0		1		0		1		0								2
10	O409CF		0	0		0		0		2		0								2
10	Totales O4	0	0	1	0	10	0	1	0	20	0	0	0	0	0	0	0	0	0	32
10	OH80MI		0	0		2		0		2		0								4
10	OH80NE		0	0		0		0		1		0								1
10	OHC1MI		0	0		2		2		0		0								4
10	Totales OH	0	0	0	0	4	0	2	0	3	0	0	0	0	0	0	0	0	0	9
10	OQ02MI		0	0		0		1		0		0								1
10	OQ06NE		0	0		0		1		1		0								2
10	OQ09CF		0	0		0		0		1		0								1
10	Totales OQ	0	0	0	0	0	0	2	0	2	0	0	0	0	0	0	0	0	0	4
10	OUC1HF		0	0		1		0		1		0								2
10	OUC1NE		0	0		0		1		0		0								1
10	OUC2MI		0	0		1		1		1		0								3
10	OUC2TA		0	0		0		0		1		0								1
10	OUC3HF		0	1		1		0		2		0								4
10	OUC4HF		0	1		2		1		1		0								5
10	Totales OU	0	0	2	0	5	0	3	0	6	0	0	0	0	0	0	0	0	0	16
10	ZE74HF		0	2		0		3		0		0								5
10	ZE74WB		0	0		0		0		1		0								1
10	ZE76AL		0	1		1		0		0		0								2
10	ZE76WB		0	0		2		2		1		0								5
10	ZE77HF		0	1		1		1		1		0								4
10	ZE77MB		0	1		0		0		1		0								2
10	Totales ZE	0	0	5	0	4	0	6	0	4	0	0	0	0	0	0	0	0	0	19
10	O201HF														1	1	0	0		2
10	O202MI														0	0	1	0		1
10	O202RO														1	0	1	0		2
10	O203HF														1	1	1	0		3
10	O204DO														1	2	1	0		4
10	O204GR														1	1	0	0		2
10	O205DO														1	1	1	0		3
10	O205GR														1	1	1	0		3
10	O208DO														0	1	1	0		2
10	O208GR														0	1	1	0		2
10	Totales O2	0	0	0	0	0	0	0	0	0	0	0	0	0	7	9	8	0	0	24
10	O421A*														1	1	0	0		2
10	O421C*														1	1	0	0		2
10	O421N*														1	1	0	0		2
10	O421R*														1	1	0	0		2
10	O422A*														1	1	0	0		2
10	O422C*														1	1	0	0		2
10	O422N*														1	1	0	0		2
10	O422R*														1	1	0	0		2
10	O451AZ														1	1	0	0		2
10	O451TA														1	1	0	0		2
10	O452CF														1	1	0	0		2
10	O452NE														2	0	0	0		2
10	Totales O4	0	0	0	0	0	0	0	0	0	0	0	0	0	13	11	0	0	0	24
10	OA30BR														1	0	1	1		3
10	OA30NE														0	0	0	1		1
10	OA31GR														0	0	0	1		1
10	OA31RO														0	0	1	1		2
10	OA32NE			1	0	0	0	1	0	0					0	0	0	0		2
10	OA32VE														1	0	1	1		3
10	OA61AS														1	1	1	0		3
10	OA61AZ														1	1	1	0		3
10	OA62BG														1	0	1	0		2
10	OA62NE														1	1	1	0		3
10	OA63AZ														1	1	1	0		3
10	OA63RO														0	1	1	0		2
10	OA75OR														0	0	0	1		1
10	Totales OA	0	0	1	0	0	0	1	0	0	0	0	0	0	7	5	9	6	0	29
10	OD03AZ														0	1	0	0		1
10	OD03NE														0	1	0	0		1
10	OD05NE														0	0	0	1		1
10	OD06BG														0	1	1	1		3
10	OD07HF														0	0	0	1		1
10	OD08HF														1	0	0	0		1
10	OD08NE														1	0	0	0		1
10	OD08RO														0	1	0	0		1
10	OD09NE														0	1	1	0		2
10	OD09RO														0	1	1	0		2
10	OD10LU														0	1	1	1		3
10	OD10NE														0	1	1	0		2
10	Totales OD	0	0	0	0	0	0	0	0	0	0	0	0	0	2	8	5	4	0	19
10	OH51TA														2	2	0	0		4
10	OH51XO														2	1	0	0		3
10	OH52AZ														2	2	0	0		4
10	OH52RO														2	2	0	0		4
10	Totales OH	0	0	0	0	0	0	0	0	0	0	0	0	0	8	7	0	0	0	15
10	ZI47HF														1	1	0	0		2
10	Total	271	0	165	473	546	495	442	416	227	89	104	13	0	38	41	22	10	0	3352
28	0D18JL					0	0	1	1	0	1	1	0	0					0	4
28	0D58RC					0	0	1	1	1	1	1	0	0					0	5
28	0D70EB					0	0	1	1	1	1	1	0	0					0	5
28	0D70N8					0	0	1	1	1	1	1	0	0					0	5
28	Totales 0D	0	0	0	0	0	0	4	4	3	4	4	0	0	0	0	0	0	0	19
28	0X16XM					0	0	0	1	1	2	1	1	0						6
28	0X86XL					0	0	0	0	1	0	1	0	0						2
28	0X98XM					0	0	0	0	0	1	1	1	0						3
28	0X98XN					0	0	0	0	0	0	1	0	0						1
28	Totales 0X	0	0	0	0	0	0	0	1	2	3	4	2	0	0	0	0	0	0	12
28	3B00XC					0	0	0	0	0	0	1	0	0						1
28	3B01TT					0	0	0	0	0	1	1	0	0						2
28	3B01XN					0	0	0	0	0	0	1	0	0						1
28	3B02NM					0	0	0	0	0	0	1	0	0						1
28	3B02TN					0	0	0	0	0	0	1	0	0						1
28	3B02XG					0	0	1	0	1	1	1	0	0						4
28	3B13TN					0	0	1	0	0	1	0	0	0						2
28	3B15TN					0	0	0	0	0	0	1	0	0						1
28	3B15XJ					0	0	1	0	0	0	1	0	0						2
28	3B15XN					0	0	1	0	1	0	0	0	0						2
28	3B26TL					0	0	1	1	1	1	1	0	0						5
28	3B26TN					0	0	1	1	1	1	1	0	0						5
28	3B28TN					0	0	0	1	1	1	1	0	0						4
28	3B46AL					0	0	1	0	0	0	0	0	0						1
28	3B46TN					0	0	0	0	0	1	1	0	0						2
28	3B49XN					0	0	0	0	0	0	1	0	0						1
28	3B95XN					0	0	1	1	1	0	1	0	0					0	4
28	Totales 3B	0	0	0	0	0	0	8	4	6	7	14	0	0	0	0	0	0	0	39
28	4H62XC					0	0	0	1	1	1	1	0	0					0	4
28	4H62XN					0	0	0	1	1	1	0	0	0					0	3
28	4H65XC					0	0	0	1	0	0	0	0	0					0	1
28	4H65XN					0	0	0	1	1	0	1	0	0					0	3
28	4H66XJ					0	0	1	1	1	1	1	0	0					0	5
28	4H66XN					0	0	0	0	1	1	1	0	0					0	3
28	4H72XM					0	0	1	1	1	1	1	0	0					0	5
28	4H72XN					0	0	1	1	1	1	1	0	0					0	5
28	4H77XN					0	0	1	0	1	1	1	0	0					0	4
28	4H96XN					0	0	0	0	1	0	0	0	0					0	1
28	4H97IA					0	0	1	1	1	1	0	0	0					0	4
28	4H97XN					0	0	1	0	1	1	1	0	0					0	4
28	4H98XJ					0	0	1	0	0	0	1	0	0					0	2
28	4H98XN					0	0	0	0	1	0	1	0	0					0	2
28	Totales 4H	0	0	0	0	0	0	7	8	12	9	10	0	0	0	0	0	0	0	46
28	5L33TT					0	0	1	0	1	1	0	0	0						3
28	5L44TL					0	0	0	0	1	1	1	0	0						3
28	Totales 5L	0	0	0	0	0	0	1	0	2	2	1	0	0	0	0	0	0	0	6
28	6F03TJ					0	0	0	0	1	1	1	0	0						3
28	6F03TM					0	0	1	0	1	1	1	0	0						4
28	6F05TJ					0	0	0	1	0	1	0	0	0						2
28	6F24TJ					0	0	1	1	1	1	0	0	0						4
28	6F24TN					0	0	1	2	0	1	2	0	0						6
28	6F34TJ					0	0	1	1	0	1	0	0	0					0	3
28	6F34TN					0	0	1	0	1	1	1	0	0					0	4
28	6F36TL					0	0	1	0	0	0	1	0	0						2
28	6F36TN					0	0	0	0	0	0	1	0	0						1
28	6F39TJ					0	0	1	0	2	0	0	0	0						3
28	6F39TL					0	0	0	0	0	0	0	1	0						1
28	6F39TN					0	0	0	1	0	2	1	0	0						4
28	6F50TJ					0	0	0	1	0	0	0	0	0					0	1
28	6F50TN					0	0	0	1	1	1	0	0	0						3
28	6F50XC					0	0	0	0	1	0	0	0	0						1
28	6F67TL					0	0	1	1	0	1	1	0	0						4
28	6F67TN					0	0	1	1	1	0	1	0	0						4
28	6F94TN					0	0	0	0	0	0	1	0	0						1
28	Totales 6F	0	0	0	0	0	0	9	10	9	11	11	1	0	0	0	0	0	0	51
28	7M41XM					0	0	0	1	1	1	1	0	0						4
28	7M41XN					0	0	0	0	0	1	0	0	0						1
28	7M45XN					0	0	0	0	0	1	1	0	0						2
28	7M53XN					0	0	0	0	1	1	0	0	0					0	2
28	Totales 7M	0	0	0	0	0	0	0	1	2	4	2	0	0	0	0	0	0	0	9
28	8D04TJ					0	0	0	1	0	0	0	0	0						1
28	8D04TN					0	0	0	0	1	0	1	0	0						2
28	8D25C8					0	0	0	0	0	1	1	0	0						2
28	8D25M8					0	0	0	0	0	1	0	0	0					0	1
28	8D37TM					0	0	0	0	1	1	0	0	0						2
28	8D37TN					0	0	0	0	1	0	0	0	0						1
28	Totales 8D	0	0	0	0	0	0	0	1	3	3	2	0	0	0	0	0	0	0	9
28	9H16XM					0	0	1	0	0	1	1	0	0						3
28	9H47XM					0	0	0	1	1	0	0	0	0						2
28	9H65XC					0	0	0	0	0	1	1	0	0						2
28	9H65XN					0	0	0	0	0	0	1	1	0						2
28	9H79XM					0	0	1	0	1	1	0	0	0						3
28	9H79XN					0	0	0	0	0	0	1	0	0						1
28	9H83XJ					0	0	0	0	1	0	1	0	0						2
28	9H83XN					0	0	0	0	0	1	1	0	0						2
28	9H89XJ					0	0	0	1	1	1	1	0	0						4
28	9H89XN					0	0	0	0	0	0	1	0	0						1
28	9H98XJ					0	0	0	0	0	1	1	0	0						2
28	9H98XN					0	0	0	0	0	0	1	0	0						1
28	Totales 9H	0	0	0	0	0	0	2	2	4	6	10	1	0	0	0	0	0	0	25
28	BH40XC					0	0	0	1	1	0	1	0	0					0	3
28	BH40XN					0	0	0	0	0	1	0	0	0					0	1
28	BH74IA					0	0	1	0	1	1	1	0	0					0	4
28	BH74XN					0	0	0	1	1	0	1	0	0					0	3
28	Totales BH	0	0	0	0	0	0	1	2	3	2	3	0	0	0	0	0	0	0	11
28	BJ51XM					0	0	0	1	1	1	1	0	0						4
28	BJ51XN					0	0	0	0	1	1	0	0	0						2
28	BJ59XN					0	0	0	0	0	1	1	1	0						3
28	BJ79XN					0	0	0	0	0	0	1	0	0						1
28	BJ82XM					0	0	0	1	1	1	0	0	0						3
28	BJ82XN					0	0	0	1	0	1	0	0	0						2
28	Totales BJ	0	0	0	0	0	0	0	3	3	5	3	1	0	0	0	0	0	0	15
28	M412J7					0	0	1	0	1	1	1	0	0					0	4
28	Totales M4	0	0	0	0	0	0	1	0	1	1	1	0	0	0	0	0	0	0	4
28	OU70CF					0	0	0	1	0	1	1	0	0					0	3
28	OU70NE					0	0	1	1	0	1	1	0	0					0	4
28	OU71CF					0	0	1	1	1	0	1	0	0					0	4
28	OU71NE					0	0	1	1	0	1	1	0	0					0	4
28	OU72AZ					0	0	0	1	0	1	1	0	0					0	3
28	OU72TA					0	0	1	1	0	1	1	0	0					0	4
28	Totales OU	0	0	0	0	0	0	4	6	1	5	6	0	0	0	0	0	0	0	22
28	R603XM					0	1	0	0	0	0	0	0	0						1
28	R631XN					0	0	1	0	0	0	1	0	0						2
28	R631XO					0	0	1	0	0	0	0	0	0						1
28	R638XM					0	0	0	0	1	1	0	0	0						2
28	R638XO					0	0	0	0	0	0	1	0	0						1
28	Totales R6	0	0	0	0	0	1	2	0	1	1	2	0	0	0	0	0	0	0	7
28	R765XO					0	1	0	0	1	0	1	0	0						3
28	R766XO					0	0	0	0	0	0	1	0	0						1
28	R767XO					0	0	0	1	1	0	1	0	0						3
28	Totales R7	0	0	0	0	0	1	0	1	2	0	3	0	0	0	0	0	0	0	7
28	Z355XC					0	0	1	1	1	0	1	0	0					0	4
28	Z355XN					0	0	1	0	1	1	1	0	0					0	4
28	Z356XC					0	0	1	1	1	1	1	0	0					0	5
28	Z356XN					0	0	0	0	1	1	0	0	0					0	2
28	Totales Z3	0	0	0	0	0	0	3	2	4	3	3	0	0	0	0	0	0	0	15
28	Z630XO					0	0	1	0	0	0	0	0	0						1
28	Z631XM					0	0	1	0	0	0	0	0	0						1
28	Totales Z6	0	0	0	0	0	0	2	0	0	0	0	0	0	0	0	0	0	0	2
28	Z801MI					0	0	0	0	0	0	1	0	0						1
28	Totales Z8	0	0	0	0	0	0	0	0	0	0	1	0	0	0	0	0	0	0	1
28	Z901NE					0	0	0	0	1	1	1	0	0						3
28	Z901TA					0	0	1	0	0	1	0	1	0						3
28	Z902HF					0	0	0	1	1	1	1	0	0						4
28	Z902NE					0	0	1	0	0	0	0	0	0						1
28	Z903HF					0	0	0	0	1	0	1	1	0						3
28	Z903NE					0	0	0	0	0	0	1	0	0						1
28	Z904NE					0	0	0	0	0	1	1	1	0						3
28	Z904XO					0	0	0	1	0	1	1	0	0						3
28	Z905CF					0	0	1	1	1	0	1	0	0						4
28	Z905NE					0	0	0	0	1	0	0	0	0						1
28	Totales Z9	0	0	0	0	0	0	3	3	5	5	7	3	0	0	0	0	0	0	26
28	ZN66CQ					0	0	0	1	0	1	1	0	0						3
28	ZN67MI					0	0	0	1	1	1	0	0	0						3
28	ZN68CA					0	0	0	1	0	0	0	0	0						1
28	ZN80UV					0	0	0	0	0	0	1	0	0						1
28	ZN81NE					0	0	0	0	0	0	1	0	0						1
28	ZN85NE					0	0	0	0	1	0	0	0	0						1
28	ZN87NE					0	0	0	0	0	0	1	0	0						1
28	ZN92MA					0	0	0	1	2	1	0	0	0					0	4
28	ZN92NE					0	0	0	0	0	1	0	0	0					0	1
28	Totales ZN	0	0	0	0	0	0	0	4	4	4	4	0	0	0	0	0	0	0	16
28	ZR51MA					0	0	1	0	1	1	0	0	0					0	3
28	ZR52GR					0	0	1	1	0	1	0	0	0					0	3
28	ZR52MI					0	0	1	0	0	0	0	0	0					0	1
28	ZR53DO					0	0	0	1	1	0	1	0	0					0	3
28	ZR54AZ					0	0	0	1	1	1	1	0	0					0	4
28	ZR54CF					0	0	0	1	0	1	1	0	0					0	3
28	ZR55MB					0	0	1	0	1	0	1	0	0					0	3
28	ZR55MI					0	0	1	0	0	0	1	0	0					0	2
28	ZR56AZ					0	0	0	1	1	1	1	0	0					0	4
28	ZR56CF					0	0	0	0	1	1	1	0	0					0	3
28	ZR57MI					0	0	1	1	1	1	1	0	0					0	5
28	ZR58MA					0	0	0	0	0	0	1	0	0					0	1
28	ZR58MI					0	0	0	0	0	0	1	0	0					0	1
28	ZR59NN					0	0	1	0	1	1	1	0	0					0	4
28	ZR59NT					0	0	1	0	1	1	1	0	0					0	4
28	Totales ZR	0	0	0	0	0	0	8	6	9	9	12	0	0	0	0	0	0	0	44
28	A703NA			0	1	0	1	0	0	0										2
28	A703NV			0	0	0	1	0	0	0										1
28	A714MD			0	1	1	1	1	0	0										4
28	A714RN			0	1	0	0	1	0	0										2
28	A71AA*			0	1	0	0	0	0	0										1
28	A71AN*			0	0	1	1	1	0	0										3
28	A71AV*			0	0	0	0	0	2	0										2
28	A738NL			0	0	0	0	1	0	0										1
28	A738NV			0	1	0	0	0	0	0										1
28	A75PC7			1	2	0	0	1	0	0										4
28	A75PV7			0	1	0	0	1	0	1										3
28	Totales A7	0	0	1	8	2	4	6	2	1	0	0	0	0	0	0	0	0	0	24
28	B105N1			0	1	0	0	0	0	0										1
28	B14DEC			1	0	0	0	0	1	0										2
28	B167RT			1	1	1	1	1	1	1										7
28	B195EN			1	1	0	0	0	0	0										2
28	B195ET			1	1	0	0	0	0	0										2
28	Totales B1	0	0	4	4	1	1	1	2	1	0	0	0	0	0	0	0	0	0	14
28	BY35RM			0	1	1	1	1	0	0										4
28	BY35RN			0	1	1	1	1	0	0										4
28	BY39RM			0	1	1	1	1	0	0										4
28	BY39RN			0	1	0	1	0	0	0										2
28	BY3CRN			1	0	0	0	0	0	0										1
28	BY50MN			0	1	1	0	0	0	0										2
28	BY50NX			0	1	1	1	0	0	0										3
28	BY68RN			0	1	0	0	0	0	0										1
28	Totales BY	0	0	1	7	5	5	3	0	0	0	0	0	0	0	0	0	0	0	21
28	CG07BG			0	0	0	0	1	1	0										2
28	CG07OX			1	0	0	0	1	0	0										2
28	CG07RN			0	1	0	1	1	1	0										4
28	CG0AMB			0	1	1	0	0	0	0										2
28	CG0ARN			0	1	0	0	1	0	0										2
28	CG10N1			0	3	0	0	0	1	0										4
28	CG26EL			0	2	1	1	1	0	0										5
28	CG26RN			0	1	0	0	0	0	0										1
28	CG28AA			1	0	0	0	1	0	0										2
28	CG28LA			0	0	1	1	1	0	0										3
28	CG28RC			0	1	0	0	0	1	0										2
28	CG28RM			0	1	0	0	0	0	0										1
28	CG28RN			0	1	1	1	1	0	0										4
28	CG31N2			1	2	0	2	1	0	1										7
28	CG31O2			0	0	1	1	0	0	0										2
28	CG58SN			0	1	1	0	0	1	0										3
28	CG58SR			0	1	0	1	1	0	0										3
28	CG9XHR			0	0	0	0	1	1	0										2
28	CG9XIP			0	1	1	1	1	0	0										4
28	CG9XRC			0	1	1	1	0	0	0										3
28	CG9XRN			0	1	1	1	1	0	0										4
28	Totales CG	0	0	3	19	9	11	13	6	1	0	0	0	0	0	0	0	0	0	62
28	DZ15HF			1	0	0	0	0	0	0										1
28	DZ15RC			1	1	1	0	0	0	0										3
28	DZ15RN			1	1	1	0	1	0	0										4
28	DZ15SR			0	1	0	0	0	0	0										1
28	DZ3XN1			1	1	0	0	0	1	0										3
28	DZ59RN			0	1	0	1	0	0	0										2
28	DZ85RN			0	0	1	0	0	0	0										1
28	DZ94AA			1	1	0	0	1	1	0										4
28	DZ94RN			1	1	0	0	0	1	0										3
28	Totales DZ	0	0	6	7	3	1	2	3	0	0	0	0	0	0	0	0	0	0	22
28	EO44IA			0	1	1	1	0	0	0										3
28	EO44RN			0	0	0	1	1	0	0										2
28	EO46RN			0	1	1	1	1	0	0										4
28	EO46SR			0	1	1	1	1	0	0										4
28	EO73IA			0	1	1	1	0	0	0										3
28	EO73RN			0	1	1	0	1	0	0										3
28	Totales EO	0	0	0	5	5	5	4	0	0	0	0	0	0	0	0	0	0	0	19
28	EW1NRM			0	1	0	0	0	0	0										1
28	EW1NRN			0	1	0	0	0	1	0										2
28	EW1PRM			0	1	1	0	0	1	0										3
28	EW1YQM			0	0	1	0	0	0	0										1
28	EW1YQN			0	1	0	0	0	1	1										3
28	EW6MN9			1	1	0	0	1	0	0										3
28	EW6MR9			0	0	0	0	1	1	0										2
28	Totales EW	0	0	1	5	2	0	2	4	1	0	0	0	0	0	0	0	0	0	15
28	FB42RM			0	0	0	1	1	0	0										2
28	FB4EB8			0	1	0	0	0	0	1										2
28	FB4EN8			0	1	0	0	0	0	0										1
28	FB4XM5			0	1	0	1	1	0	0										3
28	FB4XN5			0	0	1	1	1	0	0										3
28	FB4XVI			0	1	0	0	1	0	0										2
28	FB78RN			0	1	0	0	0	0	0										1
28	FB82IP			0	1	1	0	0	0	0										2
28	FB82X0			0	1	1	1	1	0	0										4
28	FB84OX			0	2	1	0	1	0	0										4
28	FB84RN			0	1	0	0	0	0	0										1
28	FB84VI			0	1	0	0	0	0	0										1
28	Totales FB	0	0	0	11	4	4	6	0	1	0	0	0	0	0	0	0	0	0	26
28	G722CE			0	1	1	1	1	0	0										4
28	G722MN			0	0	1	0	1	0	0										2
28	Totales G7	0	0	0	1	2	1	2	0	0	0	0	0	0	0	0	0	0	0	6
28	GA5MRM			0	0	0	0	1	0	0										1
28	Totales GA	0	0	0	0	0	0	1	0	0	0	0	0	0	0	0	0	0	0	1
28	GM00OX			0	0	0	1	0	0	0										1
28	GM00PL			0	0	1	0	1	1	0										3
28	GM18SG			0	1	2	1	1	0	0										5
28	GM21T1			0	0	1	1	0	0	0										2
28	Totales GM	0	0	0	1	4	3	2	1	0	0	0	0	0	0	0	0	0	0	11
28	HA3PRN			0	1	0	0	0	0	0										1
28	HA3PSR			0	0	0	0	1	1	0										2
28	HA62RM			0	0	1	0	0	0	0										1
28	HA62RN			0	0	0	0	1	0	0										1
28	HA74RM			0	0	0	1	0	0	0										1
28	HA74RN			0	1	0	0	1	0	0										2
28	Totales HA	0	0	0	2	1	1	3	1	0	0	0	0	0	0	0	0	0	0	8
28	HD0RHF			1	1	1	1	0	0	0										4
28	HD0RRN			0	1	0	0	0	0	0										1
28	HD2XM1			1	1	1	0	1	1	0										5
28	HD5EET			1	0	0	0	1	1	1										4
28	HD6WRN			0	1	0	0	0	1	0										2
28	HD8PRM			1	1	0	0	1	0	0										3
28	Totales HD	0	0	4	5	2	1	3	3	1	0	0	0	0	0	0	0	0	0	19
28	IX25EL			0	0	0	1	0	0	0										1
28	IX25GR			0	1	0	0	1	0	0										2
28	IX5WNI			0	1	0	0	1	0	0										2
28	IX5WOX			0	1	0	0	0	0	0										1
28	IX5WRN			0	1	0	0	0	0	0										1
28	IX6ERM			0	1	0	1	0	0	0										2
28	IX6ERN			0	1	0	0	0	0	0										1
28	IX7DCR			0	1	1	0	1	0	0										3
28	IX7DEA			0	1	0	0	1	1	0										3
28	IX7DRN			0	1	0	0	0	0	0										1
28	Totales IX	0	0	0	9	1	2	4	1	0	0	0	0	0	0	0	0	0	0	17
28	JQ7BRN			0	0	1	0	0	0	0										1
28	JQ7BSR			1	1	0	0	0	1	1										4
28	Totales JQ	0	0	1	1	1	0	0	1	1	0	0	0	0	0	0	0	0	0	5
28	K236ET			0	1	0	1	0	1	0										3
28	Totales K2	0	0	0	1	0	1	0	1	0	0	0	0	0	0	0	0	0	0	3
28	L59CLU			1	1	0	0	1	1	0										4
28	Totales L5	0	0	1	1	0	0	1	1	0	0	0	0	0	0	0	0	0	0	4
28	LP01*F			0	1	0	1	0	0	0										2
28	LP01*N			0	1	0	1	1	0	0										3
28	LP01CR			0	1	1	1	1	0	0										4
28	LP01D1			0	1	1	1	1	0	0										4
28	LP01DO			0	0	1	0	1	0	0										2
28	LP01RN			0	0	0	0	1	0	0										1
28	LP01T5			0	1	1	0	0	0	0										2
28	LP09CR			0	1	1	0	1	0	0										3
28	LP09N6			0	1	0	0	0	0	0										1
28	LP0CIA			0	1	0	0	0	0	0										1
28	LP0CRC			0	1	1	1	1	0	0										4
28	LP0CRN			0	0	1	0	0	0	0										1
28	LP0EA2			0	1	0	1	1	0	0										3
28	LP0EN2			0	1	2	1	1	0	0										5
28	LP0MCR			0	1	1	0	1	0	0										3
28	LP0MRN			0	0	0	1	1	0	0										2
28	LP0WEB			0	0	0	1	1	0	0										2
28	LP1CBR			0	0	1	0	1	0	0										2
28	LP1CRN			0	1	0	1	0	0	0										2
28	LP1DR1			0	1	1	1	1	0	0										4
28	LP1NIA			0	0	0	0	1	0	0										1
28	LP1NRM			0	1	0	0	1	0	0										2
28	LP1NRN			0	2	0	1	1	0	0										4
28	LP1NSR			0	0	1	0	1	0	0										2
28	LP29PL			0	0	1	1	1	0	0										3
28	LP29SN			0	0	0	1	0	0	0										1
28	LP3PEB			0	1	0	0	0	0	0										1
28	LP3PRN			0	1	1	1	1	0	0										4
28	LP3PSR			0	1	0	0	0	0	0										1
28	LP62RN			0	1	1	0	1	0	0										3
28	LP6WRC			0	0	0	0	1	0	0										1
28	LP6WRN			0	1	0	1	0	0	0										2
28	LP71OX			0	1	1	0	0	0	0										2
28	LP71PL			0	0	1	0	1	0	0										2
28	LP8PRM			0	1	1	0	0	0	0										2
28	LP8PRN			0	1	0	0	0	0	0										1
28	Totales LP	0	0	0	25	19	16	23	0	0	0	0	0	0	0	0	0	0	0	83
28	MC77RC			0	1	0	0	1	1	1										4
28	MC8CRN			1	0	0	0	1	1	0										3
28	MC8CSR			1	0	1	1	1	1	1										6
28	Totales MC	0	0	2	1	1	1	3	3	2	0	0	0	0	0	0	0	0	0	13
28	NU3MM8			0	1	1	0	0	0	0										2
28	NU3MN8			0	0	1	1	0	1	0										3
28	Totales NU	0	0	0	1	2	1	0	1	0	0	0	0	0	0	0	0	0	0	5
28	P62DRM			0	1	0	0	0	0	0										1
28	P646RM			0	1	0	0	0	0	0										1
28	P646RN			1	0	0	0	0	0	0										1
28	P663RC			0	0	0	0	0	1	0										1
28	P672EL			0	0	0	0	0	1	0										1
28	P673GR			0	2	1	0	0	0	1										4
28	P679RC			0	1	0	1	1	0	0										3
28	P679RN			0	0	1	0	1	0	0										2
28	P686IA			0	1	0	0	0	0	0										1
28	P686RM			0	1	0	0	0	0	0										1
28	P686RN			0	1	0	0	0	0	0										1
28	P68XRG			1	1	0	1	0	1	0										4
28	P69WRN			1	0	0	0	0	1	0										2
28	Totales P6	0	0	3	9	2	2	2	4	1	0	0	0	0	0	0	0	0	0	23
28	QR1PCD			0	0	2	1	1	0	1										5
28	QR1PNI			0	1	0	0	1	0	0										2
28	QR1PPL			0	1	1	1	1	1	0										5
28	QR2PRC			0	1	1	1	0	0	0										3
28	QR2PRN			0	1	0	0	1	0	0										2
28	QR2WIA			0	1	1	0	0	0	0										2
28	QR2WRN			0	1	0	1	1	1	0										4
28	QR3RN3			0	1	0	0	1	0	0										2
28	Totales QR	0	0	0	7	5	4	6	2	1	0	0	0	0	0	0	0	0	0	25
28	R214SN			0	0	2	1	1	1	0										5
28	R214SR			0	0	1	1	0	0	0										2
28	R214XO			0	0	2	1	1	0	1										5
28	Totales R2	0	0	0	0	5	3	2	1	1	0	0	0	0	0	0	0	0	0	12
28	R480RO			0	0	1	0	0	1	0										2
28	R480VE			0	0	1	1	0	1	0										3
28	Totales R4	0	0	0	0	2	1	0	2	0	0	0	0	0	0	0	0	0	0	5
28	RA03NE			0	1	0	2	1	0	1										5
28	RA03RM			0	1	2	2	1	1	0										7
28	RA05NR			0	1	0	0	0	1	0										2
28	RA05RM			0	1	1	1	0	0	0										3
28	RA06XO			0	1	0	0	0	0	0										1
28	RA07NE			0	1	1	0	1	0	0										3
28	RA07RO			0	1	1	1	1	0	0										4
28	RA07XO			0	1	2	1	1	1	0										6
28	RA15XO			0	0	1	0	1	0	0										2
28	RA21GR			0	0	1	1	1	1	0										4
28	RA21RO			0	1	1	1	1	0	0										4
28	RA47BR			0	1	0	1	1	0	0										3
28	RA47XO			0	1	0	1	1	0	0										3
28	RA75AN			0	1	0	0	1	1	0										3
28	RA90XM			0	1	0	0	0	0	0										1
28	RA90XO			0	0	1	0	0	1	0										2
28	RA95NE			0	1	1	1	0	0	0										3
28	RA95RO			0	1	1	0	1	1	0										4
28	RA95XO			1	1	1	0	1	1	0										5
28	RA96NE			0	1	0	1	0	0	0										2
28	RA96RO			1	0	2	2	0	0	0										5
28	RA96XO			0	1	1	0	0	0	0										2
28	RA98MI			0	1	1	2	0	0	0										4
28	RA98NE			0	0	0	1	1	1	0										3
28	RA98RO			0	1	1	1	1	0	0										4
28	RA98XO			0	1	1	1	1	0	0										4
28	Totales RA	0	0	2	21	20	20	16	9	1	0	0	0	0	0	0	0	0	0	89
28	RB40NE			0	0	0	0	1	1	0										2
28	RB44AZ			0	1	0	0	1	0	1										3
28	RB44VE			0	0	0	0	0	1	0										1
28	RB44XO			0	0	1	1	0	0	1										3
28	RB45AN			0	1	0	0	0	0	0										1
28	RB45SN			0	1	1	0	1	0	0										3
28	Totales RB	0	0	0	3	2	1	3	2	2	0	0	0	0	0	0	0	0	0	13
28	RC30MA			0	0	1	2	1	1	0										5
28	RC30NE			0	1	1	1	1	1	1										6
28	RC30RO			0	0	0	2	0	1	0										3
28	RC35AZ			0	0	0	1	0	0	0										1
28	RC35NE			0	0	0	0	1	0	0										1
28	RC36NR			0	1	0	0	1	0	0										2
28	RC36RO			0	0	1	1	1	1	0										4
28	Totales RC	0	0	0	2	3	7	5	4	1	0	0	0	0	0	0	0	0	0	22
28	RD68NE			0	0	2	1	1	0	0										4
28	RD68XO			0	0	1	1	1	0	0										3
28	Totales RD	0	0	0	0	3	2	2	0	0	0	0	0	0	0	0	0	0	0	7
28	RE10NE			1	2	0	0	0	2	1										6
28	RE11RM			1	1	0	1	0	1	0										4
28	RE18VE			0	1	0	0	0	0	0										1
28	RE20RO			0	2	0	0	0	0	0										2
28	RE20XO			0	0	1	0	0	0	0										1
28	RE22AZ			1	1	1	0	2	0	0										5
28	RE22NE			0	1	0	0	0	0	0										1
28	RE22XO			1	1	1	0	2	0	1										6
28	Totales RE	0	0	4	9	3	1	4	3	2	0	0	0	0	0	0	0	0	0	26
28	RG59CF			0	0	1	1	1	0	0										3
28	RG59NE			0	1	1	1	1	0	0										4
28	RG70LU			0	1	2	1	0	1	0										5
28	RG88NE			0	1	1	1	2	0	0										5
28	RG88RO			0	1	1	1	0	0	0										3
28	Totales RG	0	0	0	4	6	5	4	1	0	0	0	0	0	0	0	0	0	0	20
28	RS00CR			0	1	0	0	1	1	0										3
28	RS00RN			0	1	0	0	1	0	0										2
28	RS06MB			0	1	0	0	1	0	0										2
28	RS06RN			0	0	0	0	1	0	0										1
28	RS0BRN			1	0	0	0	0	1	0										2
28	RS0X*C			0	0	0	1	1	1	0										3
28	RS0XIA			0	0	1	1	1	1	0										4
28	RS0XRN			0	1	1	1	1	0	0										4
28	RS13DO			0	1	0	1	1	1	0										4
28	RS17AA			0	0	0	0	1	0	0										1
28	RS17BG			0	0	0	0	1	1	1										3
28	RS17MB			1	0	0	0	0	1	0										2
28	RS17RN			0	1	0	2	1	0	0										4
28	RS27RC			0	1	0	0	0	0	0										1
28	RS27RN			0	1	0	0	0	0	0										1
28	RS37M3			0	1	1	1	1	0	0										4
28	RS37N3			0	1	0	0	0	0	0										1
28	RS3BG1			0	1	0	0	1	0	0										2
28	RS3BN1			0	1	1	0	1	0	0										3
28	RS3NRN			0	0	0	1	1	0	0										2
28	RS3NSR			0	0	0	0	1	0	0										1
28	RS3WRC			0	1	0	0	0	0	0										1
28	RS3WRN			0	0	0	1	0	0	0										1
28	RS3WSR			0	1	0	0	0	0	0										1
28	RS48BR			0	0	0	0	1	0	1										2
28	RS48DO			0	0	0	1	1	0	0										2
28	RS48HR			0	1	0	0	0	0	0										1
28	RS48MB			0	1	0	2	1	1	0										5
28	RS48RN			0	1	2	2	1	0	0										6
28	RS49OX			1	1	0	0	0	0	0										2
28	RS49RS			0	0	0	1	1	0	0										2
28	RS4NML			0	1	2	0	1	1	0										5
28	RS4NRC			0	0	1	0	0	0	0										1
28	RS4NRN			0	3	0	1	0	0	0										4
28	RS4NSR			0	1	0	0	1	0	0										2
28	RS53YN			1	0	0	0	0	0	0										1
28	RS57RT			0	0	0	0	1	0	0										1
28	RS57SR			0	1	0	1	0	0	0										2
28	RS5BF5			0	0	1	0	0	0	0										1
28	RS5BM3			0	1	0	0	1	0	0										2
28	RS5BM4			0	0	0	0	1	0	0										1
28	RS5BMB			0	0	0	0	1	0	0										1
28	RS5BN1			0	1	0	0	1	0	0										2
28	RS61L1			0	0	1	0	1	0	0										2
28	RS61ML			0	0	0	0	1	1	0										2
28	RS61N1			0	1	1	0	1	0	0										3
28	RS61RN			0	1	0	0	0	0	0										1
28	RS64OX			0	1	1	1	1	1	1										6
28	RS64RN			0	1	0	2	1	1	0										5
28	RS64SR			0	0	0	0	1	1	0										2
28	RS6CEA			0	0	0	0	1	0	0										1
28	RS6CMO			0	0	1	0	1	0	0										2
28	RS72PL			0	1	1	0	1	0	0										3
28	RS72RN			0	1	1	1	0	0	0										3
28	RS87B8			0	1	0	1	1	0	1										4
28	RS87BG			0	0	0	0	1	1	1										3
28	RS87LA			0	1	0	0	1	0	0										2
28	RS87N8			0	0	0	0	0	1	0										1
28	RS87RN			0	1	0	0	1	0	0										2
28	RS9YMB			0	0	1	1	1	0	0										3
28	RS9YRN			0	1	1	1	1	0	0										4
28	RS9YSR			0	1	1	1	0	0	0										3
28	Totales RS	0	0	4	37	19	25	43	15	5	0	0	0	0	0	0	0	0	0	148
28	SV65SR			0	0	0	0	0	0	1										1
28	Totales SV	0	0	0	0	0	0	0	0	1	0	0	0	0	0	0	0	0	0	1
28	T52BRN			0	0	1	1	1	1	0										4
28	T551IA			0	1	0	0	0	0	0										1
28	T589RC			0	1	1	0	1	0	0										3
28	T589RN			0	0	0	0	1	0	0										1
28	Totales T5	0	0	0	2	2	1	3	1	0	0	0	0	0	0	0	0	0	0	9
28	UD1XRC			0	1	0	0	0	1	0										2
28	Totales UD	0	0	0	1	0	0	0	1	0	0	0	0	0	0	0	0	0	0	2
28	UH1XRN			1	0	0	0	0	0	0										1
28	UH3EEL			0	0	0	0	1	1	1										3
28	UH3ERN			1	1	1	0	1	2	0										6
28	UH47M8			0	0	1	0	1	1	0										3
28	UH6NBG			0	0	0	0	1	0	1										2
28	UH6NR5			1	0	1	0	2	0	1										5
28	UH79RC			1	0	0	0	0	1	0										2
28	UH79RM			0	0	0	1	0	0	0										1
28	UH7ERN			0	1	0	1	0	1	1										4
28	UH93IA			0	1	0	1	1	0	0										3
28	UH93L5			1	0	0	0	1	1	1										4
28	UH93RN			0	0	1	0	1	0	0										2
28	Totales UH	0	0	5	3	4	3	9	7	5	0	0	0	0	0	0	0	0	0	36
28	UN2XLA			0	0	1	0	1	0	0										2
28	UN2XRN			0	1	1	0	1	0	0										3
28	UN4BG2			0	1	0	1	1	0	0										3
28	UN6DC2			0	1	1	1	1	0	0										4
28	UN6DN3			0	1	1	0	1	0	0										3
28	Totales UN	0	0	0	4	4	2	5	0	0	0	0	0	0	0	0	0	0	0	15
28	VT0DRM			0	1	1	0	0	1	1										4
28	VT0DRN			0	0	0	0	0	1	0										1
28	VT1BIA			0	0	0	0	0	1	0										1
28	VT1BMB			0	1	0	0	0	0	0										1
28	VT1BML			0	0	1	0	1	0	0										2
28	VT1BRN			0	1	0	1	1	1	0										4
28	VT31RN			0	0	0	0	0	1	0										1
28	VT3DRC			0	0	0	0	0	1	0										1
28	VT4ARM			0	1	1	0	1	0	0										3
28	VT4ARN			0	1	0	1	0	0	0										2
28	VT4ASR			0	1	0	0	1	0	0										2
28	VT6AIA			0	1	1	0	0	0	0										2
28	VT6ARM			0	0	0	0	0	1	0										1
28	VT6ARN			0	1	0	1	1	0	0										3
28	VT6PMB			1	0	0	0	1	0	1										3
28	VT7RN3			0	0	0	0	1	0	0										1
28	VT8EHR			0	0	0	0	1	0	0										1
28	VT8EOX			0	1	0	0	0	1	0										2
28	VT8ERN			0	1	2	0	2	1	0										6
28	VT8ESR			0	1	1	1	1	0	0										4
28	VT94BR			0	0	1	0	0	0	0										1
28	VT94RC			0	1	1	1	0	0	0										3
28	VT94RN			0	1	1	1	1	1	0										5
28	VT97A9			0	1	1	0	0	0	1										3
28	VT97D5			0	1	0	0	0	0	0										1
28	Totales VT	0	0	1	15	11	6	12	10	3	0	0	0	0	0	0	0	0	0	58
28	WD8CRM			0	1	1	1	1	0	0										4
28	WD8CRN			0	1	0	1	0	0	0										2
28	Totales WD	0	0	0	2	1	2	1	0	0	0	0	0	0	0	0	0	0	0	6
28	WI99BK			0	0	0	1	1	0	1										3
28	WI99N7			0	0	1	0	0	0	0										1
28	Totales WI	0	0	0	0	1	1	1	0	1	0	0	0	0	0	0	0	0	0	4
28	X302BR			0	1	1	1	1	0	0										4
28	X302RN			1	1	0	0	0	1	0										3
28	X302RS			0	0	0	1	0	0	0										1
28	X32RG5			0	1	0	0	0	0	0										1
28	X32RM5			0	0	1	0	0	0	0										1
28	X32RT6			0	1	1	0	1	0	0										3
28	X332AZ			0	1	2	1	1	0	0										5
28	X332CD			0	1	1	0	0	0	0										2
28	X332MD			0	1	0	1	0	0	1										3
28	X343CU			0	1	0	0	0	0	0										1
28	X343RN			0	1	0	1	0	0	0										2
28	X355AS			0	0	0	0	0	1	0										1
28	X355RN			0	1	0	1	1	0	0										3
28	X355SR			0	1	0	0	0	0	0										1
28	X355VM			0	0	0	1	0	1	0										2
28	X360RG			0	1	0	0	0	1	1										3
28	X36Y*F			0	1	1	0	0	0	0										2
28	X36YR1			0	1	1	1	0	0	0										3
28	X376AS			0	0	1	1	1	0	0										3
28	X376N3			0	1	0	1	1	0	0										3
28	X37CB8			1	0	0	0	1	0	0										2
28	X37CM8			0	0	0	1	0	0	1										2
28	Totales X3	0	0	2	15	9	11	7	4	3	0	0	0	0	0	0	0	0	0	51
28	YD1DRM			0	0	1	0	0	0	0										1
28	YD1MRM			0	1	0	0	0	1	0										2
28	YD40HR			0	2	0	0	1	0	0										3
28	YD91AB			0	1	0	0	1	0	0										2
28	YD91RC			0	2	0	1	0	0	0										3
28	YD9EEC			0	1	1	0	1	1	1										5
28	YD9ERM			0	1	1	1	0	1	0										4
28	Totales YD	0	0	0	8	3	2	3	3	1	0	0	0	0	0	0	0	0	0	20
28	YK20RN			0	0	0	0	0	1	0										1
28	YK2YN5			0	1	0	0	1	0	0										2
28	YK361T			0	0	0	1	1	1	0										3
28	YK4RRN			0	0	0	0	1	0	0										1
28	YK6BN1			0	1	0	0	0	0	0										1
28	YK6BR1			0	0	0	0	1	0	0										1
28	Totales YK	0	0	0	2	0	1	4	2	0	0	0	0	0	0	0	0	0	0	9
28	Z150BG			0	1	1	0	1	1	0										4
28	Z150BR			0	1	1	0	1	0	0										3
28	Z151RO			0	1	0	1	1	0	0										3
28	Totales Z1	0	0	0	3	2	1	3	1	0	0	0	0	0	0	0	0	0	0	10
28	Z203NE			0	1	0	1	0	0	0										2
28	Z203XO			0	0	1	0	0	0	0										1
28	Z206NE			0	1	0	0	0	1	0										2
28	Z207MB			0	0	1	0	1	0	0										2
28	Z208CF			0	0	0	1	0	0	0										1
28	Z208MB			0	0	0	1	1	0	0										2
28	Z210MB			0	0	1	1	1	0	0										3
28	Z210NE			0	0	0	0	1	0	0										1
28	Z211MI			1	0	2	0	1	0	0										4
28	Z212NE			0	0	1	0	1	0	0										2
28	Totales Z2	0	0	1	2	6	4	6	1	0	0	0	0	0	0	0	0	0	0	20
28	Z332NE			0	0	0	0	1	1	1										3
28	Z342RO			0	0	0	0	1	1	0										2
28	Z344AZ			0	0	1	0	0	0	0										1
28	Z344MI			0	0	1	0	0	1	0										2
28	Totales Z3	0	0	0	0	2	0	2	3	1	0	0	0	0	0	0	0	0	0	8
28	Z401CF			0	1	0	0	1	0	0										2
28	Z401RO			0	0	0	0	1	1	0										2
28	Z402GN			0	1	1	0	0	0	0										2
28	Z404CF			1	1	1	0	1	0	0										4
28	Z451BR			0	1	1	1	0	0	0										3
28	Z451NE			0	1	1	0	1	0	0										3
28	Z452DO			0	1	0	0	0	0	0										1
28	Z452RO			0	1	0	0	0	1	0										2
28	Z453CF			0	1	1	0	0	1	0										3
28	Z454MA			0	1	0	0	1	0	0										2
28	Z455CF			0	1	1	1	0	0	0										3
28	Z456NE			0	1	0	0	1	0	0										2
28	Totales Z4	0	0	1	11	6	2	6	3	0	0	0	0	0	0	0	0	0	0	29
28	Z590AZ			0	1	0	0	1	0	0										2
28	Z590NE			0	1	0	0	0	0	0										1
28	Z591HF			0	2	0	0	1	0	1										4
28	Z591RO			0	2	0	0	0	0	0										2
28	Z592BR			0	1	0	1	0	0	0										2
28	Z592NE			0	1	0	0	1	0	0										2
28	Z593RO			0	1	1	0	1	0	0										3
28	Z594NE			1	1	0	0	0	0	0										2
28	Z595AZ			0	1	1	1	1	0	0										4
28	Z595CF			0	1	1	0	1	0	0										3
28	Totales Z5	0	0	1	12	3	2	6	0	1	0	0	0	0	0	0	0	0	0	25
28	Z703DO			0	1	1	1	0	0	0										3
28	Z704DO			0	2	0	1	1	0	0										4
28	Z704NE			0	1	0	1	1	0	0										3
28	Z705BR			0	1	1	1	0	0	0										3
28	Z706NE			0	1	0	0	1	0	0										2
28	Z706RO			0	1	1	0	1	0	0										3
28	Z707NE			0	1	0	1	1	0	0										3
28	Z708RO			0	1	1	1	1	0	0										4
28	Z709DO			0	1	1	1	1	0	0										4
28	Totales Z7	0	0	0	10	5	7	7	0	0	0	0	0	0	0	0	0	0	0	29
28	ZA13BR			0	1	0	1	1	0	0										3
28	ZA14TA			0	1	0	0	1	0	0										2
28	ZA16NE			0	0	0	0	1	1	0										2
28	ZA18MI			0	1	0	0	0	0	0										1
28	ZA19BR			0	1	1	0	1	0	0										3
28	ZA19RO			0	0	0	0	0	1	0										1
28	ZA19WI			0	1	1	1	0	0	0										3
28	ZA26NE			0	1	1	0	0	0	0										2
28	ZA26WI			0	0	0	0	2	2	0										4
28	ZA28AZ			0	1	1	1	1	0	0										4
28	ZA28OX			0	1	0	0	1	0	0										2
28	ZA29RO			1	1	0	0	2	1	1										6
28	ZA30B*			0	1	0	1	0	0	0										2
28	ZA31BG			0	1	0	0	1	0	0										2
28	ZA31CF			0	1	0	0	1	0	0										2
28	ZA33AZ			0	1	0	0	1	0	0										2
28	ZA78NE			1	0	1	0	0	0	1										3
28	ZA79AZ			0	1	0	0	0	1	0										2
28	ZA81NE			0	0	0	0	0	1	0										1
28	Totales ZA	0	0	2	14	5	4	13	7	2	0	0	0	0	0	0	0	0	0	47
28	ZB55AZ			0	0	0	0	1	1	0										2
28	Totales ZB	0	0	0	0	0	0	1	1	0	0	0	0	0	0	0	0	0	0	2
28	ZCD1B*			0	1	0	1	1	0	0										3
28	ZCD1NE			0	0	1	0	1	0	0										2
28	ZCD2BR			0	1	1	1	1	0	0										4
28	ZCD2NE			0	1	0	1	1	0	0										3
28	ZCD3BR			0	0	1	1	1	0	0										3
28	ZCD4BR			0	1	1	2	0	0	0										4
28	ZCD4MB			0	1	0	1	1	1	0										4
28	ZCD5NE			0	1	1	1	0	0	0										3
28	ZCD5XO			0	1	1	1	1	0	0										4
28	Totales ZC	0	0	0	7	6	9	7	1	0	0	0	0	0	0	0	0	0	0	30
28	ZD29RO			0	0	0	0	1	1	0										2
28	ZD32NE			0	0	0	0	0	1	0										1
28	ZD32RO			0	1	1	0	1	1	1										5
28	ZD33HF			0	0	0	0	0	1	0										1
28	ZD34NE			0	0	0	0	1	0	0										1
28	ZD35WI			0	1	0	0	0	0	0										1
28	ZD36MB			0	0	1	0	1	1	0										3
28	ZD36NE			0	0	0	1	0	0	0										1
28	ZD37BR			0	1	1	1	1	1	0										5
28	ZD37NE			0	1	0	0	0	0	0										1
28	ZD38NE			0	1	0	0	1	0	0										2
28	ZD38RO			0	1	0	1	1	1	0										4
28	ZD39MB			0	0	1	1	0	0	0										2
28	ZD39NE			0	1	0	0	0	0	0										1
28	ZD40AZ			0	1	1	1	1	0	0										4
28	ZD40MA			0	0	1	1	0	0	0										2
28	ZD41CR			0	1	1	0	1	0	0										3
28	Totales ZD	0	0	0	9	7	6	9	7	1	0	0	0	0	0	0	0	0	0	39
28	ZF25MO			0	0	1	0	1	1	0										3
28	ZF26BR			0	0	0	0	1	0	0										1
28	ZF26C*			0	1	1	1	1	0	0										4
28	ZF27MO			0	1	1	1	0	0	0										3
28	ZF34XO			0	1	1	0	1	1	0										4
28	ZF35BR			0	1	1	1	0	1	0										4
28	ZF38B*			0	1	0	1	1	0	0										3
28	ZF39RO			0	1	0	1	1	0	0										3
28	ZF45OR			0	1	0	0	0	1	0										2
28	ZF46HF			0	1	1	1	0	0	0										3
28	ZF46RO			0	0	0	0	1	0	0										1
28	ZF48BG			0	0	0	1	0	1	0										2
28	ZF49BR			0	1	0	0	0	1	0										2
28	ZF50C*			0	0	0	0	1	0	0										1
28	ZF50NE			0	1	0	1	1	1	0										4
28	ZF55LU			0	0	0	0	1	0	0										1
28	ZF72NE			0	1	1	0	1	0	0										3
28	ZF72RO			0	1	0	1	1	1	0										4
28	Totales ZF	0	0	0	12	7	9	12	8	0	0	0	0	0	0	0	0	0	0	48
28	ZG20LU			0	1	1	0	0	0	0										2
28	ZG22AZ			0	1	0	0	1	0	0										2
28	ZG23AZ			0	0	0	1	0	0	0										1
28	ZG23BG			0	0	1	0	1	0	0										2
28	ZG23NE			0	1	1	0	1	0	0										3
28	ZG24MB			0	1	0	2	2	0	0										5
28	ZG24NE			0	0	0	0	0	1	0										1
28	ZG24SR			0	0	2	0	0	1	0										3
28	ZG25AS			0	0	0	0	1	0	0										1
28	ZG25NE			0	1	0	1	0	0	0										2
28	Totales ZG	0	0	0	5	5	4	6	2	0	0	0	0	0	0	0	0	0	0	22
28	ZH80LU			0	1	0	1	0	1	0										3
28	ZH80NE			0	0	1	0	0	0	0										1
28	ZH81RO			0	1	1	1	1	0	0										4
28	ZH83BR			0	1	1	1	1	0	0										4
28	ZH84MA			0	1	0	1	1	0	0										3
28	ZH84NE			0	1	0	1	1	0	0										3
28	ZH85DO			0	1	1	1	1	0	0										4
28	Totales ZH	0	0	0	6	4	6	5	1	0	0	0	0	0	0	0	0	0	0	22
28	ZJ01MB			0	0	1	1	1	0	0										3
28	ZJ01RN			0	1	0	1	1	1	0										4
28	ZJ03ML			0	0	0	0	0	1	0										1
28	ZJ08RN			0	1	1	1	1	0	0										4
28	ZJ08RO			0	1	0	0	0	0	0										1
28	ZJ09CF			0	0	1	1	1	0	0										3
28	ZJ12HR			0	1	0	0	0	0	0										1
28	ZJ13RN			0	1	0	1	0	0	0										2
28	ZJ15MI			0	0	1	1	1	0	0										3
28	ZJ15NE			0	1	0	0	1	0	0										2
28	ZJ16RN			0	1	0	0	0	1	0										2
28	ZJ17HR			0	0	0	0	0	1	0										1
28	ZJ17MB			0	1	0	0	0	0	0										1
28	ZJ18AZ			0	1	0	1	1	0	0										3
28	ZJ18CF			0	1	1	0	0	0	0										2
28	ZJ19XO			0	0	0	0	0	1	0										1
28	ZJ20MB			0	0	0	1	0	1	0										2
28	ZJ32BR			0	0	1	1	0	0	0										2
28	ZJ32DO			0	1	1	1	0	0	0										3
28	ZJ33VE			0	1	1	0	1	0	0										3
28	ZJ34CR			0	1	1	1	1	0	0										4
28	ZJ34NE			0	1	0	1	1	0	0										3
28	ZJ34RO			0	0	1	1	1	0	0										3
28	ZJ35AZ			0	0	0	0	1	0	0										1
28	ZJ35MI			1	1	0	0	0	0	0										2
28	ZJ40BG			0	0	2	1	1	0	0										4
28	ZJ40BR			0	1	0	0	0	0	0										1
28	ZJ41DO			0	1	1	0	0	0	0										2
28	ZJ41NE			0	1	0	0	0	0	0										1
28	ZJ42RN			0	1	0	0	0	0	0										1
28	ZJ50PL			0	0	1	0	0	1	0										2
28	Totales ZJ	0	0	1	19	14	14	13	7	0	0	0	0	0	0	0	0	0	0	68
28	ZM56BR			0	1	0	1	1	0	0										3
28	ZM56DO			0	1	0	0	1	0	0										2
28	ZM57NE			0	0	1	1	1	0	0										3
28	ZM57RO			0	1	0	0	1	0	0										2
28	Totales ZM	0	0	0	3	1	2	4	0	0	0	0	0	0	0	0	0	0	0	10
28	ZO12WN			0	1	0	0	1	0	1										3
28	ZO16IA			0	0	1	0	1	0	0										2
28	ZO16MI			0	0	1	0	0	0	0										1
28	ZO16RN			0	1	0	0	0	0	0										1
28	ZO16RO			0	1	1	0	1	0	0										3
28	Totales ZO	0	0	0	3	3	0	3	0	1	0	0	0	0	0	0	0	0	0	10
28	ZQ04OR			0	1	1	1	0	1	0										4
28	ZQ06C*			0	1	0	0	0	0	0										1
28	ZQ09NE			0	0	0	1	1	1	0										3
28	ZQ10AZ			0	1	1	0	1	0	0										3
28	ZQ10BG			0	1	0	0	0	0	0										1
28	ZQ11NE			0	0	0	0	1	1	0										2
28	ZQ11RO			0	0	1	1	0	1	0										3
28	ZQ15RO			0	0	0	0	1	0	0										1
28	ZQ20AZ			0	0	0	0	1	1	0										2
28	ZQ20RO			0	1	1	1	0	0	0										3
28	ZQ21BR			0	1	0	0	0	0	0										1
28	ZQ24DO			0	1	1	1	1	0	0										4
28	ZQ24RO			0	1	1	1	1	0	0										4
28	ZQ25BR			0	1	0	0	1	1	0										3
28	ZQ34RO			0	1	0	1	1	0	0										3
28	ZQ35CF			0	1	0	0	0	0	0										1
28	ZQ36DO			0	1	1	0	1	0	0										3
28	ZQ37RS			0	1	1	1	0	0	0										3
28	ZQ40NE			0	0	0	0	1	0	0										1
28	ZQ41CF			0	1	0	1	1	0	0										3
28	Totales ZQ	0	0	0	14	8	9	12	6	0	0	0	0	0	0	0	0	0	0	49
28	ZUA1BR			0	1	1	1	0	0	0										3
28	ZUA1GR			0	0	2	0	0	0	0										2
28	ZUT1VE			0	0	1	0	0	0	0										1
28	Totales ZU	0	0	0	1	4	1	0	0	0	0	0	0	0	0	0	0	0	0	6
28	ZV52RS			0	1	0	0	1	0	0										2
28	ZV54BG			0	1	1	0	1	1	0										4
28	Totales ZV	0	0	0	2	1	0	2	1	0	0	0	0	0	0	0	0	0	0	6
28	ZWP1AZ			0	1	1	3	2	1	0										8
28	ZWP1MA			0	1	2	2	2	1	0										8
28	ZWP1NE			0	1	4	1	2	1	0										9
28	ZWP1NR			0	0	1	1	1	0	0										3
28	ZWP1RO			0	1	2	2	1	1	0										7
28	ZWP1VI			0	1	2	3	2	1	0										9
28	ZWP2BG			0	1	3	4	2	1	1										12
28	ZWP2GR			0	0	3	1	1	1	0										6
28	ZWP2MA			0	1	3	3	2	1	0										10
28	ZWP2NE			0	2	1	3	2	1	0										9
28	ZWP2RO			0	0	1	1	1	0	0										3
28	Totales ZW	0	0	0	9	23	24	18	9	1	0	0	0	0	0	0	0	0	0	84
28	ZX35NE			0	0	1	1	0	0	0										2
28	ZX36NE			0	0	0	0	1	0	0										1
28	ZX36UV			0	1	0	0	0	0	0										1
28	ZX38BR			0	0	0	0	1	0	0										1
28	Totales ZX	0	0	0	1	1	1	2	0	0	0	0	0	0	0	0	0	0	0	5
28	ZY80RO			0	1	1	0	0	0	0										2
28	ZY81NE			0	1	0	1	1	0	0										3
28	ZY82MA			0	1	1	1	1	0	0										4
28	Totales ZY	0	0	0	3	2	2	2	0	0	0	0	0	0	0	0	0	0	0	9
28	CREMA**	1																		1
28	CREMACE	1																		1
28	CREMAMB	1																		1
28	CREMARO	2																		2
28	CREMAXO	3																		3
28	Totales CR	8	0	0	0	0	0	0	0	0	0	0	0	0	0	0	0	0	0	8
28	O302BG	1																		1
28	O321HF	1																		1
28	O321NE	1																		1
28	O322CF	1																		1
28	O322NE	1																		1
28	O323HF	1																		1
28	O323NE	1																		1
28	O3B1RO	1																		1
28	O3B2AZ	1																		1
28	O3B4A*	1																		1
28	O3B4N*	1																		1
28	O3B5A*	1																		1
28	O3B5N*	1																		1
28	O3B6NE	1																		1
28	O3B6VE	1																		1
28	O3B7VE	1																		1
28	O3C1AZ	1																		1
28	O3C1MI	1																		1
28	O3C2A*	1																		1
28	O3C2N*	1																		1
28	O3C3NE	1																		1
28	O3C3VE	1																		1
28	O3M1AZ	1																		1
28	O3M1NE	1																		1
28	O3M2A*	1																		1
28	O3M2N*	1																		1
28	O3T1NE	1																		1
28	O3T1VE	1																		1
28	O3T2A*	1																		1
28	O3T2N*	1																		1
28	Totales O3	30	0	0	0	0	0	0	0	0	0	0	0	0	0	0	0	0	0	30
28	OC05CF	1																		1
28	OC09BR	1																		1
28	OC09NE	1																		1
28	OC13CF	1																		1
28	OC17NE	1																		1
28	OC50MB	1																		1
28	OC54CE	1																		1
28	OC63BR	1																		1
28	OC68MI	1																		1
28	OC76DO	1																		1
28	OC76NE	1																		1
28	Totales OC	11	0	0	0	0	0	0	0	0	0	0	0	0	0	0	0	0	0	11
28	OE20HF	1																		1
28	OE20NE	1																		1
28	OE22HF	1																		1
28	OE22NE	1																		1
28	OE23NE	1																		1
28	OE23WB	1																		1
28	OEB1R1	1																		1
28	OEB2R2	1																		1
28	OEC2R2	1																		1
28	OEL2R2	1																		1
28	OET1NE	2																		2
28	OET1TA	1																		1
28	OET2NE	1																		1
28	OET2WB	1																		1
28	Totales OE	15	0	0	0	0	0	0	0	0	0	0	0	0	0	0	0	0	0	15
28	OF14MB	2																		2
28	OF14NE	2																		2
28	OF15CF	1																		1
28	OF15NE	2																		2
28	OF18NE	1																		1
28	OF19BR	1																		1
28	OF19RO	1																		1
28	OFC2BR	1																		1
28	OFC2RO	1																		1
28	OFL2BR	1																		1
28	OFL2RO	1																		1
28	OFM2BR	1																		1
28	OFT2RO	1																		1
28	Totales OF	16	0	0	0	0	0	0	0	0	0	0	0	0	0	0	0	0	0	16
28	OG01NE	1																		1
28	OG02CF	1																		1
28	OG02NE	1																		1
28	OG12HF	1																		1
28	OG12NE	1																		1
28	Totales OG	5	0	0	0	0	0	0	0	0	0	0	0	0	0	0	0	0	0	5
28	OH11NE	1																		1
28	OHB1UV	2																		2
28	OHL1UV	2																		2
28	OHM1UV	1																		1
28	OHP1UV	1																		1
28	Totales OH	7	0	0	0	0	0	0	0	0	0	0	0	0	0	0	0	0	0	7
28	OK1BNE	1																		1
28	OK1TCN	1																		1
28	OK1TNE	1																		1
28	OK23BG	1																		1
28	OK26NE	1																		1
28	OK26RO	1																		1
28	OK2TCF	1																		1
28	OK2TNE	1																		1
28	OK37BR	1																		1
28	OK80CF	1																		1
28	OK80NE	1																		1
28	OK81CF	1																		1
28	OK81NE	1																		1
28	OKB1AL	3																		3
28	OKB1RS	1																		1
28	OKB2CF	1																		1
28	OKB2NE	1																		1
28	OKB3RO	1																		1
28	OKB3XO	1																		1
28	OKL1RS	1																		1
28	OKL2XO	1																		1
28	OKT1AL	1																		1
28	OKT2RO	1																		1
28	OKT2XO	1																		1
28	Totales OK	26	0	0	0	0	0	0	0	0	0	0	0	0	0	0	0	0	0	26
28	OL27HF	1																		1
28	OL27NE	1																		1
28	OL45CF	1																		1
28	OL45NE	1																		1
28	OL65CN	1																		1
28	OL65NE	1																		1
28	Totales OL	6	0	0	0	0	0	0	0	0	0	0	0	0	0	0	0	0	0	6
28	OM55HF	1																		1
28	OM92AZ	1																		1
28	OMM3XO	1																		1
28	Totales OM	3	0	0	0	0	0	0	0	0	0	0	0	0	0	0	0	0	0	3
28	ON28NE	1																		1
28	ON31MI	1																		1
28	ON31PL	1																		1
28	Totales ON	3	0	0	0	0	0	0	0	0	0	0	0	0	0	0	0	0	0	3
28	OO24NE	1																		1
28	OO25CF	1																		1
28	OO27PL	1																		1
28	Totales OO	3	0	0	0	0	0	0	0	0	0	0	0	0	0	0	0	0	0	3
28	OP53NE	1																		1
28	OP55AZ	1																		1
28	OP56BR	1																		1
28	OP57RO	1																		1
28	OP60NE	1																		1
28	OP61DO	1																		1
28	Totales OP	6	0	0	0	0	0	0	0	0	0	0	0	0	0	0	0	0	0	6
28	OQ57RO	1																		1
28	OQ58R*	1																		1
28	OQ60CF	1																		1
28	OQ67CF	1																		1
28	OQ67NE	1																		1
28	OQ68RO	1																		1
28	OQB1CF	1																		1
28	OQB1NE	1																		1
28	OQB5NE	3																		3
28	OQB5WB	1																		1
28	OQC1RO	1																		1
28	OQC2RO	1																		1
28	OQL1R*	1																		1
28	OQL1RO	1																		1
28	OQT1R*	1																		1
28	OQT1RO	1																		1
28	Totales OQ	18	0	0	0	0	0	0	0	0	0	0	0	0	0	0	0	0	0	18
28	OS51NE	1																		1
28	OS51RO	1																		1
28	Totales OS	2	0	0	0	0	0	0	0	0	0	0	0	0	0	0	0	0	0	2
28	OT20CF	1																		1
28	OT21NE	1																		1
28	OT24CF	1																		1
28	OT25MI	1																		1
28	OT40BG	1																		1
28	OT40HF	1																		1
28	OT44RS	1																		1
28	OT51CF	1																		1
28	OT51RO	1																		1
28	OT52CF	1																		1
28	OT52RO	1																		1
28	OT54CQ	1																		1
28	OT54PL	1																		1
28	OT56CQ	1																		1
28	OT56NE	1																		1
28	OT56PL	1																		1
28	OT57AZ	1																		1
28	OT57FS	1																		1
28	OT57RO	1																		1
28	OT58MB	1																		1
28	OT63NE	1																		1
28	OT64NE	1																		1
28	OT65AS	1																		1
28	OT65HF	1																		1
28	OT66AS	1																		1
28	OT66HF	1																		1
28	OT69D*	1																		1
28	OTC*CQ	1																		1
28	OTC*PL	1																		1
28	OTC4CF	1																		1
28	OTC4RO	1																		1
28	OTC6AZ	1																		1
28	OTC8HF	1																		1
28	OTC9D*	1																		1
28	OTL1CF	1																		1
28	OTL1CQ	1																		1
28	OTL1MB	1																		1
28	OTL1PL	1																		1
28	OTL1RO	1																		1
28	OTL8HF	1																		1
28	OTL9D*	1																		1
28	OTM*CF	1																		1
28	OTM*RO	1																		1
28	OTP0NE	1																		1
28	OTP2**	1																		1
28	OTP4NE	1																		1
28	OTP6CF	1																		1
28	OTP6CQ	1																		1
28	OTP6PL	1																		1
28	OTP6RO	1																		1
28	OTP8**	5																		5
28	OTP9NE	1																		1
28	OTT1AZ	1																		1
28	OTT6CF	1																		1
28	OTT6CQ	1																		1
28	OTT6PL	1																		1
28	OTT6RO	1																		1
28	OTT8HF	1																		1
28	OTT9D*	1																		1
28	Totales OT	63	0	0	0	0	0	0	0	0	0	0	0	0	0	0	0	0	0	63
28	OU21NE	1																		1
28	OU23CF	1																		1
28	OU23NE	1																		1
28	OU53NE	1																		1
28	OU54HF	1																		1
28	OU55NE	1																		1
28	OUB1CF	1																		1
28	OUB2NE	1																		1
28	Totales OU	8	0	0	0	0	0	0	0	0	0	0	0	0	0	0	0	0	0	8
28	OV01HF	1																		1
28	OV10NE	1																		1
28	OVB4C*	1																		1
28	OVB4HF	1																		1
28	OVB4NE	1																		1
28	OVB8MB	2																		2
28	OVB8NE	1																		1
28	OVB9MB	2																		2
28	OVB9NE	2																		2
28	OVC6BG	1																		1
28	OVM4C*	1																		1
28	OVM4HF	1																		1
28	Totales OV	15	0	0	0	0	0	0	0	0	0	0	0	0	0	0	0	0	0	15
28	OW28**	10																		10
28	OW96**	2																		2
28	OWES**	6																		6
28	Totales OW	18	0	0	0	0	0	0	0	0	0	0	0	0	0	0	0	0	0	18
28	OX12AZ	1																		1
28	OX12HF	1																		1
28	OX13DO	1																		1
28	OX24CF	1																		1
28	OX24MI	1																		1
28	OX24NE	1																		1
28	Totales OX	6	0	0	0	0	0	0	0	0	0	0	0	0	0	0	0	0	0	6
28	OY01NR	1																		1
28	OY19RO	1																		1
28	OY97MI	1																		1
28	OY97NE	1																		1
28	OYB1CF	1																		1
28	OYB1NE	1																		1
28	OYH1NE	1																		1
28	Totales OY	7	0	0	0	0	0	0	0	0	0	0	0	0	0	0	0	0	0	7
28	OZM2BR	2																		2
28	OZM2GR	1																		1
28	OZM4AZ	1																		1
28	OZP3RO	1																		1
28	OZP3TA	1																		1
28	OZP4AZ	1																		1
28	OZP4NR	1																		1
28	Totales OZ	8	0	0	0	0	0	0	0	0	0	0	0	0	0	0	0	0	0	8
28	TARJETA	8																		8
28	Totales TA	8	0	0	0	0	0	0	0	0	0	0	0	0	0	0	0	0	0	8
28	ZI56CN	1																		1
28	ZI56NE	1																		1
28	Totales ZI	2	0	0	0	0	0	0	0	0	0	0	0	0	0	0	0	0	0	2
28	ZS87NE	1																		1
28	ZS90FS	1																		1
28	ZS90VE	1																		1
28	Totales ZS	3	0	0	0	0	0	0	0	0	0	0	0	0	0	0	0	0	0	3
28	ZT16MA	1																		1
28	ZT89VE	1																		1
28	ZT95HF	1																		1
28	Totales ZT	3	0	0	0	0	0	0	0	0	0	0	0	0	0	0	0	0	0	3
28	O1C2MI		0	1		0		0		0		0								1
28	Totales O1	0	0	1	0	0	0	0	0	0	0	0	0	0	0	0	0	0	0	1
28	O401HF		0	0		0		0		1		0								1
28	O401TA		0	0		0		0		1		0								1
28	O402MI		0	0		0		0		1		0								1
28	O403WI		0	0		1		0		0		0								1
28	O404HF		0	0		0		0		1		0								1
28	O404MI		0	0		1		0		1		0								2
28	O405CQ		0	0		1		0		1		0								2
28	O406UV		0	0		1		0		1		0								2
28	O407BR		0	0		1		0		1		0								2
28	O407WI		0	0		0		0		1		0								1
28	O408NE		0	0		1		0		1		0								2
28	O408XO		0	0		1		0		1		0								2
28	O409CF		0	0		1		0		1		0								2
28	Totales O4	0	0	0	0	8	0	0	0	12	0	0	0	0	0	0	0	0	0	20
28	OH80MI		0	0		1		0		1		0								2
28	OH80NE		0	0		1		0		1		0								2
28	Totales OH	0	0	0	0	2	0	0	0	2	0	0	0	0	0	0	0	0	0	4
28	OQ02MI		0	0		0		0		0		1								1
28	Totales OQ	0	0	0	0	0	0	0	0	0	0	1	0	0	0	0	0	0	0	1
28	OUC1HF		0	1		1		1		1		0								4
28	OUC1NE		0	0		0		1		1		0								2
28	OUC2MI		0	1		0		0		1		0								2
28	OUC2TA		0	0		1		1		1		0								3
28	Totales OU	0	0	2	0	2	0	3	0	4	0	0	0	0	0	0	0	0	0	11
28	ZE74HF		0	1		0		0		0		0								1
28	ZE74WB		0	0		0		1		1		0								2
28	ZE76AL		0	0		1		1		1		0								3
28	ZE76WB		0	0		1		1		1		0								3
28	ZE77HF		0	0		0		1		0		1								2
28	ZE77MB		0	1		1		1		1		0								4
28	Totales ZE	0	0	2	0	3	0	5	0	4	0	1	0	0	0	0	0	0	0	15
28	O201HF														1	1	0	0		2
28	O202MI														1	0	1	0		2
28	O202NE														0	0	1	0		1
28	O202RO														1	1	1	0		3
28	O203HF														1	1	1	0		3
28	O203NE														0	0	1	0		1
28	O204GR														0	1	1	0		2
28	O205DO														1	1	0	0		2
28	O205GR														1	0	1	0		2
28	O208DO														0	1	0	0		1
28	O208GR														1	0	1	0		2
28	Totales O2	0	0	0	0	0	0	0	0	0	0	0	0	0	7	6	8	0	0	21
28	O421A*														1	1	0	0		2
28	O421C*														1	1	0	0		2
28	O421N*														1	1	0	0		2
28	O421R*														1	1	0	0		2
28	O422A*														1	1	0	0		2
28	O422C*														1	1	0	0		2
28	O422N*														1	1	0	0		2
28	O422R*														1	1	0	0		2
28	O451AZ														1	0	0	0		1
28	O451TA														1	1	0	0		2
28	Totales O4	0	0	0	0	0	0	0	0	0	0	0	0	0	10	9	0	0	0	19
28	OA09BG														2	2	0	0		4
28	OA10BL														1	0	0	1		2
28	OA10HF														0	1	0	0		1
28	OA10RO														0	0	0	1		1
28	OA20HF														1	0	0	0		1
28	OA30BR														0	1	1	0		2
28	OA31GR														1	1	1	0		3
28	OA31RO														1	1	1	0		3
28	OA32NE			0	0	0	0	1	0	0					0	0	0	0		1
28	OA32VE														2	2	1	0		5
28	OA46NE														1	1	0	0		2
28	OA46WI														1	1	0	0		2
28	OA58HF														1	1	1	0		3
28	OA61AS														0	1	1	0		2
28	OA61AZ														1	1	0	0		2
28	OA62BG														1	1	1	0		3
28	OA62NE														1	1	1	0		3
28	OA63AZ														0	1	1	0		2
28	OA75OR														1	0	0	0		1
28	OA82AS														1	0	1	0		2
28	OA82AZ														1	1	1	0		3
28	OA82VE														1	0	0	0		1
28	Totales OA	0	0	0	0	0	0	1	0	0	0	0	0	0	18	17	11	2	0	49
28	OD03AZ														1	0	0	0		1
28	OD04MI														0	2	0	0		2
28	OD04RO														0	1	0	0		1
28	OD05MI														1	0	0	0		1
28	OD06BG														0	0	1	1		2
28	OD07HF														0	1	0	0		1
28	OD08HF														1	1	0	1		3
28	OD08NE														1	0	0	1		2
28	OD08RO														0	0	0	1		1
28	OD09NE														0	1	0	1		2
28	OD09RO														0	1	1	0		2
28	OD10LU														0	1	1	0		2
28	Totales OD	0	0	0	0	0	0	0	0	0	0	0	0	0	4	8	3	5	0	20
28	OH51TA														1	1	0	0		2
28	OH51XO														1	1	0	0		2
28	OH52AZ														0	1	0	0		1
28	OH52RO														1	1	0	0		2
28	Totales OH	0	0	0	0	0	0	0	0	0	0	0	0	0	3	4	0	0	0	7
28	OP03NE														2	0	0	0		2
28	OP38MI														0	1	0	0		1
28	OP40CF														1	0	0	0		1
28	Totales OP	0	0	0	0	0	0	0	0	0	0	0	0	0	3	1	0	0	0	4
28	OQ01NE														0	0	1	0		1
28	OQ04NE														0	0	1	0		1
28	OQ05CF														1	2	1	0		4
28	OQ05HF														1	1	0	0		2
28	OQ08NE														1	0	0	0		1
28	Totales OQ	0	0	0	0	0	0	0	0	0	0	0	0	0	3	3	3	0	0	9
28	OV02CN														0	0	1	0		1
28	OV02NE														1	1	1	0		3
28	Totales OV	0	0	0	0	0	0	0	0	0	0	0	0	0	1	1	2	0	0	4
28	ZI47HF														1	1	0	0		2
28	Total	300	0	56	404	299	267	414	217	142	84	105	8	0	50	50	27	7	0	2430
25	A703NA			1	1	1	2	0	1	0										6
25	A703NV			0	0	1	0	0	0	0										1
25	A714RN			0	1	0	2	0	0	0										3
25	A71AN*			0	1	1	2	1	1	0										6
25	Totales A7	0	0	1	3	3	6	1	2	0	0	0	0	0	0	0	0	0	0	16
25	BY35RM			0	1	1	2	1	1	0										6
25	BY35RN			0	1	0	0	0	0	0										1
25	BY39RM			0	1	1	1	0	1	0										4
25	BY39RN			0	2	2	0	1	1	1										7
25	BY50MN			0	1	0	0	0	1	0										2
25	BY50NX			0	1	2	2	1	1	0										7
25	BY68RC			0	1	0	0	0	0	0										1
25	Totales BY	0	0	0	8	6	5	3	5	1	0	0	0	0	0	0	0	0	0	28
25	CG0AMB			0	0	1	2	1	0	0										4
25	CG0ARN			0	1	2	1	2	0	0										6
25	CG28LA			0	1	0	0	1	1	0										3
25	CG28RN			0	1	2	2	1	1	0										7
25	CG58SN			0	1	2	0	0	1	0										4
25	CG58SR			0	1	1	2	1	0	0										5
25	CG9XIP			0	0	1	1	1	1	0										4
25	CG9XRC			0	1	2	0	1	1	0										5
25	CG9XRN			0	1	1	2	1	1	0										6
25	Totales CG	0	0	0	7	12	10	9	6	0	0	0	0	0	0	0	0	0	0	44
25	DZ59RN			0	2	0	2	0	1	0										5
25	Totales DZ	0	0	0	2	0	2	0	1	0	0	0	0	0	0	0	0	0	0	5
25	EO44IA			0	1	1	2	1	1	0										6
25	EO44RN			0	1	1	2	1	1	0										6
25	EO46RN			0	1	2	1	1	1	0										6
25	EO46SR			0	0	1	2	1	1	0										5
25	EO73IA			0	1	1	0	0	0	0										2
25	EO73RN			0	1	1	2	0	1	0										5
25	EO83NS			0	1	1	2	1	0	0										5
25	Totales EO	0	0	0	6	8	11	5	5	0	0	0	0	0	0	0	0	0	0	35
25	EW4EG0			0	0	1	0	0	0	0										1
25	Totales EW	0	0	0	0	1	0	0	0	0	0	0	0	0	0	0	0	0	0	1
25	FB4XN5			0	1	2	1	0	2	0										6
25	FB4XP1			0	1	1	2	1	1	0										6
25	FB78MB			0	1	1	0	0	0	0										2
25	FB78RN			0	0	0	1	1	1	0										3
25	FB82IP			0	1	0	2	0	1	0										4
25	FB82OX			0	0	1	1	0	1	0										3
25	FB82X0			0	1	2	2	1	1	0										7
25	Totales FB	0	0	0	5	7	9	3	7	0	0	0	0	0	0	0	0	0	0	31
25	G714TO			0	1	0	2	1	0	0										4
25	G722CE			0	1	2	2	1	1	0										7
25	G722EY			0	1	1	2	1	1	0										6
25	G722MN			0	0	0	1	1	1	0										3
25	Totales G7	0	0	0	3	3	7	4	3	0	0	0	0	0	0	0	0	0	0	20
25	HA3PRN			0	0	1	0	0	0	0										1
25	Totales HA	0	0	0	0	1	0	0	0	0	0	0	0	0	0	0	0	0	0	1
25	IX25EL			0	2	2	2	1	1	0										8
25	IX25GR			0	0	2	2	0	1	0										5
25	IX5WNI			0	0	0	1	1	1	0										3
25	IX5WOX			0	1	0	2	1	1	0										5
25	IX5WRN			0	2	1	2	1	0	0										6
25	IX6ERN			0	0	1	0	0	0	0										1
25	IX7DCR			0	1	1	2	1	1	0										6
25	Totales IX	0	0	0	6	7	11	5	5	0	0	0	0	0	0	0	0	0	0	34
25	LP01*F			0	1	1	1	1	0	0										4
25	LP01*N			0	2	1	2	1	1	0										7
25	LP01CR			0	1	2	1	1	1	0										6
25	LP01D1			0	1	2	2	1	0	0										6
25	LP01DO			0	1	3	0	0	0	0										4
25	LP01RN			0	0	1	2	1	1	0										5
25	LP01T5			0	1	0	1	1	1	0										4
25	LP09CR			0	0	2	2	1	0	0										5
25	LP09N6			0	0	0	2	0	1	0										3
25	LP09VI			0	1	1	2	0	1	0										5
25	LP0CIA			0	1	1	1	1	1	0										5
25	LP0CRC			0	1	1	2	1	1	0										6
25	LP0CRN			0	1	0	0	0	0	0										1
25	LP0EA2			0	1	0	1	0	0	0										2
25	LP0EN2			0	0	1	2	1	1	1										6
25	LP0MCR			0	1	0	0	1	1	0										3
25	LP0MRN			0	1	1	1	1	1	0										5
25	LP1CBR			0	0	1	0	1	1	0										3
25	LP1CRN			0	1	2	1	0	1	0										5
25	LP1DR1			0	1	2	2	0	1	0										6
25	LP1NIA			0	1	0	1	1	1	0										4
25	LP1NRM			0	1	0	0	0	0	0										1
25	LP1NRN			0	0	1	2	0	1	0										4
25	LP1NSR			0	1	1	1	0	0	0										3
25	LP1XXN			0	1	1	2	1	1	0										6
25	LP29PL			0	0	0	0	1	1	0										2
25	LP29RN			0	1	0	1	1	0	0										3
25	LP3PRM			0	1	1	0	1	1	1										5
25	LP3PRN			0	1	2	0	0	1	0										4
25	LP3PSR			0	1	1	0	0	1	0										3
25	LP62RN			0	1	2	0	0	0	0										3
25	LP6WRC			0	2	0	1	0	0	1										4
25	LP6WRN			0	1	1	0	0	0	0										2
25	LP71OX			0	0	0	1	1	0	0										2
25	LP71PL			0	0	0	0	1	0	0										1
25	LP74RC			0	1	0	0	0	0	0										1
25	LP8PRM			0	1	1	2	0	1	0										5
25	LP8PRN			0	1	0	0	0	0	0										1
25	LP91RC			0	1	1	1	1	0	0										4
25	Totales LP	0	0	0	32	34	37	21	22	3	0	0	0	0	0	0	0	0	0	149
25	NU3MM8			1	0	1	1	1	0	0										4
25	NU3MN8			0	1	2	2	1	1	0										7
25	Totales NU	0	0	1	1	3	3	2	1	0	0	0	0	0	0	0	0	0	0	11
25	P644RC			0	0	0	1	0	0	0										1
25	P644RN			0	1	1	0	0	0	0										2
25	P679RC			0	0	0	2	0	0	0										2
25	P679RN			0	0	0	2	1	0	0										3
25	P686RM			0	1	0	0	1	1	0										3
25	P686RN			0	0	1	0	1	0	0										2
25	Totales P6	0	0	0	2	2	5	3	1	0	0	0	0	0	0	0	0	0	0	13
25	QR1PNI			0	0	0	0	0	1	0										1
25	QR2ABN			0	1	0	0	1	0	0										2
25	QR2PRC			0	1	2	2	1	0	0										6
25	QR2PRN			0	0	1	0	0	0	0										1
25	QR2WIA			0	1	1	0	0	1	0										3
25	QR2WRN			0	1	3	1	0	0	0										5
25	QR3RN3			0	0	1	0	1	1	0										3
25	Totales QR	0	0	0	4	8	3	3	3	0	0	0	0	0	0	0	0	0	0	21
25	R214CF			0	1	2	1	1	0	0										5
25	R214SN			0	1	1	1	1	1	0										5
25	R214SR			0	0	2	2	1	1	0										6
25	R214XO			0	2	1	0	1	0	0										4
25	Totales R2	0	0	0	4	6	4	4	2	0	0	0	0	0	0	0	0	0	0	20
25	R480RO			0	0	0	2	0	0	0										2
25	R480VE			0	1	0	0	0	0	0										1
25	Totales R4	0	0	0	1	0	2	0	0	0	0	0	0	0	0	0	0	0	0	3
25	RA03NE			0	1	1	1	1	0	0										4
25	RA03RM			0	1	2	2	1	0	0										6
25	RA05NR			0	1	2	1	0	0	0										4
25	RA05RM			0	1	1	0	1	1	0										4
25	RA07NE			0	1	1	1	1	1	0										5
25	RA07RO			0	1	0	1	1	1	0										4
25	RA07XO			0	1	2	1	0	0	0										4
25	RA15NE			0	1	0	1	1	0	0										3
25	RA15XO			0	0	1	0	1	0	0										2
25	RA21GR			0	1	1	0	0	1	0										3
25	RA21RO			0	0	2	0	1	0	0										3
25	RA47BR			0	0	1	1	0	0	0										2
25	RA47XO			0	0	0	2	0	0	0										2
25	RA90XM			0	1	0	0	0	1	0										2
25	RA90XO			0	1	0	0	2	0	0										3
25	RA94NE			0	1	2	2	1	1	0										7
25	RA94XO			0	1	2	2	1	0	0										6
25	RA95NE			0	2	2	2	1	1	0										8
25	RA95RO			0	1	1	0	0	0	0										2
25	RA95XO			0	1	1	2	0	0	0										4
25	RA96NE			0	1	1	0	2	0	0										4
25	RA96RO			0	2	1	0	0	0	0										3
25	RA96XO			0	0	1	0	1	0	0										2
25	RA98MI			0	0	2	1	0	1	0										4
25	RA98N*			0	1	2	2	1	0	0										6
25	RA98NE			0	0	1	1	0	1	0										3
25	RA98RO			0	1	0	1	1	0	0										3
25	RA98XO			1	1	1	1	1	2	0										7
25	Totales RA	0	0	1	23	31	25	19	11	0	0	0	0	0	0	0	0	0	0	110
25	RB45AN			0	0	0	0	0	1	0										1
25	RB45SN			0	1	0	0	1	1	0										3
25	Totales RB	0	0	0	1	0	0	1	2	0	0	0	0	0	0	0	0	0	0	4
25	RC30MA			0	0	0	1	1	1	0										3
25	RC30RO			1	0	1	0	1	0	0										3
25	RC35AZ			0	1	0	1	0	0	0										2
25	RC35NE			0	1	0	0	1	0	0										2
25	RC36NR			0	1	2	0	0	1	0										4
25	RC36RO			0	2	1	0	0	0	0										3
25	Totales RC	0	0	1	5	4	2	3	2	0	0	0	0	0	0	0	0	0	0	17
25	RD68NE			0	1	0	1	1	0	0										3
25	RD68XO			0	1	1	0	1	0	0										3
25	Totales RD	0	0	0	2	1	1	2	0	0	0	0	0	0	0	0	0	0	0	6
25	RG59CF			0	1	0	1	0	1	0										3
25	RG59MI			0	1	0	1	0	0	0										2
25	RG59NE			0	1	1	1	1	1	0										5
25	RG67NE			0	1	1	1	0	0	0										3
25	RG67XO			0	2	1	1	1	1	0										6
25	RG70AZ			0	1	0	1	1	1	0										4
25	RG70LU			0	1	2	1	1	1	0										6
25	RG88NE			0	0	0	1	0	1	0										2
25	RG88RO			0	1	1	1	2	1	0										6
25	Totales RG	0	0	0	9	6	9	6	7	0	0	0	0	0	0	0	0	0	0	37
25	RS00CR			0	2	1	1	1	1	0										6
25	RS00RN			0	0	1	1	0	0	0										2
25	RS06MB			0	0	1	0	0	1	0										2
25	RS06RN			0	0	0	0	1	0	0										1
25	RS0X*C			0	1	0	0	1	1	0										3
25	RS0XIA			0	1	2	2	1	1	0										7
25	RS0XRN			0	0	2	2	0	1	0										5
25	RS17RN			0	1	0	1	1	0	0										3
25	RS27RC			0	1	0	1	0	0	0										2
25	RS27RN			0	0	1	1	0	0	0										2
25	RS37*A			0	0	1	1	1	0	0										3
25	RS37M3			0	1	0	1	1	0	0										3
25	RS37N3			0	0	0	0	1	1	0										2
25	RS3BBG			0	0	1	0	1	0	0										2
25	RS3BN1			0	1	0	1	1	1	0										4
25	RS3NRN			0	1	0	2	0	0	0										3
25	RS3WRC			0	0	0	0	1	1	0										2
25	RS3WRN			0	0	0	0	1	0	0										1
25	RS48BR			0	1	1	0	2	0	0										4
25	RS48DO			0	2	0	1	0	2	1										6
25	RS48MB			0	0	1	0	1	1	0										3
25	RS48RN			0	1	2	1	1	0	0										5
25	RS49C1			0	1	1	2	1	1	0										6
25	RS4NML			0	1	2	0	1	1	0										5
25	RS4NRN			0	0	2	1	2	1	0										6
25	RS57RT			0	1	0	0	1	1	0										3
25	RS57SR			0	0	1	2	1	1	0										5
25	RS5BF5			0	2	0	0	0	0	0										2
25	RS5BN1			0	1	1	0	0	1	0										3
25	RS61L1			0	1	1	0	0	1	0										3
25	RS61N1			0	1	1	2	2	1	0										7
25	RS64OX			0	1	1	2	1	1	0										6
25	RS64RN			0	1	2	1	2	1	0										7
25	RS64SR			0	1	0	0	0	0	0										1
25	RS72PL			0	0	0	0	1	1	0										2
25	RS72RN			1	0	2	1	1	0	0										5
25	RS87LA			0	1	0	2	0	0	0										3
25	RS87RN			0	1	0	0	0	1	0										2
25	RS9YMB			0	1	2	2	1	0	0										6
25	RS9YRN			0	1	1	0	0	1	0										3
25	RS9YSR			0	0	1	2	1	0	0										4
25	Totales RS	0	0	1	28	32	33	31	24	1	0	0	0	0	0	0	0	0	0	150
25	T52BRM			0	0	0	0	0	1	0										1
25	T52BRN			0	1	1	1	1	0	0										4
25	T551RN			0	0	0	0	1	0	0										1
25	T589RC			0	1	0	1	0	2	0										4
25	T589RN			0	1	1	0	1	1	0										4
25	Totales T5	0	0	0	3	2	2	3	4	0	0	0	0	0	0	0	0	0	0	14
25	UN2XLA			0	1	1	0	1	1	0										4
25	UN2XRN			0	1	1	2	0	1	0										5
25	UN3CPD			0	0	1	2	1	1	0										5
25	UN4BG2			0	0	1	1	0	1	0										3
25	UN6DC2			0	1	1	2	1	0	0										5
25	UN6DN3			0	1	2	2	2	1	0										8
25	Totales UN	0	0	0	4	7	9	5	5	0	0	0	0	0	0	0	0	0	0	30
25	VT1BIA			0	0	0	1	1	1	0										3
25	VT1BRN			0	0	1	3	0	1	0										5
25	VT4ARM			0	0	1	0	1	0	0										2
25	VT4ARN			0	1	1	0	0	0	0										2
25	VT4ASR			0	0	0	0	0	1	0										1
25	VT6AIA			0	1	0	2	0	0	0										3
25	VT6ARN			0	0	5	0	0	0	0										5
25	VT7R05			1	0	0	1	1	0	0										3
25	VT8EOX			0	1	0	0	1	1	0										3
25	VT8ERN			0	1	2	1	0	1	0										5
25	VT8ESR			0	0	0	0	0	1	0										1
25	VT94BR			0	1	3	1	0	1	0										6
25	VT94RC			0	0	0	0	0	1	0										1
25	VT94RN			0	1	1	2	0	1	0										5
25	VT97A9			0	0	0	2	0	0	0										2
25	VT97BG			0	0	1	0	0	1	0										2
25	Totales VT	0	0	1	6	15	13	4	10	0	0	0	0	0	0	0	0	0	0	49
25	WD8CRM			0	1	0	0	0	0	0										1
25	WD8CRN			0	1	1	0	0	1	0										3
25	Totales WD	0	0	0	2	1	0	0	1	0	0	0	0	0	0	0	0	0	0	4
25	X302RN			0	1	0	1	1	0	0										3
25	X32RT6			0	1	1	1	0	1	0										4
25	X332AZ			0	0	2	2	1	1	0										6
25	X332MD			0	1	1	0	0	1	0										3
25	X332NG			0	1	1	1	1	0	0										4
25	X355CR			0	0	1	0	0	0	0										1
25	X355RN			0	0	1	2	0	1	0										4
25	X36Y*F			0	0	1	0	0	0	0										1
25	X36YR1			0	1	1	2	1	1	0										6
25	X376N3			0	1	0	1	1	1	0										4
25	Totales X3	0	0	0	6	9	10	5	6	0	0	0	0	0	0	0	0	0	0	36
25	Z150BG			0	1	2	2	0	0	1										6
25	Z150BR			0	1	2	2	0	0	0										5
25	Z151NE			0	1	2	2	1	0	1										7
25	Z151RO			0	1	2	2	1	0	0										6
25	Totales Z1	0	0	0	4	8	8	2	0	2	0	0	0	0	0	0	0	0	0	24
25	Z211NE			0	0	1	0	0	0	0										1
25	Z212NE			0	0	2	2	1	1	0										6
25	Totales Z2	0	0	0	0	3	2	1	1	0	0	0	0	0	0	0	0	0	0	7
25	Z452DO			0	0	0	2	0	0	0										2
25	Z452RO			0	0	0	0	1	0	0										1
25	Z453CF			0	1	0	2	1	1	0										5
25	Z454AZ			0	1	2	2	3	1	0										9
25	Z454MA			0	1	2	1	1	1	0										6
25	Z455CF			0	0	2	2	0	0	0										4
25	Z455NE			0	0	2	2	0	0	0										4
25	Z456MI			0	0	2	2	1	1	0										6
25	Z456NE			0	1	1	2	1	0	0										5
25	Totales Z4	0	0	0	4	11	15	8	4	0	0	0	0	0	0	0	0	0	0	42
25	Z592BR			0	0	2	0	1	0	0										3
25	Z592NE			0	0	1	1	1	1	0										4
25	Totales Z5	0	0	0	0	3	1	2	1	0	0	0	0	0	0	0	0	0	0	7
25	Z707MA			0	0	2	0	0	1	0										3
25	Z707NE			0	1	1	2	0	0	0										4
25	Z708BG			0	1	0	0	1	0	0										2
25	Totales Z7	0	0	0	2	3	2	1	1	0	0	0	0	0	0	0	0	0	0	9
25	ZA13BR			0	1	1	1	1	0	0										4
25	ZA14TA			0	0	1	0	1	0	0										2
25	ZA19BR			0	1	1	2	0	1	0										5
25	ZA19RO			0	0	1	0	1	1	0										3
25	ZA25NE			0	0	0	0	0	1	0										1
25	ZA26NE			0	0	0	2	1	1	0										4
25	ZA28AZ			1	1	2	0	0	0	0										4
25	ZA28OX			0	2	1	1	0	2	0										6
25	ZA30B*			0	1	0	0	1	0	0										2
25	ZA31BG			0	2	2	0	0	1	0										5
25	ZA31CF			0	1	1	2	0	1	0										5
25	ZA33AZ			0	0	2	1	1	1	0										5
25	ZA33BR			0	1	1	1	0	1	0										4
25	Totales ZA	0	0	1	10	13	10	6	10	0	0	0	0	0	0	0	0	0	0	50
25	ZCD3AZ			0	1	2	2	1	1	0										7
25	ZCD3BR			0	1	2	2	1	1	0										7
25	ZCD3VI			0	0	2	2	1	1	0										6
25	ZCD3XO			0	0	3	3	1	2	0										9
25	ZCD4BR			0	1	1	1	0	1	0										4
25	ZCD4MB			0	1	2	1	1	1	0										6
25	ZCD5NE			0	1	2	2	1	1	0										7
25	Totales ZC	0	0	0	5	14	13	6	8	0	0	0	0	0	0	0	0	0	0	46
25	ZD36MB			0	0	1	1	1	1	0										4
25	ZD36NE			0	0	1	2	0	0	0										3
25	ZD38NE			0	1	1	1	0	1	0										4
25	ZD39MB			0	0	2	1	1	1	0										5
25	ZD39NE			0	1	1	0	0	1	0										3
25	ZD40AZ			0	0	0	1	1	1	0										3
25	ZD40MA			0	1	0	1	1	0	0										3
25	Totales ZD	0	0	0	3	6	7	4	5	0	0	0	0	0	0	0	0	0	0	25
25	ZF26BR			0	1	2	0	0	0	0										3
25	ZF26C*			0	1	2	3	0	1	0										7
25	ZF27MO			0	1	1	0	0	0	0										2
25	ZF34NE			0	1	1	2	1	1	0										6
25	ZF34XO			0	1	2	1	0	1	1										6
25	ZF35BR			0	1	2	2	1	1	1										8
25	ZF38B*			0	0	2	2	1	0	0										5
25	ZF39RO			0	1	2	1	1	0	0										5
25	ZF45OR			0	0	1	0	0	0	0										1
25	ZF48BG			0	1	2	1	1	1	0										6
25	ZF50NE			0	1	2	2	1	0	1										7
25	ZF51OR			0	0	0	1	1	0	0										2
25	ZF72NE			0	0	2	2	1	1	0										6
25	ZF72RO			0	0	0	1	1	0	0										2
25	Totales ZF	0	0	0	9	21	18	9	6	3	0	0	0	0	0	0	0	0	0	66
25	ZH80LU			0	1	0	1	1	0	0										3
25	ZH80NE			0	1	2	0	0	0	0										3
25	ZH81RO			0	1	1	0	0	0	0										2
25	ZH83BR			0	0	0	2	0	1	0										3
25	ZH84MA			0	1	2	1	1	1	0										6
25	ZH84NE			0	1	1	2	1	0	0										5
25	ZH85DO			0	0	1	1	1	0	0										3
25	Totales ZH	0	0	0	5	7	7	4	2	0	0	0	0	0	0	0	0	0	0	25
25	ZJ01HR			0	1	0	0	0	1	0										2
25	ZJ01MB			0	1	2	2	0	1	0										6
25	ZJ01RN			0	1	2	0	1	0	0										4
25	ZJ02RN			0	1	2	0	0	1	0										4
25	ZJ07MB			0	1	0	0	1	1	0										3
25	ZJ08RN			0	0	0	3	1	1	0										5
25	ZJ08RO			0	1	0	0	0	2	0										3
25	ZJ09CF			0	1	2	2	1	1	0										7
25	ZJ09RN			0	1	2	0	1	1	0										5
25	ZJ13CF			0	1	0	1	1	1	0										4
25	ZJ13RN			0	1	0	1	1	1	0										4
25	ZJ15MI			0	0	0	0	1	0	0										1
25	ZJ18AZ			1	1	2	1	0	0	0										5
25	ZJ18CF			0	0	2	1	0	1	0										4
25	ZJ33HR			0	1	0	2	1	1	0										5
25	ZJ33VE			0	0	2	0	0	0	0										2
25	ZJ34CR			0	1	2	2	1	0	0										6
25	ZJ34NE			0	1	1	1	1	1	0										5
25	ZJ34RO			0	0	1	1	1	1	0										4
25	ZJ35AZ			0	1	0	2	1	1	0										5
25	ZJ35MI			0	0	1	1	1	0	0										3
25	ZJ40BG			0	0	0	1	0	2	0										3
25	ZJ40BR			0	0	1	0	1	1	0										3
25	ZJ41DO			0	0	1	1	0	0	0										2
25	ZJ41NE			0	0	1	2	1	0	0										4
25	ZJ42CF			0	0	2	1	0	1	0										4
25	ZJ42RN			0	1	2	1	0	1	0										5
25	ZJ50BR			0	1	2	2	0	1	0										6
25	ZJ50PL			0	1	0	0	1	1	0										3
25	Totales ZJ	0	0	1	18	30	28	17	23	0	0	0	0	0	0	0	0	0	0	117
25	ZM56BR			0	0	1	1	1	1	0										4
25	ZM56DO			0	0	1	0	2	0	0										3
25	ZM57NE			0	0	2	1	1	0	1										5
25	ZM57RO			0	0	2	2	1	0	0										5
25	Totales ZM	0	0	0	0	6	4	5	1	1	0	0	0	0	0	0	0	0	0	17
25	ZO16IA			0	1	0	0	1	1	0										3
25	ZO16MI			0	1	2	0	0	1	0										4
25	ZO16RN			0	1	0	0	1	0	0										2
25	ZO16RO			0	2	1	0	0	0	0										3
25	Totales ZO	0	0	0	5	3	0	2	2	0	0	0	0	0	0	0	0	0	0	12
25	ZP20BG			0	1	0	1	0	0	0										2
25	ZP20NE			0	0	1	0	1	1	1										4
25	ZP20RO			0	1	1	2	1	1	1										7
25	ZP21AZ			0	1	1	2	1	1	1										7
25	ZP21MI			0	1	2	2	1	1	0										7
25	Totales ZP	0	0	0	4	5	7	4	4	3	0	0	0	0	0	0	0	0	0	27
25	ZQ06C*			0	0	2	0	0	0	0										2
25	ZQ09NE			0	1	2	0	0	1	0										4
25	ZQ20RO			0	1	0	0	0	0	0										1
25	ZQ24DO			0	1	2	2	1	1	0										7
25	ZQ24RO			0	1	2	2	0	1	0										6
25	ZQ25BR			0	1	0	0	0	1	0										2
25	ZQ31C*			0	0	1	1	1	0	0										3
25	ZQ34RO			0	0	1	0	0	0	0										1
25	ZQ35CF			0	0	1	0	0	1	0										2
25	ZQ36DO			0	1	0	1	1	0	0										3
25	ZQ37RS			0	1	1	0	1	0	0										3
25	ZQ37VE			0	1	1	0	0	1	0										3
25	ZQ40NE			0	1	1	0	1	0	0										3
25	ZQ41CF			0	1	2	2	1	0	0										6
25	Totales ZQ	0	0	0	10	16	8	6	6	0	0	0	0	0	0	0	0	0	0	46
25	ZU08NE			0	1	1	2	0	0	0										4
25	ZU08RO			0	1	2	1	0	1	1										6
25	ZU09AZ			0	1	1	2	1	0	0										5
25	ZU09DO			0	1	2	2	1	1	1										8
25	ZU14NE			0	1	1	2	0	1	1										6
25	ZU14TA			0	1	1	2	1	1	0										6
25	ZU15BR			0	0	1	1	0	1	1										4
25	ZU15MI			0	0	1	1	0	1	0										3
25	Totales ZU	0	0	0	6	10	13	3	6	4	0	0	0	0	0	0	0	0	0	42
25	ZV52RS			0	1	2	1	1	0	0										5
25	ZV52XM			0	1	2	0	0	0	0										3
25	ZV57LU			0	0	2	1	1	0	0										4
25	ZV58CF			0	1	1	2	2	1	0										7
25	ZV62AZ			0	1	1	1	1	1	0										5
25	ZV62DO			0	1	0	1	1	1	0										4
25	ZV63BR			0	1	0	2	1	1	0										5
25	ZV63RO			0	1	2	2	1	1	0										7
25	Totales ZV	0	0	0	7	10	10	8	5	0	0	0	0	0	0	0	0	0	0	40
25	ZWP1AZ			1	1	4	4	0	1	1										12
25	ZWP1MA			0	2	2	2	0	1	1										8
25	ZWP1NE			0	1	2	0	1	1	1										6
25	ZWP1RO			0	1	1	2	2	0	0										6
25	ZWP1VI			1	2	3	3	2	1	1										13
25	ZWP2BG			0	1	2	3	2	1	1										10
25	ZWP2GR			0	1	3	2	1	1	1										9
25	ZWP2MA			1	2	2	2	2	1	1										11
25	ZWP2NE			1	2	3	3	2	0	1										12
25	ZWP2RO			0	0	1	1	1	0	0										3
25	Totales ZW	0	0	4	13	23	22	13	7	8	0	0	0	0	0	0	0	0	0	90
25	ZX35NE			0	1	2	2	0	1	0										6
25	ZX35XO			0	0	1	0	1	1	0										3
25	ZX36NE			0	0	1	0	1	0	0										2
25	ZX36UV			0	0	0	1	0	1	0										2
25	ZX38BR			0	1	0	1	1	1	0										4
25	ZX38NE			0	1	1	0	0	1	0										3
25	Totales ZX	0	0	0	3	5	4	3	5	0	0	0	0	0	0	0	0	0	0	20
25	ZY80NE			0	0	2	0	0	0	0										2
25	ZY80RO			0	0	2	2	0	0	0										4
25	ZY81NE			0	1	2	2	0	0	0										5
25	ZY82BG			0	0	0	2	1	1	0										4
25	ZY82MA			0	0	2	2	0	0	0										4
25	Totales ZY	0	0	0	1	8	8	1	1	0	0	0	0	0	0	0	0	0	0	19
25	CREMA**	30																		30
25	CREMABR	3																		3
25	CREMAIM	2																		2
25	CREMAMA	2																		2
25	CREMAMB	5																		5
25	CREMARO	1																		1
25	CREMAUV	1																		1
25	CREMAXO	2																		2
25	Totales CR	46	0	0	0	0	0	0	0	0	0	0	0	0	0	0	0	0	0	46
25	O303MI	1																		1
25	O304AZ	1																		1
25	O304RO	1																		1
25	O3B1NE	3																		3
25	O3B1RO	1																		1
25	O3B1VE	1																		1
25	O3B2AZ	1																		1
25	O3B2NE	1																		1
25	O3B2VE	1																		1
25	O3B3A*	1																		1
25	O3B3MI	2																		2
25	O3B3N*	2																		2
25	O3B4A*	1																		1
25	O3B4N*	2																		2
25	O3C1AZ	2																		2
25	O3C1MI	2																		2
25	O3C1NE	4																		4
25	O3C1RO	2																		2
25	O3C1VE	2																		2
25	O3C2A*	2																		2
25	O3C2N*	2																		2
25	O3M1AZ	1																		1
25	O3M1MI	1																		1
25	O3M1NE	3																		3
25	O3M1VE	2																		2
25	O3M2A*	2																		2
25	O3M2N*	2																		2
25	O3T1NE	1																		1
25	O3T1VE	1																		1
25	O3T2A*	1																		1
25	O3T2N*	1																		1
25	Totales O3	50	0	0	0	0	0	0	0	0	0	0	0	0	0	0	0	0	0	50
25	OC05CF	1																		1
25	OC09BR	1																		1
25	OC09NE	1																		1
25	OC17NE	1																		1
25	OC54DO	1																		1
25	OC63BR	1																		1
25	OC68MI	1																		1
25	OC76DO	1																		1
25	OC76NE	1																		1
25	OC97DO	1																		1
25	OC97RO	1																		1
25	Totales OC	11	0	0	0	0	0	0	0	0	0	0	0	0	0	0	0	0	0	11
25	OD30BR	1																		1
25	Totales OD	1	0	0	0	0	0	0	0	0	0	0	0	0	0	0	0	0	0	1
25	OEC1NR	1																		1
25	OEC2R2	1																		1
25	OEL2R2	1																		1
25	Totales OE	3	0	0	0	0	0	0	0	0	0	0	0	0	0	0	0	0	0	3
25	OF17AZ	1																		1
25	OFC1RO	1																		1
25	OFC2BR	1																		1
25	OFC2RO	1																		1
25	OFL2BR	1																		1
25	OFL2RO	1																		1
25	OFM2BR	1																		1
25	OFM2RO	2																		2
25	OFT2RO	1																		1
25	Totales OF	10	0	0	0	0	0	0	0	0	0	0	0	0	0	0	0	0	0	10
25	OG02CF	1																		1
25	OG02NE	1																		1
25	OG12HF	1																		1
25	OG12NE	1																		1
25	Totales OG	4	0	0	0	0	0	0	0	0	0	0	0	0	0	0	0	0	0	4
25	OHL1UV	1																		1
25	Totales OH	1	0	0	0	0	0	0	0	0	0	0	0	0	0	0	0	0	0	1
25	OK35OR	1																		1
25	OKB3RO	1																		1
25	OKB4NR	1																		1
25	OKB5NR	1																		1
25	OKC1AL	1																		1
25	OKC2XO	2																		2
25	OKL2RO	1																		1
25	OKM2RO	1																		1
25	OKM2VE	1																		1
25	OKP1AL	1																		1
25	OKP1RS	1																		1
25	OKP2RO	1																		1
25	OKP2VE	1																		1
25	OKP2XO	1																		1
25	OKT1AL	1																		1
25	OKT1RS	1																		1
25	OKT2RO	1																		1
25	OKT2XO	1																		1
25	Totales OK	19	0	0	0	0	0	0	0	0	0	0	0	0	0	0	0	0	0	19
25	OM30NE	1																		1
25	OM37NE	1																		1
25	OM42RO	1																		1
25	OMB3XO	1																		1
25	OMB6FS	1																		1
25	OMB6VE	1																		1
25	OMC5VE	1																		1
25	OMC7XO	1																		1
25	OMM3XO	2																		2
25	OMM4FS	2																		2
25	OMM4VE	1																		1
25	Totales OM	13	0	0	0	0	0	0	0	0	0	0	0	0	0	0	0	0	0	13
25	ON28NE	1																		1
25	ON31MI	1																		1
25	ON34CF	1																		1
25	Totales ON	3	0	0	0	0	0	0	0	0	0	0	0	0	0	0	0	0	0	3
25	OO27CF	1																		1
25	Totales OO	1	0	0	0	0	0	0	0	0	0	0	0	0	0	0	0	0	0	1
25	OP56BR	1																		1
25	OP56NE	1																		1
25	OP57NE	1																		1
25	OP57RO	1																		1
25	OP61NE	1																		1
25	Totales OP	5	0	0	0	0	0	0	0	0	0	0	0	0	0	0	0	0	0	5
25	OQ56CF	1																		1
25	OQ57R*	1																		1
25	OQ57RO	1																		1
25	OQ58RO	1																		1
25	OQ59AZ	1																		1
25	OQ60AZ	1																		1
25	OQ67CF	1																		1
25	OQC1RO	1																		1
25	OQC2RO	2																		2
25	OQL1RO	1																		1
25	OQT1RO	1																		1
25	Totales OQ	12	0	0	0	0	0	0	0	0	0	0	0	0	0	0	0	0	0	12
25	OS51NE	1																		1
25	Totales OS	1	0	0	0	0	0	0	0	0	0	0	0	0	0	0	0	0	0	1
25	OT39DO	2																		2
25	OT40BG	1																		1
25	OT40HF	1																		1
25	OT42CF	1																		1
25	OT42NE	1																		1
25	OT42RO	1																		1
25	OT51CF	1																		1
25	OT52RO	1																		1
25	OT54CQ	1																		1
25	OT54PL	1																		1
25	OT56CQ	1																		1
25	OT56NE	1																		1
25	OT56PL	1																		1
25	OT57FS	1																		1
25	OT57RO	1																		1
25	OT58FS	1																		1
25	OT59SR	1																		1
25	OT66AS	1																		1
25	OT68D*	1																		1
25	OT69D*	1																		1
25	OTC*CQ	2																		2
25	OTC*PL	1																		1
25	OTC1RO	1																		1
25	OTC2NE	2																		2
25	OTC2RO	1																		1
25	OTC4CF	2																		2
25	OTC4RO	2																		2
25	OTC5RS	1																		1
25	OTC6AZ	1																		1
25	OTC6NE	1																		1
25	OTC8AS	1																		1
25	OTC9D*	1																		1
25	OTL1CQ	1																		1
25	OTL1PL	1																		1
25	OTM*CF	1																		1
25	OTM*RO	2																		2
25	OTM1CQ	2																		2
25	OTP2MB	1																		1
25	OTP2NE	3																		3
25	OTP2RO	1																		1
25	OTP6CF	1																		1
25	OTT1AZ	1																		1
25	OTT1MB	4																		4
25	OTT2NR	1																		1
25	OTT3RS	1																		1
25	OTT6CF	1																		1
25	OTT6CQ	1																		1
25	OTT7NE	1																		1
25	Totales OT	60	0	0	0	0	0	0	0	0	0	0	0	0	0	0	0	0	0	60
25	OU22CF	1																		1
25	OU22NE	1																		1
25	Totales OU	2	0	0	0	0	0	0	0	0	0	0	0	0	0	0	0	0	0	2
25	OVB4NE	1																		1
25	OVC5NE	1																		1
25	OVM4NE	1																		1
25	OVM6BG	2																		2
25	Totales OV	5	0	0	0	0	0	0	0	0	0	0	0	0	0	0	0	0	0	5
25	OW28**	11																		11
25	OW29**	2																		2
25	OW96**	2																		2
25	OWES**	9																		9
25	Totales OW	24	0	0	0	0	0	0	0	0	0	0	0	0	0	0	0	0	0	24
25	OX10NE	1																		1
25	OX10RO	1																		1
25	OX11NE	1																		1
25	OX12HF	1																		1
25	OX24NE	1																		1
25	Totales OX	5	0	0	0	0	0	0	0	0	0	0	0	0	0	0	0	0	0	5
25	OY19RO	1																		1
25	OY97NE	1																		1
25	Totales OY	2	0	0	0	0	0	0	0	0	0	0	0	0	0	0	0	0	0	2
25	OZB2TA	1																		1
25	OZC2NE	1																		1
25	OZC2NR	1																		1
25	OZC3MB	1																		1
25	OZC3NE	2																		2
25	OZC3RO	1																		1
25	OZM3HF	1																		1
25	OZM4AZ	1																		1
25	OZM4VE	1																		1
25	OZP3NE	3																		3
25	OZP3RO	2																		2
25	OZP4AZ	1																		1
25	OZP5TA	1																		1
25	Totales OZ	17	0	0	0	0	0	0	0	0	0	0	0	0	0	0	0	0	0	17
25	TARJETA	6																		6
25	Totales TA	6	0	0	0	0	0	0	0	0	0	0	0	0	0	0	0	0	0	6
25	ZI59AZ	1																		1
25	Totales ZI	1	0	0	0	0	0	0	0	0	0	0	0	0	0	0	0	0	0	1
25	ZS95MI	1																		1
25	ZS96NE	1																		1
25	ZS96RO	1																		1
25	Totales ZS	3	0	0	0	0	0	0	0	0	0	0	0	0	0	0	0	0	0	3
25	ZT16BR	1																		1
25	ZT16MA	1																		1
25	ZT17BG	1																		1
25	ZT17BR	1																		1
25	Totales ZT	4	0	0	0	0	0	0	0	0	0	0	0	0	0	0	0	0	0	4
25	ZYF2NE	1																		1
25	ZYF2RA	1																		1
25	ZYF2RO	1																		1
25	ZYM1RC	1																		1
25	Totales ZY	4	0	0	0	0	0	0	0	0	0	0	0	0	0	0	0	0	0	4
25	O201HF														0	0	1	0		1
25	O202RO														0	1	0	1		2
25	O205DO														1	0	0	0		1
25	O205GR														0	0	1	0		1
25	Totales O2	0	0	0	0	0	0	0	0	0	0	0	0	0	1	1	2	1	0	5
25	OA14NE														0	1	0	0		1
25	OA27NE														1	0	0	0		1
25	OA30BR														0	1	1	0		2
25	OA30NE														0	0	1	0		1
25	OA31RO														1	0	1	0		2
25	OA32NE			1	0	0	0	0	0	0					0	0	0	0		1
25	OA32VE														1	1	1	0		3
25	OA46WI														1	1	0	0		2
25	OA58NE														0	2	1	0		3
25	OA61AS														1	0	1	0		2
25	OA62BG														0	1	0	0		1
25	Totales OA	0	0	1	0	0	0	0	0	0	0	0	0	0	5	7	6	0	0	19
25	OD05NE														0	0	0	1		1
25	OD06BG														0	1	1	0		2
25	OD08NE														1	1	0	0		2
25	OD09NE														0	0	1	1		2
25	OD10LU														0	0	1	0		1
25	Totales OD	0	0	0	0	0	0	0	0	0	0	0	0	0	1	2	3	2	0	8
25	OP38MI														1	0	0	0		1
25	OP96UV														1	0	0	0		1
25	Totales OP	0	0	0	0	0	0	0	0	0	0	0	0	0	2	0	0	0	0	2
25	OQ05CF														0	0	0	1		1
25	Totales OQ	0	0	0	0	0	0	0	0	0	0	0	0	0	0	0	0	1	0	1
25	OV02CN														0	1	0	0		1
25	OV02NE														0	2	0	0		2
25	Totales OV	0	0	0	0	0	0	0	0	0	0	0	0	0	0	3	0	0	0	3
25	ZI47HF														0	1	0	0		1
25	Total	313	0	13	282	414	406	247	233	26	0	0	0	0	9	14	11	4	0	1972
8	A703NA			0	2	1	0	0	0	0										3
8	A703NV			0	1	1	1	0	0	0										3
8	A714RN			0	1	1	0	0	0	0										2
8	A71AN*			0	1	0	1	1	0	0										3
8	A75PV7			0	0	0	0	0	0	1										1
8	Totales A7	0	0	0	5	3	2	1	0	1	0	0	0	0	0	0	0	0	0	12
8	BY35RM			0	1	1	1	1	0	0										4
8	BY35RN			1	1	1	1	1	0	0										5
8	BY39RM			0	1	1	1	1	0	0										4
8	BY39RN			0	0	0	1	1	0	0										2
8	BY50MN			0	0	0	0	1	0	0										1
8	BY50NX			0	1	1	2	1	0	0										5
8	BY68RC			1	0	0	0	0	0	0										1
8	Totales BY	0	0	2	4	4	6	6	0	0	0	0	0	0	0	0	0	0	0	22
8	CG0AMB			0	1	0	1	1	0	0										3
8	CG0ARN			0	1	0	1	1	0	0										3
8	CG28LA			0	1	1	1	1	0	0										4
8	CG28RN			0	1	1	1	1	0	0										4
8	CG31O2			0	0	1	0	0	0	0										1
8	CG58SN			0	1	0	1	0	0	0										2
8	CG58SR			0	1	0	1	1	1	0										4
8	CG9XIP			0	0	1	0	1	0	0										2
8	CG9XRC			0	1	1	1	1	1	0										5
8	CG9XRN			0	1	1	1	1	0	0										4
8	Totales CG	0	0	0	8	6	8	8	2	0	0	0	0	0	0	0	0	0	0	32
8	DZ59MB			0	1	0	0	1	0	0										2
8	DZ59RN			0	0	0	2	0	0	0										2
8	Totales DZ	0	0	0	1	0	2	1	0	0	0	0	0	0	0	0	0	0	0	4
8	EO44IA			0	1	1	0	0	0	0										2
8	EO44RN			0	1	1	1	1	0	0										4
8	EO46RN			0	1	1	0	1	0	0										3
8	EO46SR			0	0	1	1	1	0	0										3
8	EO73IA			0	1	0	0	1	0	0										2
8	EO73RN			0	1	1	0	0	0	0										2
8	Totales EO	0	0	0	5	5	2	4	0	0	0	0	0	0	0	0	0	0	0	16
8	FB4XN5			0	0	1	0	1	0	0										2
8	FB4XP1			0	1	0	2	1	1	0										5
8	FB78MB			0	1	1	0	1	0	0										3
8	FB78RN			0	1	1	1	0	0	0										3
8	FB82IP			0	1	1	0	1	0	0										3
8	FB82OX			0	0	1	0	0	0	0										1
8	FB82RS			0	1	0	0	0	0	0										1
8	FB82X0			0	1	1	1	1	0	0										4
8	FB84OX			0	0	0	0	0	1	0										1
8	FB84RN			0	1	0	0	0	0	0										1
8	FB84VI			0	1	1	0	0	0	0										2
8	Totales FB	0	0	0	8	7	4	5	2	0	0	0	0	0	0	0	0	0	0	26
8	G722CE			0	1	1	1	1	1	0										5
8	G722EY			0	1	1	2	1	0	0										5
8	G722MN			0	1	0	0	1	0	0										2
8	Totales G7	0	0	0	3	2	3	3	1	0	0	0	0	0	0	0	0	0	0	12
8	IX25EL			0	1	0	0	1	0	0										2
8	IX25GR			0	1	0	0	1	1	0										3
8	IX5WOX			0	1	1	1	1	1	0										5
8	IX5WRN			0	2	1	0	0	0	0										3
8	IX6ERM			0	1	0	1	1	0	0										3
8	IX6ERN			0	1	0	0	0	0	0										1
8	IX7DCR			0	1	1	1	1	0	0										4
8	Totales IX	0	0	0	8	3	3	5	2	0	0	0	0	0	0	0	0	0	0	21
8	K233RC			0	1	0	0	0	0	0										1
8	K236ET			0	0	0	0	1	0	0										1
8	Totales K2	0	0	0	1	0	0	1	0	0	0	0	0	0	0	0	0	0	0	2
8	LP01*F			0	1	1	1	0	0	0										3
8	LP01*N			0	2	1	1	0	0	0										4
8	LP01CR			0	1	2	1	1	0	0										5
8	LP01D1			0	1	1	1	1	0	0										4
8	LP01DO			0	1	1	0	0	1	0										3
8	LP01RN			0	0	1	1	0	0	0										2
8	LP01T5			0	1	0	0	0	0	0										1
8	LP09CR			0	1	1	0	1	0	0										3
8	LP09M6			0	0	0	0	0	1	0										1
8	LP09N6			0	0	0	1	2	0	0										3
8	LP09VI			0	1	0	1	0	0	0										2
8	LP0CIA			0	1	1	0	0	0	0										2
8	LP0CRC			0	2	1	2	0	0	0										5
8	LP0CRN			1	1	0	0	1	0	0										3
8	LP0EA2			0	0	1	1	0	0	0										2
8	LP0EN2			0	1	1	0	1	0	0										3
8	LP0MRN			0	1	1	1	1	0	0										4
8	LP1CBR			0	1	0	0	1	0	0										2
8	LP1CRN			0	1	1	0	0	0	0										2
8	LP1DR1			0	1	1	1	1	0	0										4
8	LP1MEA			0	0	0	1	0	0	0										1
8	LP1NA5			0	1	0	0	0	0	0										1
8	LP1NIA			0	1	0	0	1	0	0										2
8	LP1NRM			0	1	0	0	0	0	0										1
8	LP1NRN			1	1	1	0	1	0	1										5
8	LP1NSR			0	1	0	0	0	0	0										1
8	LP29PL			0	1	0	0	0	0	0										1
8	LP29RN			1	1	1	0	1	0	0										4
8	LP3PEB			0	0	0	0	1	0	0										1
8	LP3PRM			0	1	1	1	1	0	0										4
8	LP3PRN			0	1	1	1	1	0	0										4
8	LP62RN			0	1	1	1	0	0	0										3
8	LP6WRC			0	1	1	0	1	0	0										3
8	LP6WRN			0	2	0	1	0	0	0										3
8	LP71OX			0	1	1	1	0	0	0										3
8	LP71PL			0	0	1	1	0	0	0										2
8	LP8PRM			0	1	1	1	0	0	0										3
8	LP8PRN			0	1	1	1	0	0	0										3
8	Totales LP	0	0	3	34	25	21	17	2	1	0	0	0	0	0	0	0	0	0	103
8	NU3MM8			0	1	0	2	1	0	0										4
8	NU3MN8			0	1	0	1	1	0	0										3
8	Totales NU	0	0	0	2	0	3	2	0	0	0	0	0	0	0	0	0	0	0	7
8	P644RN			0	0	1	0	0	0	0										1
8	P679RC			0	1	1	1	0	0	0										3
8	P679RN			0	0	1	0	0	0	0										1
8	P686RM			0	1	0	0	0	0	1										2
8	P686RN			0	1	0	1	0	0	0										2
8	Totales P6	0	0	0	3	3	2	0	0	1	0	0	0	0	0	0	0	0	0	9
8	QR1PNI			0	1	1	0	1	0	0										3
8	QR2PRC			0	1	1	1	1	0	0										4
8	QR2PRN			0	0	0	0	1	0	0										1
8	QR2WIA			1	0	1	1	0	0	0										3
8	QR2WRN			0	0	1	0	0	0	0										1
8	QR3RN3			0	1	1	1	1	1	0										5
8	Totales QR	0	0	1	3	5	3	4	1	0	0	0	0	0	0	0	0	0	0	17
8	R214CF			0	1	1	1	1	0	0										4
8	R214SR			0	0	1	2	0	0	0										3
8	R214XO			0	1	1	2	1	0	0										5
8	Totales R2	0	0	0	2	3	5	2	0	0	0	0	0	0	0	0	0	0	0	12
8	R480RO			0	0	0	1	0	0	0										1
8	R480VE			0	0	0	1	0	0	0										1
8	Totales R4	0	0	0	0	0	2	0	0	0	0	0	0	0	0	0	0	0	0	2
8	RA03NE			0	1	1	1	1	0	0										4
8	RA03RM			0	1	1	1	1	0	0										4
8	RA05NR			0	1	1	1	1	0	0										4
8	RA05RM			0	1	0	0	0	0	0										1
8	RA07NE			0	1	2	0	2	0	0										5
8	RA07RO			0	1	1	1	1	1	0										5
8	RA07XO			0	1	1	0	1	1	0										4
8	RA15NE			0	0	1	0	0	0	0										1
8	RA15XO			0	0	0	1	0	0	0										1
8	RA21GR			0	1	1	1	1	0	0										4
8	RA21RO			0	1	2	0	1	0	0										4
8	RA47BR			0	0	0	1	1	0	0										2
8	RA47XO			0	1	1	1	2	0	0										5
8	RA90XM			0	0	0	1	0	0	0										1
8	RA90XO			0	1	1	3	1	1	1										8
8	RA94XO			0	1	1	1	1	0	0										4
8	RA95NE			0	1	0	1	1	0	0										3
8	RA95RO			1	1	1	1	1	1	0										6
8	RA95XO			0	0	1	1	0	1	0										3
8	RA96NE			0	1	1	0	0	0	0										2
8	RA96RO			0	1	1	1	0	0	0										3
8	RA96XO			0	1	0	0	0	0	0										1
8	RA98RO			0	1	2	1	1	1	0										6
8	RA98XO			1	1	1	1	1	0	0										5
8	Totales RA	0	0	2	19	21	19	18	6	1	0	0	0	0	0	0	0	0	0	86
8	RB45AN			0	1	0	0	0	1	0										2
8	RB45SN			0	1	2	1	1	0	0										5
8	Totales RB	0	0	0	2	2	1	1	1	0	0	0	0	0	0	0	0	0	0	7
8	RC30MA			0	1	1	0	1	1	0										4
8	RC30NE			0	0	1	1	1	0	0										3
8	RC30RO			0	1	0	1	0	1	0										3
8	RC35AZ			0	1	1	0	0	1	0										3
8	RC35NE			0	1	1	0	1	0	0										3
8	RC36RO			0	1	0	1	0	0	0										2
8	Totales RC	0	0	0	5	4	3	3	3	0	0	0	0	0	0	0	0	0	0	18
8	RD68NE			0	1	1	1	1	0	0										4
8	RD68XO			0	1	1	1	1	0	0										4
8	Totales RD	0	0	0	2	2	2	2	0	0	0	0	0	0	0	0	0	0	0	8
8	RG59CF			0	1	0	0	0	1	0										2
8	RG59MI			0	1	1	1	0	0	1										4
8	RG59NE			0	1	2	1	0	0	0										4
8	RG67NE			0	1	1	1	0	1	0										4
8	RG67XO			0	1	1	1	1	0	0										4
8	RG70AZ			0	1	0	1	1	0	0										3
8	RG70LU			0	1	1	1	1	0	0										4
8	Totales RG	0	0	0	7	6	6	3	2	1	0	0	0	0	0	0	0	0	0	25
8	RS00CR			0	1	1	1	1	0	0										4
8	RS00RN			0	1	0	0	1	0	0										2
8	RS06MB			0	1	0	0	1	0	0										2
8	RS06RN			0	1	1	1	0	0	0										3
8	RS0X*C			1	1	1	2	1	1	0										7
8	RS0XIA			0	1	0	2	0	0	0										3
8	RS0XRF			0	1	0	0	1	0	0										2
8	RS0XRN			0	1	0	2	0	0	0										3
8	RS17RN			0	1	0	1	0	0	0										2
8	RS27RC			0	1	0	0	0	0	0										1
8	RS27RN			1	0	0	0	0	0	0										1
8	RS37M3			0	1	0	0	1	0	0										2
8	RS37N3			0	1	1	0	1	1	0										4
8	RS3BG1			0	1	0	0	0	0	0										1
8	RS3BN1			0	1	1	1	1	0	0										4
8	RS3BR1			0	0	0	0	0	1	0										1
8	RS3NRN			0	1	0	1	1	0	0										3
8	RS3WRC			0	1	0	0	0	1	0										2
8	RS3WRN			0	0	1	1	0	0	0										2
8	RS48BR			0	0	0	1	1	1	0										3
8	RS48DO			0	1	0	1	1	0	1										4
8	RS48MB			0	1	1	0	1	0	0										3
8	RS48RN			0	1	1	2	1	1	0										6
8	RS49C1			0	1	0	1	1	0	0										3
8	RS4NML			0	1	0	0	1	1	0										3
8	RS4NRC			0	0	0	0	0	0	1										1
8	RS4NRN			0	1	1	2	1	0	0										5
8	RS4NSR			0	1	0	0	0	0	0										1
8	RS57RT			0	0	0	1	1	1	0										3
8	RS57SR			0	1	1	1	1	0	0										4
8	RS5BM4			0	0	0	0	1	0	0										1
8	RS5BN1			1	1	0	1	1	1	0										5
8	RS61L1			0	1	1	1	0	0	0										3
8	RS61ML			0	0	0	0	1	0	0										1
8	RS61N1			0	1	1	1	2	0	0										5
8	RS64OX			0	1	1	1	1	1	0										5
8	RS64RN			0	1	1	1	1	1	0										5
8	RS64SR			0	1	1	0	0	0	0										2
8	RS72PL			0	0	0	0	1	0	0										1
8	RS72RN			0	1	1	1	1	0	0										4
8	RS87RN			0	1	1	1	1	0	0										4
8	RS9YMB			0	1	0	1	1	0	0										3
8	RS9YRN			0	1	2	2	1	1	0										7
8	RS9YSR			0	1	1	1	1	0	0										4
8	Totales RS	0	0	3	35	20	32	31	12	2	0	0	0	0	0	0	0	0	0	135
8	T52BRM			0	1	0	0	0	0	0										1
8	T52BRN			0	0	0	1	1	0	0										2
8	T589RC			0	2	0	0	1	0	0										3
8	T589RM			0	0	0	0	1	0	0										1
8	T589RN			0	1	1	0	1	0	0										3
8	Totales T5	0	0	0	4	1	1	4	0	0	0	0	0	0	0	0	0	0	0	10
8	UN2XLA			0	1	1	0	1	0	0										3
8	UN2XRN			0	1	1	1	1	0	0										4
8	UN4BG2			0	0	0	1	1	0	0										2
8	UN6DC2			0	1	1	1	0	0	0										3
8	UN6DN3			0	2	2	2	1	0	0										7
8	Totales UN	0	0	0	5	5	5	4	0	0	0	0	0	0	0	0	0	0	0	19
8	VT1BIA			0	0	1	1	0	0	0										2
8	VT1BRN			0	1	0	0	1	1	0										3
8	VT4ARM			0	1	1	0	1	0	0										3
8	VT4ARN			0	0	1	1	1	0	0										3
8	VT4ASR			0	1	1	0	1	0	0										3
8	VT6AIA			0	1	1	1	1	0	0										4
8	VT6ARN			0	1	0	1	0	0	0										2
8	VT7R05			0	0	0	0	1	0	0										1
8	VT8EOX			0	1	0	1	0	0	0										2
8	VT8ERN			1	1	1	0	1	1	1										6
8	VT8ESR			0	0	0	0	1	0	0										1
8	VT94BR			0	1	1	1	1	0	0										4
8	VT94RC			0	1	2	1	0	1	0										5
8	VT94RN			0	0	1	2	1	1	0										5
8	VT97A9			0	1	0	0	0	0	0										1
8	VT97BG			0	1	1	1	1	1	0										5
8	VT97D5			0	0	0	0	0	1	0										1
8	Totales VT	0	0	1	11	11	10	11	6	1	0	0	0	0	0	0	0	0	0	51
8	WD8CRM			0	1	1	1	1	0	0										4
8	WD8CRN			0	1	1	1	0	0	0										3
8	Totales WD	0	0	0	2	2	2	1	0	0	0	0	0	0	0	0	0	0	0	7
8	X302BR			0	1	1	1	1	0	0										4
8	X302RN			0	0	1	1	0	1	0										3
8	X32RT6			0	1	1	1	0	0	0										3
8	X332AZ			0	1	1	2	1	1	0										6
8	X332CD			0	1	2	0	0	0	0										3
8	X332MD			0	1	1	0	1	0	0										3
8	X355CR			0	0	1	0	1	0	0										2
8	X355RN			0	1	0	1	1	0	0										3
8	X36Y*F			0	1	0	0	0	1	0										2
8	X36YR1			0	1	0	1	1	0	0										3
8	X376N3			0	1	1	1	0	0	0										3
8	Totales X3	0	0	0	9	9	8	6	3	0	0	0	0	0	0	0	0	0	0	35
8	YK0PN1			0	1	0	0	0	0	0										1
8	Totales YK	0	0	0	1	0	0	0	0	0	0	0	0	0	0	0	0	0	0	1
8	Z150BG			0	1	1	1	0	0	0										3
8	Z150BR			0	1	1	1	1	1	0										5
8	Z151NE			0	1	1	0	1	0	0										3
8	Totales Z1	0	0	0	3	3	2	2	1	0	0	0	0	0	0	0	0	0	0	11
8	Z203NE			0	1	0	0	0	0	0										1
8	Z211MI			0	1	0	0	0	0	0										1
8	Totales Z2	0	0	0	2	0	0	0	0	0	0	0	0	0	0	0	0	0	0	2
8	Z451BR			0	0	0	0	1	1	0										2
8	Z452RO			1	1	0	1	1	0	0										4
8	Z453CF			0	1	1	1	1	0	0										4
8	Z454AZ			0	1	1	1	1	0	0										4
8	Z455NE			0	1	0	1	1	0	0										3
8	Z456NE			0	1	1	1	1	0	0										4
8	Totales Z4	0	0	1	5	3	5	6	1	0	0	0	0	0	0	0	0	0	0	21
8	Z592BR			0	1	1	0	1	0	0										3
8	Z592NE			0	1	0	0	1	0	0										2
8	Z593RO			0	0	1	1	1	0	0										3
8	Z594AZ			0	0	0	1	1	0	0										2
8	Z594NE			0	1	0	0	1	0	0										2
8	Z595AZ			0	0	1	1	1	0	0										3
8	Z595CF			0	1	1	1	1	0	0										4
8	Totales Z5	0	0	0	4	4	4	7	0	0	0	0	0	0	0	0	0	0	0	19
8	Z704DO			0	1	1	1	1	1	0										5
8	Z707MA			0	1	1	1	0	0	0										3
8	Z707NE			0	1	1	1	0	0	0										3
8	Z709DO			0	1	0	0	0	0	0										1
8	Z709NE			0	1	1	1	1	0	0										4
8	Totales Z7	0	0	0	5	4	4	2	1	0	0	0	0	0	0	0	0	0	0	16
8	ZA13BR			0	1	0	1	1	0	0										3
8	ZA14TA			0	0	0	1	1	0	0										2
8	ZA19BR			0	2	1	0	0	0	0										3
8	ZA19RO			0	0	1	0	0	0	0										1
8	ZA19WI			0	0	1	0	0	0	0										1
8	ZA25NE			0	0	1	0	0	0	0										1
8	ZA26NE			0	1	1	1	1	0	0										4
8	ZA28AZ			0	1	1	1	1	0	0										4
8	ZA28OX			0	1	1	2	1	0	0										5
8	ZA30B*			0	1	1	1	1	0	0										4
8	ZA31BG			0	0	1	0	1	0	0										2
8	ZA31CF			0	1	1	0	1	0	0										3
8	ZA33AZ			0	1	1	1	1	0	0										4
8	ZA78NE			0	1	0	0	0	0	0										1
8	Totales ZA	0	0	0	10	11	8	9	0	0	0	0	0	0	0	0	0	0	0	38
8	ZCD1B*			0	1	1	1	1	0	0										4
8	ZCD2NE			0	0	0	1	0	0	0										1
8	ZCD3AZ			0	0	0	0	1	0	0										1
8	ZCD3VI			0	1	1	1	1	0	0										4
8	ZCD4MB			0	1	1	1	1	0	0										4
8	ZCD5NE			0	1	1	1	0	0	0										3
8	ZCD5XO			0	1	1	1	1	0	0										4
8	Totales ZC	0	0	0	5	5	6	5	0	0	0	0	0	0	0	0	0	0	0	21
8	ZD32NE			0	0	0	1	0	0	0										1
8	ZD32RO			0	0	0	1	1	0	0										2
8	ZD34NE			0	1	0	1	0	0	0										2
8	ZD35NE			0	1	0	0	0	0	0										1
8	ZD36MB			0	1	1	1	1	0	0										4
8	ZD36NE			0	0	1	1	0	0	0										2
8	ZD37BR			0	1	2	1	1	0	0										5
8	ZD38NE			0	0	0	1	0	0	0										1
8	ZD39MB			0	1	0	1	1	0	0										3
8	ZD39NE			0	1	1	0	1	0	0										3
8	ZD40MA			0	1	1	0	1	0	0										3
8	ZD41DO			0	1	1	1	0	0	0										3
8	Totales ZD	0	0	0	8	7	9	6	0	0	0	0	0	0	0	0	0	0	0	30
8	ZF26BR			0	1	1	1	1	0	0										4
8	ZF26C*			0	1	1	0	1	1	0										4
8	ZF27MO			0	1	1	1	0	0	0										3
8	ZF34NE			0	1	1	1	1	1	0										5
8	ZF34XO			0	1	0	1	1	0	0										3
8	ZF35BR			0	1	1	1	1	0	0										4
8	ZF38B*			0	1	0	1	0	0	0										2
8	ZF39AZ			0	1	0	0	0	0	0										1
8	ZF39RO			0	1	1	1	1	1	0										5
8	ZF49BR			0	1	0	1	1	0	0										3
8	ZF50C*			0	0	0	0	1	0	0										1
8	ZF50NE			0	0	0	1	1	0	0										2
8	ZF51OR			0	0	0	1	0	0	0										1
8	ZF72NE			0	0	1	0	1	1	0										3
8	ZF72RO			0	0	1	0	1	0	0										2
8	Totales ZF	0	0	0	10	8	10	11	4	0	0	0	0	0	0	0	0	0	0	43
8	ZG23AZ			0	0	0	0	1	0	0										1
8	ZG23BG			0	0	0	1	0	0	0										1
8	ZG25NE			0	0	0	1	0	0	0										1
8	Totales ZG	0	0	0	0	0	2	1	0	0	0	0	0	0	0	0	0	0	0	3
8	ZH80LU			0	0	1	1	1	0	0										3
8	ZH81RO			0	1	2	1	1	0	0										5
8	ZH83BR			0	1	1	1	1	0	0										4
8	ZH84MA			1	1	0	1	0	0	0										3
8	ZH84NE			0	1	0	1	1	1	0										4
8	ZH85DO			0	1	0	1	1	0	0										3
8	Totales ZH	0	0	1	5	4	6	5	1	0	0	0	0	0	0	0	0	0	0	22
8	ZJ01HR			0	0	0	0	1	0	0										1
8	ZJ01MB			0	1	0	0	1	0	0										2
8	ZJ01ML			0	0	1	0	0	0	0										1
8	ZJ01RN			0	1	2	2	0	0	0										5
8	ZJ08RN			0	1	1	1	1	0	0										4
8	ZJ08RO			0	1	0	0	0	0	0										1
8	ZJ09RN			0	1	1	1	1	1	0										5
8	ZJ13CF			0	1	1	1	1	1	0										5
8	ZJ15MI			0	0	1	1	1	0	0										3
8	ZJ15NE			0	0	0	0	1	0	0										1
8	ZJ18AZ			0	1	0	0	0	0	0										1
8	ZJ18CF			0	0	0	1	0	0	0										1
8	ZJ30FS			0	1	0	0	0	0	0										1
8	ZJ32BR			0	0	0	2	1	0	0										3
8	ZJ32DO			0	0	0	0	1	0	0										1
8	ZJ33HR			0	1	0	1	1	0	0										3
8	ZJ34CR			0	1	1	1	1	0	0										4
8	ZJ34NE			0	1	0	0	2	0	0										3
8	ZJ34RO			0	1	1	0	1	0	0										3
8	ZJ35AZ			0	1	1	0	0	1	0										3
8	ZJ40BG			0	1	0	1	0	0	0										2
8	ZJ40BR			0	0	0	0	1	0	0										1
8	ZJ41DO			0	1	0	1	1	0	0										3
8	ZJ41NE			0	1	1	1	1	0	0										4
8	ZJ42CF			0	0	1	0	1	0	0										2
8	ZJ50BR			0	1	0	0	1	0	0										2
8	Totales ZJ	0	0	0	17	12	14	19	3	0	0	0	0	0	0	0	0	0	0	65
8	ZO16IA			0	0	1	1	0	0	0										2
8	ZO16MI			0	0	0	1	0	0	0										1
8	ZO16RO			0	0	1	1	0	0	0										2
8	Totales ZO	0	0	0	0	2	3	0	0	0	0	0	0	0	0	0	0	0	0	5
8	ZQ09NE			0	0	1	1	1	0	0										3
8	ZQ20RO			0	0	0	1	0	0	0										1
8	ZQ24DO			0	1	1	1	1	0	0										4
8	ZQ24RO			0	1	1	1	1	0	0										4
8	ZQ41CF			0	1	1	0	0	0	0										2
8	Totales ZQ	0	0	0	3	4	4	3	0	0	0	0	0	0	0	0	0	0	0	14
8	ZU14NE			0	0	1	1	1	1	0										4
8	ZU14TA			0	1	1	1	1	0	0										4
8	ZU15MI			0	1	0	0	1	0	0										2
8	Totales ZU	0	0	0	2	2	2	3	1	0	0	0	0	0	0	0	0	0	0	10
8	ZV54BG			0	0	0	0	0	1	0										1
8	ZV61NE			0	1	2	2	1	0	0										6
8	Totales ZV	0	0	0	1	2	2	1	1	0	0	0	0	0	0	0	0	0	0	7
8	ZWP1AZ			0	1	3	2	2	1	0										9
8	ZWP1MA			0	1	3	3	2	1	0										10
8	ZWP1NE			0	0	4	2	2	1	0										9
8	ZWP1NR			0	1	0	0	0	0	0										1
8	ZWP1RO			0	1	2	2	1	1	0										7
8	ZWP1VI			0	0	2	2	2	0	0										6
8	ZWP2BG			0	1	3	3	2	1	0										10
8	ZWP2GR			0	0	3	3	1	1	0										8
8	ZWP2MA			0	2	3	3	2	1	0										11
8	ZWP2NE			0	3	3	3	2	1	0										12
8	ZWP2RO			0	0	0	1	0	0	0										1
8	Totales ZW	0	0	0	10	26	24	16	8	0	0	0	0	0	0	0	0	0	0	84
8	ZX35XO			0	1	0	1	1	0	0										3
8	ZX36NE			0	1	1	0	0	0	0										2
8	ZX38BR			0	0	1	1	0	0	0										2
8	Totales ZX	0	0	0	2	2	2	1	0	0	0	0	0	0	0	0	0	0	0	7
8	ZY80NE			0	0	1	1	0	0	0										2
8	ZY80RO			0	1	1	1	0	0	0										3
8	ZY81NE			0	1	1	1	1	0	0										4
8	Totales ZY	0	0	0	2	3	3	1	0	0	0	0	0	0	0	0	0	0	0	9
8	CREMA**	24																		24
8	CREMANE	1																		1
8	CREMARO	2																		2
8	CREMAUV	1																		1
8	CREMAXO	2																		2
8	Totales CR	30	0	0	0	0	0	0	0	0	0	0	0	0	0	0	0	0	0	30
8	O301RO	1																		1
8	O303MI	1																		1
8	O303NE	1																		1
8	O304AZ	1																		1
8	O304RO	1																		1
8	O3B1VE	1																		1
8	O3B2VE	1																		1
8	O3B3A*	1																		1
8	O3B3MI	1																		1
8	O3B4A*	1																		1
8	O3B6NE	1																		1
8	O3B7NE	1																		1
8	O3C1NE	1																		1
8	O3C1VE	1																		1
8	O3C2A*	1																		1
8	O3C2N*	1																		1
8	O3C3NE	1																		1
8	O3M1MI	1																		1
8	O3M1NE	1																		1
8	O3M1VE	1																		1
8	O3M2A*	1																		1
8	O3M3NE	1																		1
8	O3T1NE	1																		1
8	O3T1VE	1																		1
8	O3T2A*	1																		1
8	O3T2N*	1																		1
8	Totales O3	26	0	0	0	0	0	0	0	0	0	0	0	0	0	0	0	0	0	26
8	OC05CF	1																		1
8	OC09NE	1																		1
8	OC50NE	1																		1
8	OC54DO	1																		1
8	OC63BR	1																		1
8	OC68MI	1																		1
8	OC76DO	1																		1
8	OC97DO	1																		1
8	OC97NE	1																		1
8	Totales OC	9	0	0	0	0	0	0	0	0	0	0	0	0	0	0	0	0	0	9
8	OF18BR	1																		1
8	OF18RO	1																		1
8	OF19BR	1																		1
8	OF19RO	1																		1
8	OFC2BR	1																		1
8	OFC2RO	1																		1
8	OFL2BR	1																		1
8	OFL2RO	1																		1
8	OFM2BR	1																		1
8	OFT2BR	1																		1
8	OFT2RO	1																		1
8	Totales OF	11	0	0	0	0	0	0	0	0	0	0	0	0	0	0	0	0	0	11
8	OG12HF	1																		1
8	OG12NE	1																		1
8	Totales OG	2	0	0	0	0	0	0	0	0	0	0	0	0	0	0	0	0	0	2
8	OK27HF	1																		1
8	OK35OR	1																		1
8	OKT2XO	1																		1
8	Totales OK	3	0	0	0	0	0	0	0	0	0	0	0	0	0	0	0	0	0	3
8	ON28BR	1																		1
8	ON28NE	1																		1
8	ON31MI	1																		1
8	ON34NE	1																		1
8	ON80CF	1																		1
8	Totales ON	5	0	0	0	0	0	0	0	0	0	0	0	0	0	0	0	0	0	5
8	OO26NE	1																		1
8	Totales OO	1	0	0	0	0	0	0	0	0	0	0	0	0	0	0	0	0	0	1
8	OP56NE	1																		1
8	OP57RO	1																		1
8	OP61DO	1																		1
8	Totales OP	3	0	0	0	0	0	0	0	0	0	0	0	0	0	0	0	0	0	3
8	OQ51B*	1																		1
8	OQ53N*	1																		1
8	OQ57R*	1																		1
8	OQ58R*	1																		1
8	OQ59AZ	1																		1
8	OQ59NE	1																		1
8	OQ67CF	1																		1
8	OQ68NE	1																		1
8	OQC1R*	1																		1
8	OQC1RO	1																		1
8	OQC2RO	1																		1
8	OQT1RO	1																		1
8	Totales OQ	12	0	0	0	0	0	0	0	0	0	0	0	0	0	0	0	0	0	12
8	OS51RO	1																		1
8	Totales OS	1	0	0	0	0	0	0	0	0	0	0	0	0	0	0	0	0	0	1
8	OT51CF	1																		1
8	OT51RO	1																		1
8	OT52CF	1																		1
8	OT52RO	1																		1
8	OT54CQ	1																		1
8	OT54PL	1																		1
8	OT56CQ	1																		1
8	OT56PL	1																		1
8	OT65AS	1																		1
8	OT65HF	1																		1
8	OT66AS	1																		1
8	OTC*CQ	1																		1
8	OTC*PL	1																		1
8	OTC4CF	1																		1
8	OTC4RO	1																		1
8	OTC8HF	1																		1
8	OTL1CQ	1																		1
8	OTL8AS	1																		1
8	OTM*CF	1																		1
8	OTM1CQ	1																		1
8	OTM8AS	1																		1
8	OTP6CF	1																		1
8	OTP8**	1																		1
8	OTT6CF	1																		1
8	OTT6CQ	1																		1
8	OTT6PL	1																		1
8	OTT6RO	1																		1
8	Totales OT	27	0	0	0	0	0	0	0	0	0	0	0	0	0	0	0	0	0	27
8	OU21BG	1																		1
8	OU22CF	1																		1
8	OU23CF	1																		1
8	OU23NE	1																		1
8	Totales OU	4	0	0	0	0	0	0	0	0	0	0	0	0	0	0	0	0	0	4
8	OW95**	1																		1
8	Totales OW	1	0	0	0	0	0	0	0	0	0	0	0	0	0	0	0	0	0	1
8	OX24NE	1																		1
8	Totales OX	1	0	0	0	0	0	0	0	0	0	0	0	0	0	0	0	0	0	1
8	OY19RO	1																		1
8	Totales OY	1	0	0	0	0	0	0	0	0	0	0	0	0	0	0	0	0	0	1
8	TARJETA	22																		22
8	Totales TA	22	0	0	0	0	0	0	0	0	0	0	0	0	0	0	0	0	0	22
8	ZI59AZ	1																		1
8	Totales ZI	1	0	0	0	0	0	0	0	0	0	0	0	0	0	0	0	0	0	1
8	ZT17BG	1																		1
8	ZT17BR	1																		1
8	ZT55BR	1																		1
8	ZT94RO	1																		1
8	Totales ZT	4	0	0	0	0	0	0	0	0	0	0	0	0	0	0	0	0	0	4
8	O202MI														1	1	0	1		3
8	O202NE														1	1	1	0		3
8	O202RO														0	1	1	0		2
8	O204DO														1	1	1	0		3
8	O204GR														0	1	0	0		1
8	O205DO														1	1	1	0		3
8	O205GR														1	0	1	0		2
8	O208DO														1	1	1	0		3
8	O208GR														1	1	1	0		3
8	Totales O2	0	0	0	0	0	0	0	0	0	0	0	0	0	7	8	7	1	0	23
8	O421A*														1	1	0	0		2
8	O421C*														1	0	0	0		1
8	O421N*														1	1	0	0		2
8	O421R*														1	1	0	0		2
8	O422A*														1	1	0	0		2
8	O422N*														1	1	0	0		2
8	O422R*														0	1	0	0		1
8	O451AZ														2	1	0	0		3
8	O451TA														1	1	0	0		2
8	O452NE														1	1	0	0		2
8	Totales O4	0	0	0	0	0	0	0	0	0	0	0	0	0	10	9	0	0	0	19
8	OA20HF														1	0	0	0		1
8	OA27NE														1	0	0	0		1
8	OA30BR														1	1	1	0		3
8	OA30NE														0	1	1	0		2
8	OA31GR														1	0	0	0		1
8	OA31RO														1	0	0	0		1
8	OA32NE			0	0	1	0	1	0	0					0	0	0	0		2
8	OA32VE														1	0	1	0		2
8	OA58HF														1	0	0	1		2
8	OA58NE														1	0	0	0		1
8	OA61AS														0	1	1	0		2
8	OA61AZ														0	0	1	0		1
8	OA62BG														1	1	1	0		3
8	OA62NE														1	1	1	0		3
8	OA63AZ														1	1	1	0		3
8	OA63RO														1	1	1	0		3
8	OA75OR														1	0	0	1		2
8	OA82AS														1	1	0	0		2
8	OA82AZ														1	0	0	1		2
8	OA82VE														0	0	0	1		1
8	Totales OA	0	0	0	0	1	0	1	0	0	0	0	0	0	15	8	9	4	0	38
8	OD02CQ														0	0	0	1		1
8	OD03AZ														1	1	0	1		3
8	OD05MI														0	1	0	0		1
8	OD06BG														0	1	1	0		2
8	OD07HF														1	1	0	0		2
8	OD08HF														0	1	0	0		1
8	OD08NE														1	1	0	0		2
8	OD09NE														0	1	1	1		3
8	OD09RO														0	1	0	0		1
8	OD10LU														0	0	1	1		2
8	OD10NE														0	0	1	0		1
8	Totales OD	0	0	0	0	0	0	0	0	0	0	0	0	0	3	8	4	4	0	19
8	OH51TA														1	1	0	0		2
8	Totales OH	0	0	0	0	0	0	0	0	0	0	0	0	0	1	1	0	0	0	2
8	OQ01NE														0	0	1	0		1
8	OQ01RO														0	0	1	0		1
8	OQ05CF														1	0	1	0		2
8	OQ08NE														1	0	0	0		1
8	Totales OQ	0	0	0	0	0	0	0	0	0	0	0	0	0	2	0	3	0	0	5
8	ZI47HF														1	0	0	0		1
8	Total	164	0	14	283	252	265	242	64	8	0	0	0	0	39	34	23	9	0	1397
7	0D18**					0	0	0	0	0	0	1	0	0					0	1
7	0D58**					0	0	1	0	2	1	0	0	0					0	4
7	Totales 0D	0	0	0	0	0	0	1	0	2	1	1	0	0	0	0	0	0	0	5
7	0X16**					0	0	0	2	1	2	1	0	0					0	6
7	0X16XL					0	0	0	0	0	0	1	1	0						2
7	0X16XM					0	0	0	2	2	2	0	0	0						6
7	0X16XN					0	0	0	0	0	1	0	0	0						1
7	0X65XM					0	0	0	0	1	0	2	0	0						3
7	0X65XN					0	0	0	0	0	0	1	0	0						1
7	0X78XN					0	0	0	0	0	0	1	0	0						1
7	0X86XL					0	0	0	1	1	2	0	0	0						4
7	0X98XC					0	0	0	0	1	0	0	0	0						1
7	0X98XL					0	0	0	1	0	0	0	1	0						2
7	0X98XM					0	0	0	0	1	1	2	0	0						4
7	Totales 0X	0	0	0	0	0	0	0	6	7	8	8	2	0	0	0	0	0	0	31
7	1C18GN					0	0	2	6	3	0	0	0	0						11
7	Totales 1C	0	0	0	0	0	0	2	6	3	0	0	0	0	0	0	0	0	0	11
7	3692**					0	0	0	0	0	0	0	1	0						1
7	Totales 36	0	0	0	0	0	0	0	0	0	0	0	1	0	0	0	0	0	0	1
7	3B15XN					0	0	1	0	0	1	0	0	0						2
7	3B26**					0	0	0	1	0	0	0	0	0						1
7	3B46AL					0	0	0	0	0	0	2	0	0						2
7	3B46TN					0	0	0	0	0	0	0	1	0						1
7	3B95XC					0	0	0	1	0	0	0	0	0					0	1
7	Totales 3B	0	0	0	0	0	0	1	2	0	1	2	1	0	0	0	0	0	0	7
7	4H62**					0	1	0	0	0	0	0	0	0					0	1
7	4H62XN					0	0	1	0	1	1	0	0	0					0	3
7	4H65**					0	0	0	0	0	0	1	0	0					0	1
7	4H66XN					0	0	0	0	1	0	0	0	0					0	1
7	4H72**					0	0	0	0	0	1	0	0	0					0	1
7	4H97**					0	0	0	0	1	0	0	0	0					0	1
7	Totales 4H	0	0	0	0	0	1	1	0	3	2	1	0	0	0	0	0	0	0	8
7	4WZZ**					0	0	0	0	0	0	0	0	1						1
7	Totales 4W	0	0	0	0	0	0	0	0	0	0	0	0	1	0	0	0	0	0	1
7	5L33**					0	0	0	1	2	0	1	1	0						5
7	5L44**					0	0	0	1	2	0	0	0	0						3
7	5L44TL					0	0	1	0	1	0	0	0	0						2
7	Totales 5L	0	0	0	0	0	0	1	2	5	0	1	1	0	0	0	0	0	0	10
7	6F17TJ					0	0	0	0	0	0	0	1	0						1
7	6F17TM					0	0	0	1	0	0	0	0	0						1
7	6F24**					0	1	1	0	0	0	1	0	0						3
7	6F24TJ					0	0	0	1	1	0	0	0	0						2
7	6F34TN					0	0	1	0	1	0	0	0	0					0	2
7	6F39TL					0	0	0	0	0	0	1	0	0						1
7	6F67**					0	1	0	0	0	0	0	1	0						2
7	6F67TL					0	0	0	0	1	0	0	0	0						1
7	Totales 6F	0	0	0	0	0	2	2	2	3	0	2	2	0	0	0	0	0	0	13
7	7M53XN					0	0	0	1	1	0	1	0	0					0	3
7	Totales 7M	0	0	0	0	0	0	0	1	1	0	1	0	0	0	0	0	0	0	3
7	8D25C8					0	0	0	0	0	1	1	0	0						2
7	Totales 8D	0	0	0	0	0	0	0	0	0	1	1	0	0	0	0	0	0	0	2
7	9G78TJ					0	0	0	1	0	0	0	0	0						1
7	Totales 9G	0	0	0	0	0	0	0	1	0	0	0	0	0	0	0	0	0	0	1
7	9H16XM					0	0	0	1	0	0	1	1	0						3
7	9H47XN					0	0	0	0	0	1	1	0	0						2
7	9H65XC					0	0	0	0	0	0	1	1	0						2
7	9H65XN					0	0	0	0	0	0	1	0	0						1
7	9H79XM					0	0	0	0	0	1	1	0	0						2
7	9H83XJ					0	0	1	1	1	1	1	1	0						6
7	9H83XN					0	0	0	0	0	1	0	0	0						1
7	9H89XJ					0	0	0	0	0	0	1	0	0						1
7	9H89XN					0	0	0	0	0	1	0	0	0						1
7	9H98XJ					0	0	1	0	1	1	1	0	0						4
7	9H98XN					0	0	0	0	0	0	1	0	0						1
7	Totales 9H	0	0	0	0	0	0	2	2	2	6	9	3	0	0	0	0	0	0	24
7	BH40**					0	0	0	0	1	0	0	0	0					0	1
7	BH40XN					0	0	0	0	0	0	1	0	0					0	1
7	BH74**					0	0	0	1	0	0	0	0	0					0	1
7	Totales BH	0	0	0	0	0	0	0	1	1	0	1	0	0	0	0	0	0	0	3
7	BJ30XL					0	0	0	1	2	0	0	0	0						3
7	BJ30XN					0	0	1	0	1	1	1	1	0						5
7	BJ51XM					0	0	0	0	1	1	0	0	0						2
7	BJ59**					0	0	0	0	1	0	0	0	0						1
7	BJ75AL					0	0	0	0	0	0	1	1	0						2
7	BJ82XM					0	0	1	0	2	1	1	0	0						5
7	BJ82XN					0	0	0	0	0	1	0	0	0						1
7	BJ88XM					0	0	0	0	0	1	1	2	0						4
7	Totales BJ	0	0	0	0	0	0	2	1	7	5	4	4	0	0	0	0	0	0	23
7	M411**					0	1	0	0	0	0	0	0	0					0	1
7	M412**					0	0	0	0	0	0	1	0	0					0	1
7	Totales M4	0	0	0	0	0	1	0	0	0	0	1	0	0	0	0	0	0	0	2
7	MHBP**					0	0	0	0	4	0	1	0	0						5
7	MHZC**					0	0	0	0	5	0	0	0	0						5
7	MHZP**					0	0	0	1	14	1	1	0	0						17
7	Totales MH	0	0	0	0	0	0	0	1	23	1	2	0	0	0	0	0	0	0	27
7	R603XM					0	0	0	0	0	0	1	0	0						1
7	R638XM					0	0	0	0	1	0	0	0	0						1
7	R638XO					0	0	0	0	0	1	0	0	0						1
7	R645XO					0	0	0	0	1	0	0	0	0						1
7	Totales R6	0	0	0	0	0	0	0	0	2	1	1	0	0	0	0	0	0	0	4
7	R765XN					0	0	1	0	0	0	0	0	0						1
7	R767XO					0	0	1	0	0	0	0	0	0						1
7	Totales R7	0	0	0	0	0	0	2	0	0	0	0	0	0	0	0	0	0	0	2
7	RH59XM					0	0	0	0	1	0	0	0	0						1
7	Totales RH	0	0	0	0	0	0	0	0	1	0	0	0	0	0	0	0	0	0	1
7	Z630XO					0	0	0	3	0	0	0	0	0						3
7	Z631XM					0	1	1	0	0	0	0	0	0						2
7	Totales Z6	0	0	0	0	0	1	1	3	0	0	0	0	0	0	0	0	0	0	5
7	Z901NE					0	0	0	0	0	0	1	0	0						1
7	Z901TA					0	0	1	0	2	0	0	0	0						3
7	Z902HF					0	0	0	0	2	0	1	0	0						3
7	Z904NE					0	0	0	0	0	0	1	0	0						1
7	Z904XO					0	0	0	1	2	1	0	0	0						4
7	Z905CF					0	0	0	1	1	1	1	1	0						5
7	Z905NE					0	0	0	0	0	2	2	2	0						6
7	Totales Z9	0	0	0	0	0	0	1	2	7	4	6	3	0	0	0	0	0	0	23
7	ZN66CQ					0	0	0	0	1	1	1	0	0						3
7	ZN67MI					0	0	0	0	0	0	1	1	0						2
7	ZN68CA					0	0	0	0	0	0	1	0	0						1
7	ZN70UV					0	0	0	0	1	0	0	0	0						1
7	ZN81UV					0	0	0	0	0	1	0	0	0						1
7	Totales ZN	0	0	0	0	0	0	0	0	2	2	3	1	0	0	0	0	0	0	8
7	ZO02XO					0	0	0	0	0	0	1	1	0						2
7	ZO20XM					0	0	0	0	0	0	1	0	0						1
7	ZO70XN					0	0	1	0	0	1	1	0	0						3
7	Totales ZO	0	0	0	0	0	0	1	0	0	1	3	1	0	0	0	0	0	0	6
7	ZR53XO					0	0	0	0	1	0	0	0	0					0	1
7	ZR54CF					0	0	0	0	0	0	1	0	0					0	1
7	Totales ZR	0	0	0	0	0	0	0	0	1	0	1	0	0	0	0	0	0	0	2
7	A703NV			0	1	1	0	0	0	0										2
7	A714MD			0	1	1	1	1	0	0										4
7	A71AA*			0	0	2	0	0	0	0										2
7	A71ANL			0	1	1	0	0	0	0										2
7	A71AV*			0	0	0	0	0	1	1										2
7	A732EC			1	0	1	0	0	0	0										2
7	A732RN			2	1	0	0	0	0	0										3
7	A738NV			0	2	1	1	0	0	0										4
7	A75PC7			1	2	1	0	1	0	1										6
7	A75PV7			0	1	0	0	0	0	0										1
7	A76Y**			0	0	1	1	0	0	0										2
7	A76YV7			1	0	0	0	0	0	0										1
7	A79DHF			1	2	2	1	0	0	1										7
7	Totales A7	0	0	6	11	11	4	2	1	3	0	0	0	0	0	0	0	0	0	38
7	A901RC			1	2	0	0	0	0	0										3
7	A901RN			2	0	0	0	0	0	0										2
7	A90DHR			0	3	4	0	0	0	0										7
7	A90DRN			1	1	0	0	0	0	0										2
7	A924RM			1	0	0	0	0	0	0										1
7	Totales A9	0	0	5	6	4	0	0	0	0	0	0	0	0	0	0	0	0	0	15
7	AJ48AM			0	0	0	0	1	0	0										1
7	Totales AJ	0	0	0	0	0	0	1	0	0	0	0	0	0	0	0	0	0	0	1
7	B130EN			0	2	0	0	0	0	0										2
7	B130ET			2	1	0	0	0	0	0										3
7	B14DEC			1	0	0	0	0	0	0										1
7	B14DEM			1	1	0	0	0	0	0										2
7	B167**			0	0	0	0	0	0	1										1
7	B167RT			1	3	3	3	0	2	0										12
7	B195**			0	0	0	1	0	0	0										1
7	B195EN			0	4	0	0	0	0	0										4
7	B195ET			4	1	0	0	0	0	0										5
7	Totales B1	0	0	9	12	3	4	0	2	1	0	0	0	0	0	0	0	0	0	31
7	B34EIA			0	0	0	0	1	2	0										3
7	B35CRN			0	1	0	0	1	1	1										4
7	B35CSR			1	1	0	0	0	1	0										3
7	B38DRM			0	1	0	0	0	1	1										3
7	B38DZM			0	0	0	0	1	1	0										2
7	B38DZN			0	0	1	1	0	0	0										2
7	Totales B3	0	0	1	3	1	1	3	6	2	0	0	0	0	0	0	0	0	0	17
7	BY05EM			2	0	0	0	0	0	0										2
7	BY35XN			0	0	1	0	0	0	0										1
7	BY39**			0	0	0	0	0	0	1										1
7	BY42RN			0	3	0	0	0	0	0										3
7	BY50**			0	0	0	1	0	1	0										2
7	BY50MN			0	1	0	0	0	0	0										1
7	BY68RC			0	2	0	0	0	0	0										2
7	Totales BY	0	0	2	6	1	1	0	1	1	0	0	0	0	0	0	0	0	0	12
7	CG07**			1	0	0	0	0	0	0										1
7	CG07RN			0	1	2	0	1	0	1										5
7	CG0A**			0	0	1	0	1	0	0										2
7	CG10N1			0	1	0	0	1	0	0										2
7	CG26EL			0	2	1	0	0	0	1										4
7	CG26RN			1	1	1	0	0	1	0										4
7	CG28AA			0	1	0	0	0	0	0										1
7	CG28RC			0	1	0	0	0	0	1										2
7	CG2PGM			0	0	4	0	0	0	0										4
7	CG31N2			1	1	1	1	0	1	0										5
7	CG31O2			0	1	2	3	1	3	2										12
7	CG34ML			1	0	0	0	0	0	0										1
7	CG34RN			0	1	0	0	0	0	0										1
7	CG58**			0	0	1	0	0	0	0										1
7	CG58SN			0	0	1	1	0	0	0										2
7	CG58SR			0	1	1	0	2	0	0										4
7	CG6XML			1	0	0	0	0	0	0										1
7	CG71RM			1	1	0	0	0	0	0										2
7	CG71RN			0	2	1	0	0	0	0										3
7	CG7WGR			0	0	1	0	0	0	0										1
7	CG9X**			0	0	1	0	0	0	0										1
7	CG9XHR			0	1	0	0	0	0	0										1
7	Totales CG	0	0	6	15	18	5	6	5	5	0	0	0	0	0	0	0	0	0	60
7	DR3XN1			0	0	1	0	0	0	0										1
7	Totales DR	0	0	0	0	1	0	0	0	0	0	0	0	0	0	0	0	0	0	1
7	DZ15RC			0	0	0	0	0	1	0										1
7	DZ15RM			1	0	0	0	0	0	0										1
7	DZ15RN			0	1	1	0	0	0	0										2
7	DZ15SR			0	1	0	0	0	2	0										3
7	DZ3XHR			0	1	0	0	0	0	0										1
7	DZ3XN1			0	1	0	0	0	0	0										1
7	DZ59MB			0	5	0	0	2	3	0										10
7	DZ85HF			2	1	1	0	0	0	0										4
7	DZ85RN			1	1	1	0	0	0	0										3
7	DZ94AA			0	1	1	0	1	1	0										4
7	DZ94RN			0	2	0	0	0	1	0										3
7	Totales DZ	0	0	4	14	4	0	3	8	0	0	0	0	0	0	0	0	0	0	33
7	EC20ML			1	0	1	0	0	0	0										2
7	EC20RN			0	0	0	0	0	0	1										1
7	Totales EC	0	0	1	0	1	0	0	0	1	0	0	0	0	0	0	0	0	0	3
7	EM03PR			1	0	0	0	0	0	0										1
7	EM66WN			0	1	0	0	0	0	0										1
7	Totales EM	0	0	1	1	0	0	0	0	0	0	0	0	0	0	0	0	0	0	2
7	EO44**			0	0	0	1	1	0	0										2
7	EO46**			0	1	0	0	1	0	0										2
7	EO73**			0	0	0	1	0	0	0										1
7	EO73RN			0	1	1	0	1	0	0										3
7	Totales EO	0	0	0	2	1	2	3	0	0	0	0	0	0	0	0	0	0	0	8
7	EW1NRM			0	0	0	0	0	0	1										1
7	EW1NRN			1	0	0	0	0	0	1										2
7	EW1PRM			0	1	2	1	3	1	0										8
7	EW1PRN			0	0	0	0	1	0	0										1
7	EW1W**			0	1	0	2	0	0	0										3
7	EW1WHR			0	0	0	0	0	1	0										1
7	EW1WRM			1	0	0	1	0	0	0										2
7	EW1WRN			0	0	0	0	1	0	0										1
7	EW1Y**			0	1	2	0	0	0	0										3
7	EW1YN1			0	1	0	0	1	1	0										3
7	EW4E**			0	1	0	0	0	0	0										1
7	EW6MN9			1	0	0	0	0	0	0										1
7	EW6MR9			2	0	1	0	0	1	0										4
7	Totales EW	0	0	5	5	5	4	6	4	2	0	0	0	0	0	0	0	0	0	31
7	F81C**			0	0	1	0	0	0	0										1
7	F81CQN			0	1	0	0	0	0	0										1
7	F81CTC			1	7	0	1	0	0	1										10
7	Totales F8	0	0	1	8	1	1	0	0	1	0	0	0	0	0	0	0	0	0	12
7	FB3YRN			0	2	0	0	0	1	0										3
7	FB3YSR			0	4	0	0	0	0	0										4
7	FB4EB8			0	1	1	0	0	0	1										3
7	FB4EN8			0	0	0	0	0	1	0										1
7	FB4XM5			0	0	2	0	0	0	0										2
7	FB4XN5			0	1	1	1	1	1	0										5
7	FB4XVI			0	1	1	0	0	0	0										2
7	FB78MB			0	0	0	0	1	0	0										1
7	FB78RN			0	0	1	0	0	0	0										1
7	FB82**			1	1	0	0	0	0	0										2
7	FB82IP			0	1	0	0	0	0	0										1
7	FB82RS			0	0	1	0	0	1	0										2
7	FB84**			0	2	0	0	0	0	0										2
7	FB84OX			0	2	2	0	0	2	0										6
7	FB84RN			0	3	1	0	0	0	0										4
7	FB84VI			0	1	0	0	0	1	0										2
7	Totales FB	0	0	1	19	10	1	2	7	1	0	0	0	0	0	0	0	0	0	41
7	FI75RG			1	0	0	0	0	0	0										1
7	Totales FI	0	0	1	0	0	0	0	0	0	0	0	0	0	0	0	0	0	0	1
7	GA5MRM			1	0	0	0	0	1	1										3
7	GA5XIA			0	1	0	0	0	0	1										2
7	Totales GA	0	0	1	1	0	0	0	1	2	0	0	0	0	0	0	0	0	0	5
7	GM00OX			0	1	1	0	0	1	1										4
7	GM00PL			0	1	2	0	0	1	0										4
7	GM18SG			0	3	2	2	2	0	0										9
7	GM18SN			0	1	1	0	0	1	1										4
7	GM21T1			0	2	3	1	0	1	0										7
7	GM22**			0	1	0	0	0	0	0										1
7	GM22GE			0	1	0	0	0	0	0										1
7	GM22MN			0	1	0	0	0	0	0										1
7	GM23ML			0	0	0	0	0	0	1										1
7	GM23RN			0	3	1	0	0	1	0										5
7	Totales GM	0	0	0	14	10	3	2	5	3	0	0	0	0	0	0	0	0	0	37
7	HA3P**			0	1	0	0	0	0	0										1
7	HA3PRN			1	0	0	0	0	0	0										1
7	HA3PSR			0	2	0	0	0	0	0										2
7	HA62RM			0	1	2	0	0	1	0										4
7	HA62RN			0	1	0	0	0	0	0										1
7	HA74RM			0	1	1	0	1	0	0										3
7	HA74RN			0	2	0	0	1	0	0										3
7	Totales HA	0	0	1	8	3	0	2	1	0	0	0	0	0	0	0	0	0	0	15
7	HD0RHF			0	1	0	0	0	0	0										1
7	HD0RRN			0	1	0	0	0	0	0										1
7	HD19AG			0	0	0	0	0	0	1										1
7	HD19IA			0	0	0	0	0	1	1										2
7	HD19RN			0	0	0	0	0	0	1										1
7	HD2XM1			0	2	1	1	0	1	0										5
7	HD2XN1			0	1	0	0	0	0	0										1
7	HD6WBR			0	1	0	0	0	1	0										2
7	HD6WRG			1	0	0	0	0	0	1										2
7	HD6WRN			1	1	0	0	0	1	0										3
7	HD74**			0	1	0	0	0	0	0										1
7	HD74RC			0	0	0	0	0	1	0										1
7	HD8PAB			1	1	0	0	0	1	1										4
7	HD8PHF			0	1	1	0	0	0	0										2
7	HD8PRM			0	1	0	0	3	1	0										5
7	HD8PRN			0	2	0	0	0	0	0										2
7	Totales HD	0	0	3	13	2	1	3	7	5	0	0	0	0	0	0	0	0	0	34
7	HY18**			0	0	0	0	0	0	2										2
7	Totales HY	0	0	0	0	0	0	0	0	2	0	0	0	0	0	0	0	0	0	2
7	IX19ND			0	2	1	2	1	1	1										8
7	IX25**			0	1	1	0	0	0	0										2
7	IX5WBR			0	0	0	0	1	0	0										1
7	IX6ERM			0	1	0	0	0	0	0										1
7	IX6ERN			0	1	0	0	0	0	0										1
7	IX7D**			0	1	0	1	0	0	0										2
7	IX7DCR			0	1	1	1	1	0	0										4
7	IX7DEA			1	0	0	0	1	2	0										4
7	IX7DRN			0	0	0	0	0	0	1										1
7	Totales IX	0	0	1	7	3	4	4	3	2	0	0	0	0	0	0	0	0	0	24
7	J934**			0	0	0	0	0	1	0										1
7	Totales J9	0	0	0	0	0	0	0	1	0	0	0	0	0	0	0	0	0	0	1
7	JQ69RN			0	2	0	0	0	0	0										2
7	JQ7BSR			1	1	0	0	0	0	2										4
7	Totales JQ	0	0	1	3	0	0	0	0	2	0	0	0	0	0	0	0	0	0	6
7	K233RC			0	2	0	0	0	1	1										4
7	K233RN			1	2	0	0	0	2	0										5
7	K236**			0	0	1	0	0	0	0										1
7	K236EA			1	0	0	0	0	0	0										1
7	K236EL			0	0	0	0	0	1	0										1
7	K236EM			0	1	1	0	0	0	0										2
7	K236ET			0	1	0	1	0	1	0										3
7	K236NL			0	1	2	0	1	0	0										4
7	Totales K2	0	0	2	7	4	1	1	5	1	0	0	0	0	0	0	0	0	0	21
7	KL6NGO			1	2	0	0	0	0	0										3
7	Totales KL	0	0	1	2	0	0	0	0	0	0	0	0	0	0	0	0	0	0	3
7	KN04**			0	0	2	0	2	0	0										4
7	KN04ET			1	0	0	1	0	3	0										5
7	KN04RN			2	0	0	0	0	0	0										2
7	KN6D**			0	0	2	1	0	0	0										3
7	KN6DHR			0	0	0	0	0	1	0										1
7	KN6DRM			1	5	5	1	2	2	1										17
7	KN6DRN			1	0	1	1	2	2	0										7
7	Totales KN	0	0	5	5	10	4	6	8	1	0	0	0	0	0	0	0	0	0	39
7	L55CRG			0	0	0	0	0	1	0										1
7	L58ARC			0	0	0	0	0	0	1										1
7	L59C**			0	3	0	2	1	2	0										8
7	L59CLU			0	0	0	1	1	2	0										4
7	L59CRM			0	0	0	0	0	1	0										1
7	Totales L5	0	0	0	3	0	3	2	6	1	0	0	0	0	0	0	0	0	0	15
7	LP01**			0	0	1	1	1	1	2										6
7	LP01*F			0	0	1	0	0	0	0										1
7	LP01EB			0	1	1	0	0	0	0										2
7	LP01RM			0	0	0	1	1	0	0										2
7	LP01RN			0	1	1	1	1	0	0										4
7	LP09**			0	0	1	1	0	0	0										2
7	LP09A5			0	0	0	0	0	1	0										1
7	LP09M6			0	0	1	0	0	0	1										2
7	LP09N6			0	0	0	0	1	0	0										1
7	LP0C**			0	1	1	0	0	0	0										2
7	LP0CIA			0	1	0	0	0	1	0										2
7	LP0CRN			0	1	1	1	0	0	0										3
7	LP0E**			1	0	0	0	0	0	0										1
7	LP0EN2			0	0	0	2	1	0	0										3
7	LP0M**			0	2	2	1	0	0	0										5
7	LP0P**			0	0	0	0	0	1	0										1
7	LP0WEB			1	2	1	1	0	2	0										7
7	LP1CBR			0	0	0	0	0	1	0										1
7	LP1CM8			0	1	1	1	0	0	0										3
7	LP1CRM			0	0	1	0	0	0	0										1
7	LP1CRN			0	1	0	0	0	0	0										1
7	LP1M**			0	2	0	0	0	0	0										2
7	LP1MEA			0	1	0	1	1	0	1										4
7	LP1MRN			0	1	0	0	0	0	0										1
7	LP1N**			2	3	1	0	0	3	0										9
7	LP1NIA			0	1	0	0	0	0	0										1
7	LP1NRM			0	1	0	1	0	0	0										2
7	LP1NRN			0	1	1	0	1	0	0										3
7	LP1NSR			0	1	0	1	1	0	0										3
7	LP1X**			0	0	1	0	0	0	0										1
7	LP1XEG			0	1	0	0	0	0	0										1
7	LP29RN			0	0	0	1	0	0	0										1
7	LP3P**			0	0	0	0	1	0	0										1
7	LP3PEB			0	1	0	0	0	0	0										1
7	LP3PRM			0	1	0	1	1	0	0										3
7	LP3PSR			0	1	0	0	0	0	0										1
7	LP71**			0	0	2	0	0	0	0										2
7	LP8PRN			0	0	1	0	0	0	0										1
7	LP91**			0	1	0	0	0	0	0										1
7	Totales LP	0	0	4	27	19	15	10	10	4	0	0	0	0	0	0	0	0	0	89
7	LZ1MAL			1	0	0	0	0	0	0										1
7	LZ4M**			0	1	0	0	0	0	0										1
7	LZ4MQN			1	1	0	0	0	0	0										2
7	LZ4MTC			0	2	0	0	0	0	0										2
7	LZ9CQC			0	1	0	0	0	0	0										1
7	Totales LZ	0	0	2	5	0	0	0	0	0	0	0	0	0	0	0	0	0	0	7
7	MC77RC			0	1	2	0	0	1	0										4
7	MC8C**			0	0	0	0	1	0	0										1
7	MC8CMB			0	3	0	0	1	1	0										5
7	Totales MC	0	0	0	4	2	0	2	2	0	0	0	0	0	0	0	0	0	0	10
7	MDBC**			0	1	4	0	0	0	0										5
7	MDBP**			0	0	7	1	0	0	0										8
7	MDC3**			0	0	1	0	0	0	0										1
7	MDTN**			0	0	1	0	0	0	0										1
7	MDZN**			0	1	8	1	1	0	0										11
7	MDZP**			0	1	49	3	1	1	1										56
7	Totales MD	0	0	0	3	70	5	2	1	1	0	0	0	0	0	0	0	0	0	82
7	NF09**			0	0	0	0	1	0	0										1
7	Totales NF	0	0	0	0	0	0	1	0	0	0	0	0	0	0	0	0	0	0	1
7	NU3MM8			0	1	0	0	0	0	0										1
7	NU3MN8			0	0	0	1	0	0	0										1
7	NU92RC			2	0	0	0	0	0	0										2
7	Totales NU	0	0	2	1	0	1	0	0	0	0	0	0	0	0	0	0	0	0	4
7	OK6CRN			1	0	0	0	0	0	0										1
7	Totales OK	0	0	1	0	0	0	0	0	0	0	0	0	0	0	0	0	0	0	1
7	P62DRN			0	1	0	0	0	1	0										2
7	P644ML			0	1	0	0	0	0	0										1
7	P646RN			0	0	0	0	0	1	0										1
7	P65DAA			0	1	0	0	0	0	0										1
7	P663RC			0	1	0	0	1	1	0										3
7	P663RN			0	2	0	0	0	0	0										2
7	P66NGR			0	1	0	0	0	2	0										3
7	P672EL			0	0	0	0	0	1	0										1
7	P673**			0	0	1	0	0	0	0										1
7	P686IA			0	1	0	0	0	0	0										1
7	P686RN			0	1	0	0	0	0	0										1
7	P686SR			2	0	0	0	0	1	0										3
7	P68XRG			1	1	0	0	0	0	0										2
7	P69WRN			1	0	0	0	0	0	0										1
7	Totales P6	0	0	4	10	1	0	1	7	0	0	0	0	0	0	0	0	0	0	23
7	QF2PGO			0	0	0	1	0	0	0										1
7	Totales QF	0	0	0	0	0	1	0	0	0	0	0	0	0	0	0	0	0	0	1
7	QM7ERN			0	1	0	0	0	0	0										1
7	Totales QM	0	0	0	1	0	0	0	0	0	0	0	0	0	0	0	0	0	0	1
7	QR1P**			0	1	0	0	0	0	0										1
7	QR1PCD			0	1	1	0	0	1	0										3
7	QR1PPL			0	2	2	1	2	0	0										7
7	QR2A**			0	0	0	1	0	1	0										2
7	QR2CRN			0	1	0	0	0	1	0										2
7	QR2P**			0	1	1	0	0	0	0										2
7	QR2PRC			0	1	1	1	0	0	0										3
7	QR2WRN			0	1	1	0	0	0	0										2
7	QR3RN3			0	1	0	1	1	0	0										3
7	Totales QR	0	0	0	9	6	4	3	3	0	0	0	0	0	0	0	0	0	0	25
7	R214SN			0	0	0	0	0	0	1										1
7	Totales R2	0	0	0	0	0	0	0	0	1	0	0	0	0	0	0	0	0	0	1
7	R323NE			0	1	0	2	1	0	0										4
7	R323XO			0	1	1	1	1	1	0										5
7	Totales R3	0	0	0	2	1	3	2	1	0	0	0	0	0	0	0	0	0	0	9
7	R480VE			0	0	1	0	0	1	0										2
7	Totales R4	0	0	0	0	1	0	0	1	0	0	0	0	0	0	0	0	0	0	2
7	RA05NR			0	0	1	0	0	0	0										1
7	RA05RM			0	0	1	0	0	0	0										1
7	RA08XO			1	0	0	0	0	0	0										1
7	RA21GR			0	0	1	0	0	0	0										1
7	RA75LV			0	1	0	0	0	1	0										2
7	RA76NE			0	0	1	0	0	1	0										2
7	RA76XO			0	1	0	0	1	1	0										3
7	RA90XM			0	0	1	0	0	0	0										1
7	RA91NE			0	1	0	0	2	0	0										3
7	RA91RO			0	1	0	0	0	1	0										2
7	RA91XO			0	2	1	0	3	1	0										7
7	RA95NE			0	0	1	0	0	0	0										1
7	RA95RO			0	0	1	0	0	0	0										1
7	RA96NE			0	1	1	0	0	0	0										2
7	RA96RO			0	1	1	1	0	0	0										3
7	RA96XO			0	1	0	0	0	0	0										1
7	RA98MI			0	0	1	2	0	0	0										3
7	RA98NE			0	0	0	1	0	0	0										1
7	RA98RO			0	0	1	1	2	0	0										4
7	RA98XO			0	1	0	0	1	0	0										2
7	Totales RA	0	0	1	10	12	5	9	5	0	0	0	0	0	0	0	0	0	0	42
7	RB40XO			0	2	1	1	0	0	0										4
7	RB43RO			0	1	1	0	0	0	0										2
7	RB43XO			0	0	0	0	0	1	0										1
7	RB44AZ			0	0	0	0	0	1	1										2
7	RB44XO			1	0	2	0	0	1	0										4
7	RB45AN			0	0	0	0	1	1	0										2
7	RB45SA			1	0	0	0	0	0	0										1
7	RB45SN			0	1	1	0	0	0	0										2
7	Totales RB	0	0	2	4	5	1	1	4	1	0	0	0	0	0	0	0	0	0	18
7	RC30RO			0	0	0	1	0	0	0										1
7	RC35NE			0	1	0	1	0	0	0										2
7	RC36NR			0	1	0	0	0	0	0										1
7	RC37XO			0	2	1	0	0	0	0										3
7	RC38XO			1	0	0	0	0	0	0										1
7	Totales RC	0	0	1	4	1	2	0	0	0	0	0	0	0	0	0	0	0	0	8
7	RD68XO			1	0	0	0	1	0	0										2
7	Totales RD	0	0	1	0	0	0	1	0	0	0	0	0	0	0	0	0	0	0	2
7	RE10CF			0	0	1	0	0	1	0										2
7	RE10NE			0	1	0	0	0	0	0										1
7	RE11RM			2	2	2	0	0	0	0										6
7	RE18NE			1	1	0	0	0	0	0										2
7	RE18RM			1	0	0	0	0	0	0										1
7	RE20RO			0	1	2	0	0	0	0										3
7	RE20XO			0	1	2	0	0	0	0										3
7	RE22AZ			0	3	3	2	2	0	0										10
7	RE22NE			1	0	5	0	0	1	0										7
7	RE22XO			0	0	0	3	0	1	0										4
7	Totales RE	0	0	5	9	15	5	2	3	0	0	0	0	0	0	0	0	0	0	39
7	RG88NE			0	2	0	1	0	0	0										3
7	RG88RO			0	1	0	0	0	0	0										1
7	Totales RG	0	0	0	3	0	1	0	0	0	0	0	0	0	0	0	0	0	0	4
7	RS00RN			0	1	1	1	1	0	0										4
7	RS06**			0	0	0	0	0	0	1										1
7	RS06MB			0	0	1	0	0	1	0										2
7	RS0X**			1	0	0	0	2	1	1										5
7	RS0X*C			0	1	1	1	2	0	0										5
7	RS0XIA			0	1	1	1	1	0	0										4
7	RS0XRF			0	1	0	0	0	1	0										2
7	RS0XRN			0	0	0	0	1	0	0										1
7	RS13DO			0	2	1	1	1	1	0										6
7	RS16AA			1	0	0	0	0	0	0										1
7	RS16RT			1	0	0	0	0	0	0										1
7	RS16SR			0	1	0	0	0	0	0										1
7	RS17RN			0	0	2	1	0	0	0										3
7	RS37**			1	0	0	0	0	0	1										2
7	RS37M3			0	1	0	0	1	0	0										2
7	RS37N3			0	1	1	0	1	0	0										3
7	RS3B**			0	0	0	1	0	1	0										2
7	RS3BG1			0	1	1	0	0	0	0										2
7	RS3BN1			0	1	0	1	1	0	0										3
7	RS3NRN			1	0	1	0	0	0	0										2
7	RS3NSR			0	1	0	0	1	1	0										3
7	RS3W**			0	0	0	0	1	1	0										2
7	RS3WRN			0	0	1	0	0	0	1										2
7	RS48**			0	0	1	1	0	0	0										2
7	RS48BR			0	1	1	0	0	0	0										2
7	RS48DO			0	1	1	1	1	1	0										5
7	RS48HR			0	0	0	0	1	0	1										2
7	RS48MB			0	1	1	0	1	1	0										4
7	RS48RN			0	0	1	1	1	0	1										4
7	RS49**			0	1	0	0	0	0	0										1
7	RS49OX			0	2	0	0	1	0	0										3
7	RS49RS			0	1	0	0	1	0	0										2
7	RS4N**			0	2	1	0	0	0	0										3
7	RS4NML			0	1	1	1	1	0	0										4
7	RS4NRC			0	1	0	2	1	1	1										6
7	RS4NRN			0	1	0	1	1	0	0										3
7	RS4NSR			0	1	0	1	0	0	0										2
7	RS5BA9			0	0	0	0	0	1	0										1
7	RS5BIA			0	0	0	0	0	1	0										1
7	RS5BM3			0	1	0	0	0	2	0										3
7	RS5BM4			0	0	0	0	1	0	0										1
7	RS5BN1			0	1	1	1	1	0	0										4
7	RS5BRN			1	0	0	0	0	0	0										1
7	RS61**			0	2	0	0	0	0	1										3
7	RS61L1			0	2	1	1	1	0	0										5
7	RS61ML			0	0	0	0	1	0	0										1
7	RS61N1			0	0	1	1	0	0	0										2
7	RS61N5			0	0	0	0	1	0	0										1
7	RS61RN			0	1	0	0	0	0	0										1
7	RS64**			0	0	2	1	1	0	0										4
7	RS64BR			0	1	0	0	0	0	0										1
7	RS64OX			0	3	1	1	0	0	0										5
7	RS64RN			0	1	1	1	1	0	0										4
7	RS64SR			0	1	1	0	1	1	0										4
7	RS6C**			0	0	0	0	0	1	0										1
7	RS6CEA			0	0	0	0	0	1	0										1
7	RS72PL			0	1	1	0	1	0	0										3
7	RS72RN			0	1	0	0	1	0	0										2
7	RS87**			1	1	0	0	1	0	0										3
7	RS87B8			0	0	0	1	0	0	0										1
7	RS87BG			0	2	3	2	2	1	2										12
7	RS87M8			0	0	2	0	0	3	1										6
7	RS87N8			0	1	0	0	0	1	0										2
7	RS9Y**			0	1	0	0	0	0	0										1
7	RS9YRN			0	0	1	1	1	0	0										3
7	RS9YSR			0	1	1	0	1	0	0										3
7	Totales RS	0	0	7	46	34	25	37	22	11	0	0	0	0	0	0	0	0	0	182
7	SL4YRN			0	0	0	0	0	1	0										1
7	Totales SL	0	0	0	0	0	0	0	1	0	0	0	0	0	0	0	0	0	0	1
7	SV0DM5			1	0	0	0	0	1	0										2
7	SV0DRN			0	0	0	0	0	1	1										2
7	SV0XHR			0	1	0	0	0	1	0										2
7	SV0XRM			0	3	0	0	1	3	0										7
7	SV2CIA			1	0	0	0	0	0	0										1
7	SV2CSR			0	0	1	0	0	1	0										2
7	SV3RCM			0	1	2	1	3	3	1										11
7	SV3RCN			0	2	2	0	3	1	0										8
7	SV65IA			1	0	0	0	0	2	1										4
7	SV65RN			0	0	0	0	0	0	1										1
7	SV65SR			0	0	0	0	0	0	1										1
7	SV7YBG			0	1	0	3	2	1	0										7
7	SV7YRN			1	0	0	0	0	1	0										2
7	SV9BML			1	1	0	0	0	0	1										3
7	SV9BRN			0	1	0	0	0	0	0										1
7	Totales SV	0	0	5	10	5	4	9	15	6	0	0	0	0	0	0	0	0	0	54
7	T20ARM			1	0	0	0	0	0	0										1
7	T20ARN			0	0	0	0	1	0	0										1
7	T21BML			0	0	1	0	0	0	0										1
7	T23PRC			0	0	0	1	0	0	0										1
7	Totales T2	0	0	1	0	1	1	1	0	0	0	0	0	0	0	0	0	0	0	4
7	T551IA			0	1	0	0	0	0	0										1
7	T581RM			0	0	0	0	0	2	0										2
7	T589**			0	1	1	1	0	0	0										3
7	T599SR			0	0	0	0	0	1	0										1
7	Totales T5	0	0	0	2	1	1	0	3	0	0	0	0	0	0	0	0	0	0	7
7	UD1XRC			0	0	0	0	1	1	0										2
7	Totales UD	0	0	0	0	0	0	1	1	0	0	0	0	0	0	0	0	0	0	2
7	UH0E**			0	1	1	0	0	0	0										2
7	UH0EM4			0	0	0	0	0	0	1										1
7	UH0ERM			0	0	0	0	1	0	0										1
7	UH0ERN			0	2	0	0	0	1	0										3
7	UH1XGG			0	0	0	0	1	0	0										1
7	UH1XRN			0	1	1	0	0	0	0										2
7	UH3EEL			1	3	0	0	0	2	1										7
7	UH47M8			0	1	0	0	0	0	0										1
7	UH4C**			1	0	0	1	1	0	0										3
7	UH4MRM			0	0	0	0	0	1	0										1
7	UH6N**			0	0	2	0	1	0	0										3
7	UH6NBG			0	1	0	0	1	3	0										5
7	UH6NHR			0	0	0	0	1	0	0										1
7	UH6NR5			0	0	2	0	2	0	0										4
7	UH6NRC			0	0	2	0	2	0	0										4
7	UH79**			0	0	1	1	2	1	0										5
7	UH79LR			0	1	2	0	0	2	0										5
7	UH79RC			0	1	2	1	0	2	0										6
7	UH79RM			0	1	0	0	1	0	0										2
7	UH7E**			0	0	1	0	0	0	0										1
7	UH7ERM			1	1	0	0	0	2	0										4
7	UH82RN			0	0	0	0	0	1	0										1
7	UH90ZM			0	1	0	0	1	0	0										2
7	UH93**			1	0	1	0	0	0	0										2
7	UH93A5			0	0	0	0	1	1	0										2
7	UH93IA			0	0	0	0	1	0	0										1
7	UH93RM			0	1	0	1	2	0	0										4
7	UH97BR			0	0	0	1	0	0	0										1
7	UH97HR			0	0	0	0	0	1	0										1
7	UH97RC			0	1	0	1	0	0	0										2
7	UH97RM			1	2	2	2	0	1	0										8
7	UH97RN			0	1	0	0	0	0	0										1
7	UH9MRM			0	0	0	0	0	1	0										1
7	Totales UH	0	0	5	19	17	8	18	19	2	0	0	0	0	0	0	0	0	0	88
7	UN2XRN			0	1	1	1	1	0	0										4
7	UN4B**			0	0	1	0	0	0	0										1
7	UN6D**			0	0	0	1	1	0	0										2
7	Totales UN	0	0	0	1	2	2	2	0	0	0	0	0	0	0	0	0	0	0	7
7	VT0DRM			0	1	0	1	2	1	1										6
7	VT0DRN			0	1	0	0	0	1	1										3
7	VT0Y**			0	1	0	0	0	1	0										2
7	VT0YEL			2	1	0	0	0	0	2										5
7	VT1B**			0	0	0	0	1	0	1										2
7	VT1BIA			0	1	0	1	0	0	0										2
7	VT1BMB			0	1	0	0	1	0	0										2
7	VT1BRN			0	1	0	0	0	0	0										1
7	VT3DRC			0	2	0	0	0	0	0										2
7	VT3DRN			0	0	0	0	0	1	0										1
7	VT4ARM			0	1	0	0	1	0	0										2
7	VT4ARN			0	1	0	0	0	0	0										1
7	VT66RN			1	0	0	0	0	0	0										1
7	VT6ARM			0	1	0	0	0	0	0										1
7	VT6ARN			0	1	0	1	0	0	0										2
7	VT6PMB			0	0	0	0	0	1	0										1
7	VT6XMB			0	0	0	0	0	1	1										2
7	VT6XRN			0	0	0	0	0	2	0										2
7	VT7R**			0	0	1	0	0	0	1										2
7	VT7R05			0	1	1	0	0	0	0										2
7	VT7RN3			0	0	0	1	0	0	0										1
7	VT8E**			0	1	0	1	0	0	0										2
7	VT8EHR			0	1	0	0	0	0	0										1
7	VT8EMB			0	0	0	0	0	0	1										1
7	VT8EOX			0	0	0	0	1	0	0										1
7	VT8ERN			0	0	1	0	1	1	0										3
7	VT8ESR			0	1	0	0	1	0	0										2
7	VT94**			0	0	1	1	0	0	0										2
7	VT94BR			0	1	0	1	0	0	0										2
7	VT94RC			0	1	0	0	0	0	0										1
7	VT94RN			0	1	0	1	1	0	0										3
7	VT97**			1	2	0	0	0	1	3										7
7	VT97A1			0	1	0	0	0	0	0										1
7	VT97A9			0	0	0	0	1	1	0										2
7	VT97BG			0	1	1	0	1	0	0										3
7	VT97D5			0	1	0	0	0	0	0										1
7	VT9NRM			1	1	0	0	0	0	0										2
7	Totales VT	0	0	5	26	5	8	11	11	11	0	0	0	0	0	0	0	0	0	77
7	WD8CRN			0	0	1	0	0	0	0										1
7	Totales WD	0	0	0	0	1	0	0	0	0	0	0	0	0	0	0	0	0	0	1
7	WI08**			0	1	2	0	0	0	0										3
7	WI08OX			0	1	0	1	0	0	0										2
7	WI08RN			0	1	0	0	0	0	0										1
7	WI08RT			0	0	1	0	0	1	0										2
7	WI6RN1			0	1	0	0	0	0	0										1
7	WI99**			0	1	2	0	0	0	0										3
7	WI99B7			0	0	0	0	0	1	0										1
7	WI99BK			1	0	2	0	1	1	1										6
7	WI99M7			0	0	0	0	0	0	1										1
7	WI99M9			1	1	3	1	2	2	0										10
7	WI99N7			0	1	1	0	0	1	0										3
7	Totales WI	0	0	2	7	11	2	3	6	2	0	0	0	0	0	0	0	0	0	33
7	X302**			0	0	1	0	0	1	0										2
7	X302BR			0	1	1	1	2	0	0										5
7	X302RN			0	1	1	1	0	0	0										3
7	X302RS			1	0	1	0	0	0	0										2
7	X302VE			0	0	0	0	0	2	0										2
7	X32R**			0	0	0	1	0	0	0										1
7	X32RG5			0	0	0	0	0	0	1										1
7	X32RM5			1	0	0	0	0	1	0										2
7	X32RR5			0	0	1	0	0	0	0										1
7	X332**			0	0	0	0	0	0	1										1
7	X332AZ			0	0	1	0	0	0	0										1
7	X332CD			0	1	1	0	1	0	0										3
7	X33XO1			0	1	0	0	0	0	0										1
7	X343CU			0	2	2	1	0	0	0										5
7	X343RN			0	2	0	1	0	1	1										5
7	X355**			0	0	0	0	2	0	0										2
7	X355AS			0	1	0	0	2	2	1										6
7	X355BL			0	1	1	0	0	0	0										2
7	X355CR			0	1	0	1	1	0	0										3
7	X355RN			0	1	2	0	0	0	0										3
7	X355SR			0	0	1	0	1	0	0										2
7	X356RN			0	0	1	0	0	0	0										1
7	X360**			1	0	0	0	0	0	0										1
7	X360BG			0	0	0	0	0	1	1										2
7	X360RG			1	0	0	0	0	0	0										1
7	X376A5			0	1	0	0	0	1	0										2
7	X376N3			0	1	1	1	1	0	0										4
7	X37CB8			1	1	0	0	0	0	0										2
7	X37CBG			0	0	0	0	0	0	1										1
7	X37CM8			0	3	0	0	1	1	0										5
7	Totales X3	0	0	5	18	15	7	11	10	6	0	0	0	0	0	0	0	0	0	72
7	YD1DRM			0	0	4	0	0	0	0										4
7	YD1MRM			0	0	0	1	0	0	1										2
7	YD40AG			0	1	0	0	0	0	0										1
7	YD40HR			0	2	0	0	0	0	0										2
7	YD40LU			0	0	0	0	1	0	0										1
7	YD40RM			1	1	0	0	0	0	0										2
7	YD91AB			0	1	0	0	0	0	0										1
7	YD91RC			0	0	0	0	2	0	0										2
7	YD96RN			2	1	0	0	0	0	0										3
7	YD9EEC			0	1	4	0	1	1	0										7
7	YD9ERM			0	1	2	0	0	0	0										3
7	YD9ERN			0	1	0	0	0	0	0										1
7	Totales YD	0	0	3	9	10	1	4	1	1	0	0	0	0	0	0	0	0	0	29
7	YK0P**			0	0	0	0	1	0	0										1
7	YK0PN1			1	1	0	0	0	0	1										3
7	YK0PR1			0	2	0	0	1	0	0										3
7	YK1CVM			0	1	0	0	0	0	0										1
7	YK20IA			0	1	0	1	0	0	0										2
7	YK20RN			0	1	1	1	1	0	0										4
7	YK2YMA			1	0	0	0	0	0	0										1
7	YK2YRN			0	2	0	0	1	0	0										3
7	YK361T			0	1	0	1	0	1	0										3
7	YK36G1			0	2	1	0	0	1	0										4
7	YK36R5			0	0	0	0	0	1	0										1
7	YK38RM			2	3	0	0	0	1	0										6
7	YK38RN			0	2	0	0	0	0	0										2
7	YK4RRT			0	0	2	0	0	0	0										2
7	YK6B**			0	0	0	1	0	0	1										2
7	YK6BMB			0	2	1	1	1	2	1										8
7	YK6BN1			0	1	0	0	0	0	0										1
7	YK6BR1			1	2	0	0	0	1	0										4
7	YK8N**			0	0	1	0	0	0	0										1
7	YK8NM2			0	0	0	2	1	0	0										3
7	YK8NN2			0	1	0	0	1	0	0										2
7	YK8NNM			1	1	0	0	0	1	0										3
7	YK8NNN			0	1	0	0	0	0	0										1
7	YK8WG*			0	1	1	0	0	0	0										2
7	Totales YK	0	0	6	25	7	7	7	8	3	0	0	0	0	0	0	0	0	0	63
7	Z113CF			0	2	3	2	0	0	0										7
7	Z113NE			1	3	3	3	1	1	0										12
7	Z150BG			0	1	0	0	0	0	0										1
7	Z150BR			0	1	0	1	1	0	0										3
7	Totales Z1	0	0	1	7	6	6	2	1	0	0	0	0	0	0	0	0	0	0	23
7	Z202MB			0	0	0	0	0	1	0										1
7	Z204HF			0	1	0	0	0	0	0										1
7	Z208**			0	1	1	1	1	1	1										6
7	Z210MB			0	0	0	0	1	1	1										3
7	Z211MI			0	1	1	1	1	1	0										5
7	Totales Z2	0	0	0	3	2	2	3	4	2	0	0	0	0	0	0	0	0	0	16
7	Z342RO			0	0	1	0	1	1	0										3
7	Z344AZ			0	0	1	1	1	1	0										4
7	Z344MI			0	1	1	2	2	1	0										7
7	Totales Z3	0	0	0	1	3	3	4	3	0	0	0	0	0	0	0	0	0	0	14
7	Z402GN			0	1	6	0	0	0	0										7
7	Z404CF			0	2	0	0	0	0	0										2
7	Z404NE			0	2	1	0	0	0	0										3
7	Z451BR			1	2	2	1	2	2	1										11
7	Z451NE			1	0	1	1	0	0	1										4
7	Z452DO			0	1	2	0	1	2	1										7
7	Totales Z4	0	0	2	8	12	2	3	4	3	0	0	0	0	0	0	0	0	0	34
7	Z501HF			0	2	0	0	2	2	0										6
7	Z501NE			2	0	0	0	0	1	2										5
7	Z502RO			1	0	0	0	0	2	3										6
7	Totales Z5	0	0	3	2	0	0	2	5	5	0	0	0	0	0	0	0	0	0	17
7	Z618MI			1	3	3	2	3	1	0										13
7	Z618RO			0	3	2	1	3	2	1										12
7	Totales Z6	0	0	1	6	5	3	6	3	1	0	0	0	0	0	0	0	0	0	25
7	Z701CF			0	1	4	0	0	1	0										6
7	Z701GR			0	2	3	3	0	0	0										8
7	Z703DO			0	2	2	1	0	1	1										7
7	Z704DO			0	1	1	1	1	0	0										4
7	Z705BR			0	1	1	0	1	0	0										3
7	Z706NE			0	1	0	0	0	0	0										1
7	Z706RO			0	0	0	1	0	0	0										1
7	Z708RO			0	1	2	1	1	1	0										6
7	Totales Z7	0	0	0	9	13	7	3	3	1	0	0	0	0	0	0	0	0	0	36
7	ZA15CF			0	2	0	0	1	0	0										3
7	ZA16HF			0	1	0	0	0	0	0										1
7	ZA16NE			0	1	0	0	0	1	0										2
7	ZA17MB			0	2	2	0	1	0	0										5
7	ZA18MI			0	3	3	0	1	1	0										8
7	ZA18RO			1	0	0	0	0	0	0										1
7	ZA19WI			0	1	2	0	0	0	0										3
7	ZA25NE			0	1	1	0	0	0	0										2
7	ZA26WI			0	0	0	1	0	0	0										1
7	ZA29RO			0	2	2	0	1	1	0										6
7	ZA30B*			0	1	1	1	0	0	0										3
7	ZA31BG			0	1	0	1	0	0	0										2
7	ZA32AZ			0	0	0	0	0	1	0										1
7	ZA32WB			0	0	0	0	1	2	0										3
7	ZA33BR			0	1	0	1	0	0	0										2
7	ZA66HF			0	2	0	0	2	1	0										5
7	ZA66MB			0	0	0	0	1	0	0										1
7	ZA78NE			0	1	0	0	0	1	0										2
7	ZA78WI			0	0	0	0	1	0	0										1
7	ZA79AZ			0	2	0	0	1	0	0										3
7	ZA79MI			0	0	0	0	2	0	0										2
7	ZA79NE			0	1	0	0	1	1	1										4
7	Totales ZA	0	0	1	22	11	4	13	9	1	0	0	0	0	0	0	0	0	0	61
7	ZB52NR			0	0	0	0	0	1	0										1
7	ZB55AZ			0	0	0	0	0	1	0										1
7	Totales ZB	0	0	0	0	0	0	0	2	0	0	0	0	0	0	0	0	0	0	2
7	ZCD1B*			0	2	3	2	0	1	0										8
7	ZCD1NE			0	1	2	1	1	0	0										5
7	ZCD2BR			0	1	0	1	1	1	0										4
7	ZCD2NE			0	2	1	1	1	0	0										5
7	ZCD4BR			0	3	3	4	1	1	0										12
7	ZCD4MB			0	3	4	4	3	1	0										15
7	Totales ZC	0	0	0	12	13	13	7	4	0	0	0	0	0	0	0	0	0	0	49
7	ZD10WI			0	0	0	0	1	2	0										3
7	ZD11AZ			0	0	0	0	1	0	0										1
7	ZD12CA			0	2	3	1	2	0	0										8
7	ZD12NE			0	0	2	3	2	0	0										7
7	ZD17AZ			0	0	0	0	2	1	0										3
7	ZD17MI			0	1	0	0	0	1	0										2
7	ZD19BG			0	0	1	0	0	0	0										1
7	ZD19BL			0	0	0	1	2	2	0										5
7	ZD20RO			0	0	1	1	2	1	0										5
7	ZD29MI			1	1	0	1	0	0	0										3
7	ZD29RO			0	0	0	1	1	2	0										4
7	ZD30HF			0	1	0	2	4	1	0										8
7	ZD30MB			0	0	0	1	3	1	0										5
7	ZD32NE			0	0	0	0	1	1	1										3
7	ZD32RO			0	0	1	0	0	0	0										1
7	ZD33HF			1	1	0	0	2	1	1										6
7	ZD35WI			0	0	0	0	0	1	0										1
7	ZD37BR			0	1	1	0	1	1	0										4
7	ZD37NE			0	1	1	2	1	2	0										7
7	ZD38NE			0	1	1	0	2	1	0										5
7	ZD38RO			0	1	2	0	2	2	0										7
7	ZD41CR			0	1	2	2	1	0	0										6
7	ZD41DO			1	1	2	2	1	0	0										7
7	ZD56GR			0	0	0	1	1	1	0										3
7	ZD56RO			0	0	0	0	1	0	0										1
7	ZD61HF			0	1	0	2	0	0	0										3
7	ZD61NE			0	0	0	0	0	1	0										1
7	ZD78RO			0	0	0	0	0	1	0										1
7	ZD91CA			0	2	0	0	0	0	0										2
7	Totales ZD	0	0	3	15	17	20	33	23	2	0	0	0	0	0	0	0	0	0	113
7	ZF45OR			0	0	2	0	0	0	0										2
7	ZF46HF			0	1	0	1	1	0	0										3
7	ZF51OR			1	1	3	1	0	0	0										6
7	ZF54CF			1	0	0	0	0	0	0										1
7	ZF55LU			0	1	0	0	0	0	0										1
7	ZF58TA			0	1	0	0	0	0	0										1
7	ZF72MA			0	2	0	0	0	0	0										2
7	ZF72RO			0	1	0	0	0	0	0										1
7	ZF91NE			0	0	0	0	1	0	0										1
7	Totales ZF	0	0	2	7	5	2	2	0	0	0	0	0	0	0	0	0	0	0	18
7	ZG06RO			0	0	0	0	0	1	0										1
7	ZG09CA			0	0	0	1	0	0	0										1
7	ZG09WB			1	0	0	0	0	0	0										1
7	ZG10NE			1	0	0	0	0	0	0										1
7	ZG11CA			0	1	1	3	0	0	0										5
7	ZG11MB			1	0	4	0	0	1	0										6
7	ZG11NE			0	2	0	0	0	0	0										2
7	ZG13RR			0	2	0	1	0	0	0										3
7	ZG17CA			1	5	1	0	0	0	0										7
7	ZG17NE			0	1	0	0	0	0	0										1
7	ZG17RO			0	0	0	1	1	0	0										2
7	ZG18AZ			0	1	0	0	0	0	0										1
7	ZG18RO			0	0	2	0	0	0	0										2
7	ZG19CA			0	0	0	0	0	1	0										1
7	ZG20LU			0	0	0	0	2	1	0										3
7	ZG20MI			0	2	2	2	1	5	0										12
7	ZG20NE			0	2	0	1	0	1	0										4
7	ZG22AZ			0	3	0	1	0	0	0										4
7	ZG23AZ			0	0	1	0	0	1	1										3
7	ZG23BG			0	2	1	0	1	1	0										5
7	ZG23NE			1	0	0	0	1	1	0										3
7	ZG24NE			0	1	1	0	1	0	0										3
7	ZG24SR			1	1	0	1	1	0	0										4
7	ZG25AS			0	2	0	0	0	1	0										3
7	ZG25NE			0	0	1	1	0	1	0										3
7	ZG25OX			0	0	0	1	1	0	0										2
7	ZG26VI			0	1	1	0	1	0	0										3
7	ZG42SA			0	0	0	2	4	2	0										8
7	ZG70WB			0	0	0	1	0	2	0										3
7	ZG74MI			0	0	1	3	2	3	0										9
7	ZG74NE			0	0	0	0	0	1	0										1
7	Totales ZG	0	0	6	26	16	19	16	23	1	0	0	0	0	0	0	0	0	0	107
7	ZJ01MB			0	1	0	0	0	1	0										2
7	ZJ01RN			0	1	0	1	0	0	0										2
7	ZJ02RN			0	1	1	0	0	0	0										2
7	ZJ07MB			0	0	0	0	1	0	0										1
7	ZJ09CF			0	1	0	1	1	0	0										3
7	ZJ09RN			0	1	1	1	1	1	0										5
7	ZJ15MI			0	1	0	0	0	1	0										2
7	ZJ15NE			0	0	0	1	1	0	0										2
7	ZJ16BR			0	1	0	0	1	0	0										2
7	ZJ17MB			0	0	1	0	1	0	0										2
7	ZJ18AZ			0	1	0	1	0	0	0										2
7	ZJ18CF			0	0	0	0	0	1	0										1
7	ZJ20BR			1	1	0	0	0	0	2										4
7	ZJ30FS			0	1	0	0	0	0	0										1
7	ZJ30TU			0	0	0	0	0	0	1										1
7	ZJ32BR			0	1	1	0	1	0	0										3
7	ZJ32DO			0	1	1	0	0	0	0										2
7	ZJ34CR			0	1	1	1	1	0	0										4
7	ZJ35MI			0	1	0	0	1	1	0										3
7	ZJ42RN			0	1	1	1	1	0	0										4
7	ZJ50PL			0	0	1	1	0	1	0										3
7	Totales ZJ	0	0	1	15	8	8	10	6	3	0	0	0	0	0	0	0	0	0	51
7	ZK30GR			0	2	1	0	0	0	0										3
7	Totales ZK	0	0	0	2	1	0	0	0	0	0	0	0	0	0	0	0	0	0	3
7	ZÑ01HF			0	0	0	0	2	2	0										4
7	ZÑ01MI			0	0	0	0	1	1	0										2
7	ZÑ05NE			0	0	0	0	0	1	0										1
7	Totales ZÑ	0	0	0	0	0	0	3	4	0	0	0	0	0	0	0	0	0	0	7
7	ZO12RN			1	1	1	0	0	0	1										4
7	ZO12WN			1	3	0	0	0	0	0										4
7	ZO14MA			2	0	0	0	0	0	0										2
7	ZO14NE			1	5	0	0	1	1	0										8
7	Totales ZO	0	0	5	9	1	0	1	1	1	0	0	0	0	0	0	0	0	0	18
7	ZP45CF			1	0	0	0	0	0	0										1
7	ZP45NE			1	0	0	0	0	0	0										1
7	ZP63NE			1	0	0	0	0	0	0										1
7	ZP64HF			1	0	0	0	0	0	0										1
7	Totales ZP	0	0	4	0	0	0	0	0	0	0	0	0	0	0	0	0	0	0	4
7	ZQ04BR			0	0	2	1	1	2	0										6
7	ZQ04OR			0	1	2	1	1	0	0										5
7	ZQ07TU			0	0	0	1	0	1	0										2
7	ZQ10AZ			0	1	0	0	0	0	0										1
7	ZQ10BG			0	1	1	0	0	0	0										2
7	ZQ11NE			1	1	0	0	1	0	0										3
7	ZQ11RO			0	0	2	1	1	0	0										4
7	ZQ12RO			0	0	0	0	0	1	0										1
7	ZQ15RO			0	0	1	0	1	0	0										2
7	ZQ24RO			0	1	2	2	1	0	0										6
7	ZQ30BR			1	0	0	0	0	1	0										2
7	ZQ31C*			0	1	1	1	0	0	0										3
7	ZQ37VE			0	1	2	1	1	0	0										5
7	ZQ73BR			0	0	0	1	0	0	0										1
7	Totales ZQ	0	0	2	7	13	9	7	5	0	0	0	0	0	0	0	0	0	0	43
7	ZUA1BR			0	1	0	0	0	0	0										1
7	ZUA1GR			0	1	0	0	0	0	0										1
7	ZUT1VE			0	1	0	0	0	0	0										1
7	ZUT1XO			0	1	0	0	0	1	0										2
7	Totales ZU	0	0	0	4	0	0	0	1	0	0	0	0	0	0	0	0	0	0	5
7	ZV14LU			0	1	1	1	0	0	0										3
7	ZV17AZ			0	1	0	0	0	0	0										1
7	ZV55BR			0	0	0	0	0	1	0										1
7	ZV56BG			1	3	3	2	0	0	0										9
7	ZV58NR			0	0	1	2	1	0	0										4
7	ZV60LU			0	1	2	0	0	1	0										4
7	ZV60RO			0	1	1	1	0	0	0										3
7	ZV61BR			0	0	2	3	1	1	0										7
7	ZV61NE			0	3	3	6	2	1	0										15
7	Totales ZV	0	0	1	10	13	15	4	4	0	0	0	0	0	0	0	0	0	0	47
7	ZW57AZ			0	1	0	0	0	0	0										1
7	ZW57NE			0	0	1	0	0	1	0										2
7	ZW58CA			0	0	0	1	1	0	0										2
7	ZW62NE			0	0	0	0	0	1	0										1
7	ZW93NE			0	1	0	0	0	0	0										1
7	ZW94CF			0	2	0	0	0	0	0										2
7	ZWP1AZ			0	1	3	2	2	1	0										9
7	ZWP1MA			0	1	2	2	2	1	0										8
7	ZWP1NE			0	1	2	2	1	1	0										7
7	ZWP1RO			0	1	1	3	0	1	0										6
7	ZWP1VI			0	1	2	2	1	0	0										6
7	ZWP2BG			0	1	2	2	0	1	0										6
7	ZWP2GR			0	1	2	3	1	1	0										8
7	ZWP2MA			0	1	2	3	2	1	0										9
7	ZWP2NE			0	1	1	3	1	1	0										7
7	Totales ZW	0	0	0	13	18	23	11	10	0	0	0	0	0	0	0	0	0	0	75
7	ZY82MA			0	1	2	0	1	1	0										5
7	Totales ZY	0	0	0	1	2	0	1	1	0	0	0	0	0	0	0	0	0	0	5
7	CREMA**	40																		40
7	CREMAES	1																		1
7	CREMAMA	2																		2
7	CREMARO	1																		1
7	CREMASP	1																		1
7	CREMAUV	1																		1
7	CREMAXO	2																		2
7	Totales CR	48	0	0	0	0	0	0	0	0	0	0	0	0	0	0	0	0	0	48
7	O321NE	1																		1
7	O322NE	1																		1
7	O3B2AZ	2																		2
7	O3C1AZ	1																		1
7	O3C1MI	1																		1
7	Totales O3	6	0	0	0	0	0	0	0	0	0	0	0	0	0	0	0	0	0	6
7	OEC1NR	1																		1
7	OEL1RO	1																		1
7	OEM1NR	1																		1
7	OEM1R1	1																		1
7	Totales OE	4	0	0	0	0	0	0	0	0	0	0	0	0	0	0	0	0	0	4
7	OFC1AZ	1																		1
7	Totales OF	1	0	0	0	0	0	0	0	0	0	0	0	0	0	0	0	0	0	1
7	OG12NE	1																		1
7	OG20MI	1																		1
7	Totales OG	2	0	0	0	0	0	0	0	0	0	0	0	0	0	0	0	0	0	2
7	OHB1UV	2																		2
7	OHL1UV	2																		2
7	Totales OH	4	0	0	0	0	0	0	0	0	0	0	0	0	0	0	0	0	0	4
7	OI69HF	1																		1
7	Totales OI	1	0	0	0	0	0	0	0	0	0	0	0	0	0	0	0	0	0	1
7	OK01RO	1																		1
7	OK02HF	1																		1
7	OKB1AL	1																		1
7	OKB1RS	1																		1
7	OKB3RO	1																		1
7	OKC1AL	2																		2
7	OKL1AL	1																		1
7	OKL1RS	1																		1
7	OKL2RO	1																		1
7	OKL2XO	1																		1
7	OKP2XO	1																		1
7	OKT1AL	1																		1
7	Totales OK	13	0	0	0	0	0	0	0	0	0	0	0	0	0	0	0	0	0	13
7	OMB6VE	2																		2
7	OMC5FS	1																		1
7	OMC5VE	1																		1
7	OMC7XO	3																		3
7	OMM4VE	2																		2
7	Totales OM	9	0	0	0	0	0	0	0	0	0	0	0	0	0	0	0	0	0	9
7	ON23MB	1																		1
7	Totales ON	1	0	0	0	0	0	0	0	0	0	0	0	0	0	0	0	0	0	1
7	OO24NE	1																		1
7	OO27CF	3																		3
7	OO27PL	3																		3
7	OOP1SR	1																		1
7	Totales OO	8	0	0	0	0	0	0	0	0	0	0	0	0	0	0	0	0	0	8
7	OQB1CF	2																		2
7	Totales OQ	2	0	0	0	0	0	0	0	0	0	0	0	0	0	0	0	0	0	2
7	OS51RO	1																		1
7	Totales OS	1	0	0	0	0	0	0	0	0	0	0	0	0	0	0	0	0	0	1
7	OT23NE	1																		1
7	OT42NE	2																		2
7	OT46NE	1																		1
7	OT49HF	1																		1
7	OT58FS	1																		1
7	OT58MB	2																		2
7	OT58NE	2																		2
7	OT61MB	1																		1
7	OT64RO	1																		1
7	OT66HF	2																		2
7	OT75BG	1																		1
7	OTC1MB	1																		1
7	OTC1VE	1																		1
7	OTC2NE	1																		1
7	OTC3NE	1																		1
7	OTC4RS	1																		1
7	OTC5RS	3																		3
7	OTC6MB	1																		1
7	OTL7NE	1																		1
7	OTM3BG	1																		1
7	OTP0HF	1																		1
7	OTP0NE	2																		2
7	OTP1HF	3																		3
7	OTP1MB	1																		1
7	OTP1NE	4																		4
7	OTP2**	2																		2
7	OTP2MB	4																		4
7	OTP2NE	5																		5
7	OTP2RO	1																		1
7	OTP5NE	1																		1
7	OTP7NE	1																		1
7	OTP8**	1																		1
7	OTT1AZ	1																		1
7	OTT1MB	1																		1
7	Totales OT	54	0	0	0	0	0	0	0	0	0	0	0	0	0	0	0	0	0	54
7	OU12AL	4																		4
7	OU19NE	1																		1
7	OUB2NE	1																		1
7	Totales OU	6	0	0	0	0	0	0	0	0	0	0	0	0	0	0	0	0	0	6
7	OV01HF	1																		1
7	OV09AZ	1																		1
7	OVB3HF	1																		1
7	OVB8MB	2																		2
7	OVB8NE	1																		1
7	OVB9MB	2																		2
7	OVB9NE	2																		2
7	OVC5C*	2																		2
7	OVC5HF	1																		1
7	OVC5NE	1																		1
7	OVC5RO	1																		1
7	OVM1VE	1																		1
7	OVM4NE	2																		2
7	Totales OV	18	0	0	0	0	0	0	0	0	0	0	0	0	0	0	0	0	0	18
7	OY01NR	3																		3
7	Totales OY	3	0	0	0	0	0	0	0	0	0	0	0	0	0	0	0	0	0	3
7	OZ67GR	1																		1
7	OZB1AZ	1																		1
7	OZB1MB	1																		1
7	OZB1RO	2																		2
7	OZB2TA	1																		1
7	OZC1GR	2																		2
7	OZC1RO	1																		1
7	OZC2NE	2																		2
7	OZC2NR	2																		2
7	OZC2RO	1																		1
7	OZC3MB	1																		1
7	OZC3NE	3																		3
7	OZC3RO	4																		4
7	OZM1GR	3																		3
7	OZM2**	3																		3
7	OZM2BR	1																		1
7	OZM2GR	4																		4
7	OZM2RO	1																		1
7	OZM3HF	2																		2
7	OZM3NE	1																		1
7	OZM4AZ	1																		1
7	OZM4VE	2																		2
7	OZP2GR	1																		1
7	OZP3C*	1																		1
7	OZP3NE	3																		3
7	OZP3RO	2																		2
7	OZP3TA	1																		1
7	OZP5RO	2																		2
7	OZP5TA	1																		1
7	Totales OZ	51	0	0	0	0	0	0	0	0	0	0	0	0	0	0	0	0	0	51
7	TARJETA	17																		17
7	Totales TA	17	0	0	0	0	0	0	0	0	0	0	0	0	0	0	0	0	0	17
7	ZI56CN	1																		1
7	ZI56HF	4																		4
7	ZI56NE	3																		3
7	ZI59AZ	1																		1
7	ZIC8AZ	1																		1
7	Totales ZI	10	0	0	0	0	0	0	0	0	0	0	0	0	0	0	0	0	0	10
7	ZM59AZ	1																		1
7	Totales ZM	1	0	0	0	0	0	0	0	0	0	0	0	0	0	0	0	0	0	1
7	ZS72LU	1																		1
7	ZS73HF	1																		1
7	ZS73NE	2																		2
7	ZS79MI	2																		2
7	ZS90FS	2																		2
7	ZS90VE	2																		2
7	ZS95MI	1																		1
7	Totales ZS	11	0	0	0	0	0	0	0	0	0	0	0	0	0	0	0	0	0	11
7	ZT75BR	1																		1
7	ZT89AL	2																		2
7	ZT93MI	1																		1
7	ZT93NE	1																		1
7	ZT97NE	1																		1
7	ZTM1NE	1																		1
7	ZTM1RM	1																		1
7	Totales ZT	8	0	0	0	0	0	0	0	0	0	0	0	0	0	0	0	0	0	8
7	ZYB1AS	1																		1
7	ZYF2NE	1																		1
7	ZYF2RO	2																		2
7	ZYM1RA	1																		1
7	ZYP1AL	3																		3
7	Totales ZY	8	0	0	0	0	0	0	0	0	0	0	0	0	0	0	0	0	0	8
7	O1C1HF		0	0		0		1		0		0								1
7	Totales O1	0	0	0	0	0	0	1	0	0	0	0	0	0	0	0	0	0	0	1
7	O401HF		0	0		1		0		1		0								2
7	O401TA		0	0		1		0		0		0								1
7	O402MI		0	0		1		0		1		0								2
7	O402VI		0	0		1		0		0		0								1
7	O403HF		0	0		2		0		0		0								2
7	O403WI		0	0		2		0		1		0								3
7	O404HF		0	0		1		0		1		0								2
7	O405CQ		0	0		0		1		0		0								1
7	O406UV		0	0		1		0		1		0								2
7	O407BR		0	0		1		0		1		0								2
7	O407WI		0	0		0		0		1		0								1
7	O408NE		0	0		1		0		1		0								2
7	O408XO		0	0		1		0		1		0								2
7	O409CF		0	0		1		0		1		0								2
7	Totales O4	0	0	0	0	14	0	1	0	10	0	0	0	0	0	0	0	0	0	25
7	OH80MI		0	0		0		0		1		0								1
7	OH80NE		0	0		1		0		1		0								2
7	Totales OH	0	0	0	0	1	0	0	0	2	0	0	0	0	0	0	0	0	0	3
7	OQ02HF		0	0		0		1		0		0								1
7	OQ06NE		0	0		0		0		2		1								3
7	OQ09CF		0	1		1		2		0		0								4
7	Totales OQ	0	0	1	0	1	0	3	0	2	0	1	0	0	0	0	0	0	0	8
7	OUC2MI		0	1		1		1		1		0								4
7	OUC2TA		0	1		0		0		0		0								1
7	Totales OU	0	0	2	0	1	0	1	0	1	0	0	0	0	0	0	0	0	0	5
7	ZE19AL		1	0		0		0		0		0								1
7	ZE25**		1	0		0		0		0		0								1
7	ZE74AL		0	1		1		1		0		0								3
7	ZE74HF		0	2		2		0		1		0								5
7	ZE76AL		0	0		1		0		0		0								1
7	Totales ZE	0	2	3	0	4	0	1	0	1	0	0	0	0	0	0	0	0	0	11
7	ZY97CF		0	0		0		0		2		0								2
7	ZYHHCF		1	0		0		0		0		1								2
7	ZYZZ**		0	0		1		0		0		0								1
7	Totales ZY	0	1	0	0	1	0	0	0	2	0	1	0	0	0	0	0	0	0	5
7	O421N*														1	1	0	0		2
7	O421R*														1	1	0	0		2
7	O422A*														1	1	0	0		2
7	O422C*														1	0	0	0		1
7	O451AZ														0	1	0	0		1
7	O451TA														1	1	0	0		2
7	O452CF														1	0	0	0		1
7	O452NE														1	0	0	0		1
7	Totales O4	0	0	0	0	0	0	0	0	0	0	0	0	0	7	5	0	0	0	12
7	OA06WB														0	1	1	0		2
7	OA09BG														2	0	0	1		3
7	OA11AL														0	0	0	1		1
7	OA27RO														0	0	0	1		1
7	OA30BR														1	0	1	0		2
7	OA30NE														0	1	1	0		2
7	OA31GR														1	2	0	0		3
7	OA31RO														1	0	0	0		1
7	OA32NE			0	0	1	0	1	0	0					0	0	0	0		2
7	OA32VE														1	2	1	0		4
7	OA58HF														1	0	0	2		3
7	OA58NE														0	0	0	1		1
7	OA75CF														0	0	0	1		1
7	OA82AS														1	1	0	0		2
7	Totales OA	0	0	0	0	1	0	1	0	0	0	0	0	0	8	7	4	7	0	28
7	OD01NE														0	0	0	1		1
7	OD02CQ														1	0	0	1		2
7	OD02LU														1	0	0	1		2
7	OD04RO														0	1	0	0		1
7	OD05NE														0	0	0	1		1
7	OD07HF														1	0	0	1		2
7	Totales OD	0	0	0	0	0	0	0	0	0	0	0	0	0	3	1	0	5	0	9
7	OP38MI														2	1	0	0		3
7	OP40RO														0	1	0	0		1
7	OP96UV														1	0	0	0		1
7	Totales OP	0	0	0	0	0	0	0	0	0	0	0	0	0	3	2	0	0	0	5
7	OQ01LU														0	1	1	0		2
7	OQ01NE														1	0	1	0		2
7	OQ04MI														1	0	1	0		2
7	OQ04NE														0	0	1	0		1
7	OQ05CF														2	0	1	1		4
7	OQ05HF														0	1	0	0		1
7	Totales OQ	0	0	0	0	0	0	0	0	0	0	0	0	0	4	2	5	1	0	12
7	OV02CN														0	0	1	0		1
7	Totales OV	0	0	0	0	0	0	0	0	0	0	0	0	0	0	0	1	0	0	1
7	ZE75NE														0	1	0	0		1
7	Totales ZE	0	0	0	0	0	0	0	0	0	0	0	0	0	0	1	0	0	0	1
7	ZI47HF														0	1	0	1		2
7	Total	287	3	158	599	517	289	340	351	193	33	50	19	1	25	19	10	14	0	2908
6	0D18JL					0	1	1	1	1	2	1	1	0					0	8
6	0D58RC					0	1	1	0	2	2	1	1	0					0	8
6	0D70EB					0	0	1	1	1	0	1	0	0					0	4
6	0D70N8					0	0	1	1	2	1	1	0	0					0	6
6	Totales 0D	0	0	0	0	0	2	4	3	6	5	4	2	0	0	0	0	0	0	26
6	3B02XG					0	0	1	0	0	0	0	0	0						1
6	3B15TN					0	0	0	0	0	0	3	0	0						3
6	3B15XJ					0	0	0	0	0	0	0	1	0						1
6	3B15XN					0	1	0	0	2	2	1	1	0						7
6	3B22XN					0	0	1	1	1	1	1	1	0					0	6
6	3B26TL					0	0	1	1	2	1	1	1	0						7
6	3B26TN					0	0	0	1	1	1	1	1	0						5
6	3B28TJ					0	1	0	0	2	2	1	1	0						7
6	3B28TN					0	0	0	1	2	0	0	0	0						3
6	3B49XC					0	0	0	0	0	0	1	1	0						2
6	3B49XN					0	0	1	0	0	1	2	0	0						4
6	3B95XN					0	0	1	3	1	1	1	0	0					0	7
6	Totales 3B	0	0	0	0	0	2	5	7	11	9	12	7	0	0	0	0	0	0	53
6	4H16XO					0	0	1	0	2	1	1	0	0					0	5
6	4H62XC					0	0	0	1	1	2	1	0	0					0	5
6	4H62XN					0	0	0	0	2	0	1	0	0					0	3
6	4H65XC					0	0	0	0	1	0	0	0	0					0	1
6	4H65XN					0	0	0	1	0	0	1	1	0					0	3
6	4H66XJ					0	1	1	2	3	2	1	0	0					0	10
6	4H72XM					0	0	1	0	2	0	1	1	0					0	5
6	4H72XN					0	1	0	1	2	2	1	0	0					0	7
6	4H77XN					0	0	0	0	2	1	2	1	0					0	6
6	4H89XN					0	0	0	1	0	0	1	0	0					0	2
6	4H96XN					0	0	0	1	0	0	1	0	0					0	2
6	4H97IA					0	0	2	2	2	1	1	1	0					0	9
6	4H97XN					0	0	1	0	1	0	0	0	0					0	2
6	4H98XJ					0	1	1	0	2	2	1	1	0					0	8
6	4H98XN					0	1	1	1	2	1	1	1	0					0	8
6	Totales 4H	0	0	0	0	0	4	8	10	22	12	14	6	0	0	0	0	0	0	76
6	6F03TJ					0	0	0	0	0	0	1	0	0						1
6	6F03TM					0	1	1	1	1	1	1	1	0						7
6	6F17TJ					0	0	0	0	0	1	0	0	0						1
6	6F17TM					0	0	0	1	0	0	1	0	0						2
6	6F24TJ					0	0	1	1	1	0	1	0	0						4
6	6F24TN					0	0	2	2	2	0	1	1	0						8
6	6F34TJ					0	0	0	0	2	0	1	0	0					0	3
6	6F34TN					0	1	0	0	2	2	0	1	0					0	6
6	6F39TJ					0	0	0	0	1	0	0	0	0						1
6	6F39TN					0	0	1	0	1	0	1	0	0						3
6	6F50TJ					0	0	1	1	1	2	1	1	0					0	7
6	6F50TN					0	0	1	1	2	2	0	1	0						7
6	6F67TL					0	1	0	1	0	1	1	1	0						5
6	6F67TN					0	0	1	0	1	1	1	1	0						5
6	Totales 6F	0	0	0	0	0	3	8	8	14	10	10	7	0	0	0	0	0	0	60
6	7M41XM					0	0	0	0	0	0	1	1	0						2
6	7M53XN					0	0	0	0	1	0	2	1	0					0	4
6	Totales 7M	0	0	0	0	0	0	0	0	1	0	3	2	0	0	0	0	0	0	6
6	8D25M8					0	1	0	0	0	0	0	0	0					0	1
6	8D37TN					0	0	0	0	0	1	0	0	0						1
6	Totales 8D	0	0	0	0	0	1	0	0	0	1	0	0	0	0	0	0	0	0	2
6	9H16XN					0	0	0	0	0	0	1	0	0						1
6	9H83XN					0	0	0	0	0	0	2	0	0						2
6	Totales 9H	0	0	0	0	0	0	0	0	0	0	3	0	0	0	0	0	0	0	3
6	BH40XC					0	0	0	1	0	0	1	1	0					0	3
6	BH40XN					0	0	0	0	0	1	1	0	0					0	2
6	BH74IA					0	0	1	2	2	1	1	1	0					0	8
6	BH74XC					0	0	1	0	1	0	0	0	0					0	2
6	BH74XN					0	1	0	0	2	0	1	0	0					0	4
6	Totales BH	0	0	0	0	0	1	2	3	5	2	4	2	0	0	0	0	0	0	19
6	BJ51XM					0	0	0	1	0	1	1	0	0						3
6	BJ82XM					0	0	0	1	2	0	1	1	0						5
6	Totales BJ	0	0	0	0	0	0	0	2	2	1	2	1	0	0	0	0	0	0	8
6	M401S7					0	0	0	0	0	1	0	0	0					0	1
6	M411ZC					0	0	1	1	2	2	0	1	0					0	7
6	M412J7					0	1	0	1	1	1	1	2	0					0	7
6	Totales M4	0	0	0	0	0	1	1	2	3	4	1	3	0	0	0	0	0	0	15
6	OU70CF					0	0	2	1	1	0	2	1	0					0	7
6	OU70NE					0	0	0	1	1	1	1	1	0					0	5
6	OU71CF					0	0	1	1	2	0	1	1	0					0	6
6	OU71NE					0	0	1	1	2	0	1	1	0					0	6
6	OU72AZ					0	0	0	2	1	1	1	1	0					0	6
6	OU72TA					0	0	0	2	0	0	1	1	0					0	4
6	Totales OU	0	0	0	0	0	0	4	8	7	2	7	6	0	0	0	0	0	0	34
6	R033XO					0	0	0	1	2	0	1	0	0						4
6	Totales R0	0	0	0	0	0	0	0	1	2	0	1	0	0	0	0	0	0	0	4
6	R606XO					0	0	0	0	0	1	0	0	0						1
6	R622OR					0	0	1	1	2	1	1	1	0						7
6	R638XM					0	1	0	0	2	1	1	0	0						5
6	R638XO					0	1	1	1	2	0	1	1	0						7
6	Totales R6	0	0	0	0	0	2	2	2	6	3	3	2	0	0	0	0	0	0	20
6	R765XO					0	0	1	1	1	1	1	1	0						6
6	R766XO					0	0	1	1	1	2	0	1	0						6
6	R767XO					0	0	0	0	0	0	1	0	0						1
6	Totales R7	0	0	0	0	0	0	2	2	2	3	2	2	0	0	0	0	0	0	13
6	Z351XM					0	0	1	1	2	1	1	0	0					0	6
6	Z351XN					0	0	1	0	2	1	1	0	0					0	5
6	Z352XC					0	0	0	2	2	1	1	0	0					0	6
6	Z352XN					0	0	1	1	2	0	1	0	0					0	5
6	Z353XC					0	1	1	2	2	1	1	0	0					0	8
6	Z354XM					0	1	1	2	1	1	1	0	0					0	7
6	Z354XN					0	0	0	0	2	1	1	0	0					0	4
6	Z355XC					0	0	0	2	1	1	1	1	0					0	6
6	Z355XN					0	0	0	1	2	1	0	0	0					0	4
6	Z356XC					0	0	1	0	2	0	0	0	0					0	3
6	Z356XN					0	0	1	0	1	1	1	1	0					0	5
6	Z357XM					0	0	1	0	1	0	1	0	0					0	3
6	Z357XN					0	1	0	1	1	0	0	0	0					0	3
6	Totales Z3	0	0	0	0	0	3	8	12	21	9	10	2	0	0	0	0	0	0	65
6	Z801MI					0	0	0	0	0	0	0	1	0						1
6	Totales Z8	0	0	0	0	0	0	0	0	0	0	0	1	0	0	0	0	0	0	1
6	Z902HF					0	1	1	3	2	0	0	0	0						7
6	Z904NE					0	0	0	0	1	0	0	0	0						1
6	Totales Z9	0	0	0	0	0	1	1	3	3	0	0	0	0	0	0	0	0	0	8
6	ZN70UV					0	0	0	0	0	1	1	0	0						2
6	ZN82NE					0	1	1	2	0	1	1	0	0					0	6
6	ZN82UV					0	0	0	1	1	1	0	1	0					0	4
6	ZN85NE					0	0	0	0	0	1	0	0	0						1
6	ZN92MA					0	0	1	0	3	1	2	2	0					0	9
6	ZN92NE					0	0	0	1	1	0	1	0	0					0	3
6	Totales ZN	0	0	0	0	0	1	2	4	5	5	5	3	0	0	0	0	0	0	25
6	ZO71XM					0	1	1	2	2	1	1	1	0					0	9
6	ZO72MB					0	0	0	0	0	0	0	1	0						1
6	ZO72XN					0	0	0	1	2	1	1	1	0						6
6	ZO72XO					0	0	0	0	1	0	1	0	0						2
6	ZO74XM					0	1	1	2	2	1	1	1	0					0	9
6	ZO74XN					0	1	1	2	2	1	1	1	0					0	9
6	ZO79MB					0	1	1	0	1	1	0	1	0						5
6	ZO79MI					0	0	0	0	1	0	0	0	0						1
6	ZO79NE					0	1	1	0	0	0	0	0	0						2
6	Totales ZO	0	0	0	0	0	5	5	7	11	5	5	6	0	0	0	0	0	0	44
6	ZR51MA					0	0	0	1	0	0	1	0	0					0	2
6	ZR52GR					0	0	0	0	0	1	0	1	0					0	2
6	ZR52MI					0	0	1	0	0	0	0	0	0					0	1
6	ZR53DO					0	0	0	0	0	0	1	0	0					0	1
6	ZR53XO					0	0	0	0	0	1	0	1	0					0	2
6	ZR54AZ					0	0	1	1	1	0	0	0	0					0	3
6	ZR54CF					0	1	1	0	0	0	1	0	0					0	3
6	ZR55MB					0	0	0	0	0	0	0	1	0					0	1
6	ZR56AZ					0	0	0	2	1	0	1	0	0					0	4
6	ZR56CF					0	0	1	0	0	1	1	1	0					0	4
6	ZR57MI					0	0	0	1	0	1	0	0	0					0	2
6	ZR59NN					0	1	1	1	2	1	1	1	0					0	8
6	ZR59NT					0	0	0	2	0	1	1	1	0					0	5
6	Totales ZR	0	0	0	0	0	2	5	8	4	6	7	6	0	0	0	0	0	0	38
6	A703NA			0	0	0	0	1	0	0										1
6	A703NV			0	1	1	0	0	0	1										3
6	A714MD			0	0	1	0	1	1	0										3
6	A714RN			0	1	2	1	1	1	0										6
6	A71AN*			1	0	2	0	1	0	1										5
6	A71AV*			0	1	2	0	0	0	0										3
6	A738NV			1	1	3	0	0	0	2										7
6	A75PC7			0	1	0	1	1	1	0										4
6	A75PV7			1	0	0	0	0	1	1										3
6	Totales A7	0	0	3	5	11	2	5	4	5	0	0	0	0	0	0	0	0	0	35
6	BY35RM			1	1	1	2	1	1	1										8
6	BY35RN			0	1	3	1	1	1	1										8
6	BY39RM			1	1	2	1	0	1	1										7
6	BY39RN			1	0	2	2	0	1	1										7
6	BY50MN			1	0	0	0	0	1	1										3
6	BY50NX			1	1	2	2	0	1	1										8
6	BY68RN			0	1	0	0	0	0	0										1
6	BY68XN			1	0	0	0	0	0	0										1
6	Totales BY	0	0	6	5	10	8	2	6	6	0	0	0	0	0	0	0	0	0	43
6	CG0AMB			0	0	1	1	0	0	1										3
6	CG0ARN			1	1	2	2	1	0	1										8
6	CG26EL			0	1	1	0	0	0	0										2
6	CG26RN			0	0	2	0	0	0	0										2
6	CG28LA			2	2	1	1	1	2	1										10
6	CG28RN			1	1	1	2	1	1	1										8
6	CG58SN			1	0	0	2	0	1	0										4
6	CG58SR			1	1	2	1	0	1	1										7
6	CG9XIP			0	1	1	1	0	0	0										3
6	CG9XRC			1	0	0	1	1	0	0										3
6	CG9XRN			1	1	2	2	1	1	1										9
6	Totales CG	0	0	8	8	13	13	5	6	6	0	0	0	0	0	0	0	0	0	59
6	DZ15RC			0	1	0	0	0	0	1										2
6	DZ15RN			0	0	0	0	0	1	1										2
6	Totales DZ	0	0	0	1	0	0	0	1	2	0	0	0	0	0	0	0	0	0	4
6	E466T8			0	0	1	2	1	1	0										5
6	Totales E4	0	0	0	0	1	2	1	1	0	0	0	0	0	0	0	0	0	0	5
6	EO44IA			1	1	2	2	1	1	1										9
6	EO44RN			1	0	1	2	1	1	1										7
6	EO46RN			0	0	0	2	1	2	1										6
6	EO46SR			1	1	1	0	1	0	0										4
6	EO73IA			0	0	0	0	0	0	1										1
6	EO73RN			1	1	2	1	0	0	1										6
6	EO83NS			0	1	2	1	0	0	0										4
6	EO85EL			0	1	1	2	1	1	0										6
6	Totales EO	0	0	4	5	9	10	5	5	5	0	0	0	0	0	0	0	0	0	43
6	FB4EB8			0	0	0	0	0	1	0										1
6	FB4EN8			0	1	0	0	0	1	0										2
6	FB4XN5			0	0	1	0	0	1	1										3
6	FB4XP1			1	1	2	1	1	0	0										6
6	FB4XVI			0	1	1	1	1	1	0										5
6	FB78MB			0	1	1	0	0	0	0										2
6	FB78RN			0	0	0	0	0	1	0										1
6	FB82IP			1	2	3	2	3	1	2										14
6	FB82OX			2	1	0	0	0	0	0										3
6	FB82X0			1	1	1	2	0	0	1										6
6	FB84OX			0	1	0	1	0	1	0										3
6	FB84VI			0	0	0	0	0	2	0										2
6	Totales FB	0	0	5	9	9	7	5	9	4	0	0	0	0	0	0	0	0	0	48
6	G714TO			1	1	2	1	1	1	0										7
6	G722CE			1	1	2	2	1	1	1										9
6	G722EY			1	1	1	2	0	1	0										6
6	G722MN			1	1	2	0	1	0	1										6
6	Totales G7	0	0	4	4	7	5	3	3	2	0	0	0	0	0	0	0	0	0	28
6	IX19GB			0	0	1	1	2	1	0										5
6	IX19ND			0	1	1	1	0	1	0										4
6	IX24RM			0	1	2	2	2	1	0										8
6	IX25EL			0	0	0	2	0	0	1										3
6	IX25GR			0	1	0	0	0	0	0										1
6	IX5WNI			0	1	0	1	0	0	1										3
6	IX5WOX			0	1	1	0	0	0	0										2
6	IX5WRN			0	0	3	2	0	0	0										5
6	IX6ERM			0	1	0	1	0	0	0										2
6	IX6ERN			0	1	1	0	0	0	0										2
6	IX7DCR			1	1	1	2	0	0	0										5
6	Totales IX	0	0	1	8	10	12	4	3	2	0	0	0	0	0	0	0	0	0	40
6	K233RC			0	1	1	0	0	0	0										2
6	Totales K2	0	0	0	1	1	0	0	0	0	0	0	0	0	0	0	0	0	0	2
6	LP01*N			0	1	1	1	1	0	1										5
6	LP01CR			1	1	0	1	0	0	1										4
6	LP01D1			2	1	1	2	1	1	1										9
6	LP01DO			0	0	0	0	1	1	0										2
6	LP01RN			0	1	1	1	0	1	1										5
6	LP01T5			0	0	0	0	0	1	1										2
6	LP09CR			0	1	2	2	1	1	0										7
6	LP09VI			0	1	0	0	0	0	0										1
6	LP0CIA			1	1	2	2	1	0	1										8
6	LP0CRC			1	1	3	3	0	1	0										9
6	LP0CRN			1	0	2	0	0	0	0										3
6	LP0EA2			0	0	0	1	0	0	0										1
6	LP0EN2			0	0	2	2	0	1	2										7
6	LP0MBR			1	1	1	0	0	1	0										4
6	LP0MCR			1	0	0	0	0	0	0										1
6	LP0MRN			1	1	0	2	1	0	1										6
6	LP0PR1			0	0	0	0	0	1	0										1
6	LP0WEB			0	2	2	0	0	0	0										4
6	LP1CBR			0	0	0	0	0	1	1										2
6	LP1CM8			0	1	0	0	0	0	1										2
6	LP1CRN			0	1	0	0	0	1	0										2
6	LP1DR1			1	1	2	2	0	1	0										7
6	LP1NRM			0	0	0	0	0	0	1										1
6	LP1NRN			0	0	0	1	1	1	1										4
6	LP1NSR			1	1	0	0	0	1	1										4
6	LP1XXN			0	1	1	2	1	1	1										7
6	LP29RN			0	0	0	1	0	0	2										3
6	LP29SN			1	1	0	0	0	0	0										2
6	LP3PEB			0	1	0	0	1	0	0										2
6	LP3PRM			0	0	2	2	1	1	0										6
6	LP3PRN			1	1	2	2	1	1	0										8
6	LP62RN			1	0	0	0	0	0	0										1
6	LP6WRC			1	0	1	1	0	1	0										4
6	LP6WRN			1	1	2	1	0	1	1										7
6	LP71OX			0	0	0	0	0	1	1										2
6	LP71PL			0	0	0	0	0	1	0										1
6	LP74RC			0	1	1	0	0	0	0										2
6	LP74RN			0	2	0	0	0	0	0										2
6	LP8PRM			0	1	2	1	0	1	0										5
6	LP8PRN			1	0	0	0	0	0	0										1
6	LP91RC			0	1	2	2	1	1	0										7
6	Totales LP	0	0	17	26	32	32	12	23	19	0	0	0	0	0	0	0	0	0	161
6	MQ07BN			0	0	0	0	1	0	0										1
6	Totales MQ	0	0	0	0	0	0	1	0	0	0	0	0	0	0	0	0	0	0	1
6	NU3MM8			0	1	0	1	0	0	0										2
6	NU3MN8			0	0	0	1	0	0	0										1
6	Totales NU	0	0	0	1	0	2	0	0	0	0	0	0	0	0	0	0	0	0	3
6	P62DRM			0	2	0	1	0	0	0										3
6	P62DRN			0	2	1	0	0	1	0										4
6	P644RN			1	1	0	0	0	0	1										3
6	P646RN			0	1	3	0	0	1	0										5
6	P673GR			0	1	0	0	0	1	1										3
6	P679RC			0	0	1	1	0	0	0										2
6	P679RN			0	0	0	0	0	1	1										2
6	P686RM			0	0	0	0	0	0	1										1
6	P686RN			0	1	0	0	0	0	0										1
6	Totales P6	0	0	1	8	5	2	0	4	4	0	0	0	0	0	0	0	0	0	24
6	QR1PCD			0	1	0	0	1	0	1										3
6	QR1PNI			0	1	0	0	0	0	1										2
6	QR1PPL			0	1	1	1	0	1	0										4
6	QR2ABN			0	0	2	2	1	1	0										6
6	QR2PRC			0	1	1	1	2	0	1										6
6	QR2PRN			1	1	0	1	0	0	0										3
6	QR2WIA			0	1	1	0	0	1	0										3
6	QR2WRN			1	1	1	1	0	1	0										5
6	QR3RN3			2	0	0	0	1	0	0										3
6	Totales QR	0	0	4	7	6	6	5	4	3	0	0	0	0	0	0	0	0	0	35
6	R214CF			0	1	0	1	1	1	0										4
6	R214SN			0	0	3	1	0	1	0										5
6	R214SR			1	1	0	0	1	0	0										3
6	R214XO			0	0	0	1	0	0	1										2
6	Totales R2	0	0	1	2	3	3	2	2	1	0	0	0	0	0	0	0	0	0	14
6	R480RO			0	1	2	0	0	1	1										5
6	R480VE			1	0	2	1	0	0	0										4
6	Totales R4	0	0	1	1	4	1	0	1	1	0	0	0	0	0	0	0	0	0	9
6	RA03NE			1	0	2	2	1	1	0										7
6	RA03RM			0	1	2	2	1	1	0										7
6	RA05NR			0	0	1	0	0	0	0										1
6	RA05RM			0	0	1	0	0	0	1										2
6	RA05RO			0	0	1	0	0	1	0										2
6	RA07NE			0	0	2	1	1	0	0										4
6	RA07RO			0	2	1	2	1	1	1										8
6	RA07XO			0	1	2	2	1	0	0										6
6	RA15NE			0	2	0	0	0	1	0										3
6	RA15XO			0	1	0	0	0	0	0										1
6	RA21GR			0	1	1	1	1	1	0										5
6	RA21RO			0	1	1	1	2	0	0										5
6	RA47BR			0	0	1	1	0	1	0										3
6	RA47XO			2	1	2	0	1	1	1										8
6	RA90XM			0	1	1	2	0	0	1										5
6	RA90XO			1	0	0	2	0	0	1										4
6	RA91RO			0	1	0	0	0	0	0										1
6	RA94NE			1	1	2	2	1	1	0										8
6	RA94XO			1	1	2	1	1	1	1										8
6	RA95NE			0	1	1	0	0	0	0										2
6	RA95RO			0	1	1	2	0	0	0										4
6	RA95XO			0	1	0	0	1	1	0										3
6	RA96NE			1	0	1	0	0	0	0										2
6	RA96RO			1	0	1	0	0	1	0										3
6	RA96XO			0	1	2	0	1	0	1										5
6	RA98MI			0	0	1	0	2	1	0										4
6	RA98NE			0	2	0	2	0	0	0										4
6	RA98RO			0	1	1	0	3	0	1										6
6	RA98XO			0	0	1	2	1	1	0										5
6	Totales RA	0	0	8	21	31	25	19	14	8	0	0	0	0	0	0	0	0	0	126
6	RB45AN			1	2	1	3	1	2	0										10
6	RB45SN			0	1	1	0	0	0	0										2
6	Totales RB	0	0	1	3	2	3	1	2	0	0	0	0	0	0	0	0	0	0	12
6	RC30MA			0	1	2	2	1	1	0										7
6	RC30NE			0	1	1	1	1	0	0										4
6	RC30RO			0	0	2	2	1	0	0										5
6	RC35AZ			0	0	1	0	1	1	0										3
6	RC35NE			1	0	1	1	0	0	1										4
6	RC36NR			0	0	2	0	0	0	0										2
6	Totales RC	0	0	1	2	9	6	4	2	1	0	0	0	0	0	0	0	0	0	25
6	RD68NE			0	1	0	0	1	0	0										2
6	RD68XO			0	2	0	0	0	0	0										2
6	Totales RD	0	0	0	3	0	0	1	0	0	0	0	0	0	0	0	0	0	0	4
6	RG59CF			0	0	2	1	0	0	0										3
6	RG59MI			0	0	0	2	1	1	1										5
6	RG59NE			0	1	0	2	1	1	1										6
6	RG67NE			0	0	2	0	0	0	0										2
6	RG67XO			0	1	2	1	1	0	0										5
6	RG70AZ			1	1	1	0	0	1	0										4
6	RG70LU			0	1	2	1	0	1	0										5
6	RG88NE			1	3	4	4	3	2	1										18
6	RG88RO			1	1	0	0	0	0	0										2
6	Totales RG	0	0	3	8	13	11	6	6	3	0	0	0	0	0	0	0	0	0	50
6	RS00CR			0	0	0	0	1	1	1										3
6	RS00RN			0	0	1	1	1	1	1										5
6	RS06MB			0	0	0	0	1	1	0										2
6	RS06RN			0	0	0	0	2	1	0										3
6	RS0X*C			0	0	0	1	0	0	0										1
6	RS0XIA			1	1	2	1	0	1	0										6
6	RS0XRN			1	1	0	3	0	1	1										7
6	RS13DO			0	1	0	1	1	0	0										3
6	RS17RN			0	1	2	3	1	2	1										10
6	RS27RC			2	0	0	0	0	0	0										2
6	RS27RN			1	0	0	0	1	0	0										2
6	RS37M3			1	0	2	1	1	0	1										6
6	RS37N3			0	0	0	0	0	0	1										1
6	RS3BBG			0	0	0	0	1	0	0										1
6	RS3BG1			0	1	0	0	0	0	0										1
6	RS3BN1			1	0	0	1	1	1	1										5
6	RS3BR1			0	0	1	0	0	0	0										1
6	RS3NRN			0	0	0	0	0	1	1										2
6	RS3WRC			0	0	0	0	0	1	1										2
6	RS48BR			0	0	0	1	0	0	0										1
6	RS48DO			0	0	0	0	0	0	1										1
6	RS48MB			0	0	0	1	0	1	1										3
6	RS48RN			1	1	2	2	1	1	2										10
6	RS49C1			0	0	1	0	1	1	1										4
6	RS49RN			0	0	1	0	0	1	0										2
6	RS49RS			1	1	0	0	0	1	0										3
6	RS4NML			0	0	0	0	1	0	1										2
6	RS4NRN			2	0	1	1	1	1	1										7
6	RS4NSR			1	0	0	0	0	1	1										3
6	RS57RT			1	0	1	1	0	0	0										3
6	RS57SR			0	0	0	0	0	0	1										1
6	RS5BF5			0	1	0	0	0	0	0										1
6	RS5BN1			0	0	0	1	0	0	1										2
6	RS61L1			1	0	1	1	0	1	1										5
6	RS61ML			0	0	0	0	0	1	0										1
6	RS61N1			1	0	0	0	1	0	1										3
6	RS64OX			1	1	1	2	1	1	0										7
6	RS64RN			1	1	1	1	2	1	1										8
6	RS64SR			1	1	1	0	0	0	0										3
6	RS72PL			1	1	2	0	2	1	1										8
6	RS72RN			1	0	1	1	0	1	1										5
6	RS87LA			1	2	0	0	0	1	1										5
6	RS87RN			1	0	0	1	1	1	0										4
6	RS87TM			1	1	2	1	0	0	0										5
6	RS9YMB			1	0	1	1	1	1	1										6
6	RS9YRN			0	1	1	1	1	1	1										6
6	RS9YSR			0	1	0	2	0	0	1										4
6	Totales RS	0	0	24	17	25	30	24	28	28	0	0	0	0	0	0	0	0	0	176
6	T52BRN			2	2	0	2	1	2	0										9
6	T551IA			0	1	0	0	0	0	0										1
6	T589RC			1	0	2	0	0	1	1										5
6	T589RN			1	0	0	0	0	0	0										1
6	Totales T5	0	0	4	3	2	2	1	3	1	0	0	0	0	0	0	0	0	0	16
6	UN2XLA			0	0	0	0	1	0	1										2
6	UN2XRN			0	1	2	0	0	0	0										3
6	UN3CPD			0	0	0	0	1	1	1										3
6	UN4BG2			0	0	0	0	2	0	1										3
6	UN4CDC			0	0	0	0	0	1	1										2
6	UN6DC2			0	1	1	1	0	1	1										5
6	UN6DN3			1	1	1	1	1	1	1										7
6	Totales UN	0	0	1	3	4	2	5	4	6	0	0	0	0	0	0	0	0	0	25
6	VT1BIA			0	0	0	0	0	0	1										1
6	VT1BMB			0	0	0	0	0	0	1										1
6	VT1BRN			1	0	0	0	0	0	1										2
6	VT4ARM			1	1	0	1	1	0	1										5
6	VT4ARN			1	0	1	0	0	0	0										2
6	VT4ASR			0	1	0	1	0	0	0										2
6	VT6AIA			0	1	1	0	1	1	0										4
6	VT6ARM			0	1	0	0	0	0	0										1
6	VT6ARN			1	1	1	2	1	0	1										7
6	VT7R05			0	0	0	0	0	1	1										2
6	VT7RN3			0	1	1	0	1	0	0										3
6	VT8EMB			0	0	0	0	0	0	1										1
6	VT8EOX			1	1	0	2	0	1	2										7
6	VT8ERN			1	0	2	1	1	1	1										7
6	VT8ESR			1	0	0	0	0	0	1										2
6	VT94BR			1	1	2	2	1	1	1										9
6	VT94RC			1	0	3	1	1	1	0										7
6	VT94RN			3	1	2	0	1	1	1										9
6	VT97BG			1	1	0	1	0	0	1										4
6	VT97D5			0	1	0	0	0	1	1										3
6	Totales VT	0	0	13	11	13	11	8	8	15	0	0	0	0	0	0	0	0	0	79
6	WD8CRM			1	1	2	0	1	2	1										8
6	WD8CRN			1	2	0	0	1	1	0										5
6	Totales WD	0	0	2	3	2	0	2	3	1	0	0	0	0	0	0	0	0	0	13
6	X302BR			0	1	0	0	0	1	0										2
6	X302RN			0	0	0	0	0	1	0										1
6	X32RT6			0	1	0	0	1	1	1										4
6	X332AZ			0	1	2	1	1	1	1										7
6	X332CD			0	0	0	1	0	0	0										1
6	X332MD			0	1	0	0	0	0	1										2
6	X332NG			0	1	0	0	0	0	0										1
6	X343CU			0	3	2	1	0	0	1										7
6	X343RN			0	2	0	2	0	0	0										4
6	X355AS			0	2	1	0	1	0	0										4
6	X355CR			0	0	0	1	1	1	1										4
6	X355RN			0	0	1	0	0	0	0										1
6	X355VM			0	1	1	0	0	0	0										2
6	X36Y*F			1	1	2	1	1	1	1										8
6	X36YR1			0	0	2	0	1	0	1										4
6	X376F5			0	0	0	0	0	1	0										1
6	X376N3			0	0	0	2	1	1	1										5
6	Totales X3	0	0	1	14	11	9	7	8	8	0	0	0	0	0	0	0	0	0	58
6	Z150BG			0	0	1	0	2	1	0										4
6	Z150BR			0	1	2	1	1	2	0										7
6	Z151NE			0	1	2	2	0	0	0										5
6	Z151RO			0	0	0	1	0	0	1										2
6	Totales Z1	0	0	0	2	5	4	3	3	1	0	0	0	0	0	0	0	0	0	18
6	Z203NE			0	0	0	2	0	0	0										2
6	Z203XO			0	0	1	0	1	1	0										3
6	Z207MB			0	2	0	0	0	0	0										2
6	Z207RO			0	1	0	0	0	1	0										2
6	Z210MB			0	1	2	0	1	1	0										5
6	Z210NE			0	1	0	0	0	0	0										1
6	Z211MI			0	0	0	0	1	1	0										2
6	Z211NE			0	0	0	0	0	1	0										1
6	Z212NE			0	1	0	0	0	0	0										1
6	Totales Z2	0	0	0	6	3	2	3	5	0	0	0	0	0	0	0	0	0	0	19
6	Z451BR			0	1	1	1	0	0	1										4
6	Z451NE			1	1	1	1	0	0	0										4
6	Z452DO			0	0	6	2	1	0	1										10
6	Z452RO			0	0	2	1	1	0	0										4
6	Z453CF			0	1	0	0	0	0	0										1
6	Z454MA			0	1	1	1	1	0	0										4
6	Z455CF			0	1	0	0	0	0	1										2
6	Z455NE			1	0	0	0	1	0	0										2
6	Z456MI			0	1	0	1	0	0	0										2
6	Z456NE			0	1	0	0	1	1	0										3
6	Totales Z4	0	0	2	7	11	7	5	1	3	0	0	0	0	0	0	0	0	0	36
6	Z501HF			0	0	0	0	0	1	0										1
6	Z590AZ			0	1	1	0	1	2	0										5
6	Z591RO			0	0	2	0	0	0	0										2
6	Z592BR			1	0	0	0	0	1	0										2
6	Z592NE			0	0	1	0	0	0	0										1
6	Z593BG			0	1	2	1	0	1	0										5
6	Z593RO			1	0	0	0	0	0	0										1
6	Z594AZ			1	1	1	0	0	1	0										4
6	Z594NE			1	0	0	0	0	0	1										2
6	Z595AZ			0	1	0	1	1	0	0										3
6	Z595CF			0	0	0	1	0	1	1										3
6	Totales Z5	0	0	4	4	7	3	2	7	2	0	0	0	0	0	0	0	0	0	29
6	Z701CF			0	0	1	0	0	0	0										1
6	Z703DO			0	1	2	1	0	0	0										4
6	Z704DO			1	1	2	1	0	0	0										5
6	Z704NE			0	2	2	0	0	1	1										6
6	Z705BR			1	1	1	2	1	1	0										7
6	Z706NE			0	2	1	0	1	0	0										4
6	Z706RO			0	0	1	3	0	0	0										4
6	Z707MA			1	0	0	0	0	0	0										1
6	Z707NE			0	0	0	0	1	0	0										1
6	Z708BG			0	0	2	2	1	0	0										5
6	Z708RO			1	1	1	1	0	0	0										4
6	Z709DO			0	1	3	3	1	0	0										8
6	Z709NE			1	2	2	3	1	1	1										11
6	Totales Z7	0	0	5	11	18	16	6	3	2	0	0	0	0	0	0	0	0	0	61
6	ZA13BR			1	0	2	1	2	0	0										6
6	ZA14TA			0	0	1	0	0	0	0										1
6	ZA19BR			1	0	1	1	0	0	0										3
6	ZA19RO			1	0	0	0	0	0	0										1
6	ZA19WI			0	0	0	0	0	1	1										2
6	ZA26NE			0	1	1	1	1	1	0										5
6	ZA26WI			0	0	0	0	0	0	1										1
6	ZA28AZ			0	0	0	0	0	1	0										1
6	ZA28OX			0	2	1	3	1	1	0										8
6	ZA30B*			0	1	2	2	1	1	0										7
6	ZA31BG			1	0	0	1	1	0	0										3
6	ZA31CF			0	0	1	1	0	0	1										3
6	ZA33AZ			0	1	1	0	0	1	0										3
6	ZA33BR			0	1	1	1	1	1	0										5
6	Totales ZA	0	0	4	6	11	11	7	7	3	0	0	0	0	0	0	0	0	0	49
6	ZB55AZ			0	1	0	0	0	1	0										2
6	ZB55FS			1	0	0	0	0	0	0										1
6	Totales ZB	0	0	1	1	0	0	0	1	0	0	0	0	0	0	0	0	0	0	3
6	ZCD1B*			0	2	2	1	0	1	1										7
6	ZCD1NE			1	1	1	0	1	0	0										4
6	ZCD2BR			1	0	0	0	1	1	0										3
6	ZCD2NE			0	1	0	0	2	1	1										5
6	ZCD3AZ			0	0	2	1	1	1	1										6
6	ZCD3BR			0	1	2	2	1	1	0										7
6	ZCD3VI			0	0	1	1	1	1	0										4
6	ZCD3XO			0	0	1	1	1	1	0										4
6	ZCD4BR			0	2	3	2	1	0	0										8
6	ZCD4MB			0	3	2	3	2	0	0										10
6	ZCD5NE			0	1	1	2	0	1	0										5
6	ZCD5XO			0	0	1	2	1	1	0										5
6	Totales ZC	0	0	2	11	16	15	12	9	3	0	0	0	0	0	0	0	0	0	68
6	ZD32NE			0	0	0	0	1	0	0										1
6	ZD32RO			0	0	1	1	0	1	0										3
6	ZD34NE			0	0	0	0	1	0	0										1
6	ZD36MB			0	0	0	2	1	1	0										4
6	ZD36NE			1	0	0	0	0	1	0										2
6	ZD37BR			0	0	2	1	2	1	0										6
6	ZD37NE			0	0	1	0	1	0	0										2
6	ZD38NE			0	0	0	0	1	0	0										1
6	ZD38RO			0	0	1	0	1	2	0										4
6	ZD39MB			0	0	1	2	2	0	1										6
6	ZD39NE			0	0	0	0	0	2	1										3
6	ZD40AZ			0	1	1	0	0	1	0										3
6	ZD40MA			0	0	2	2	0	0	0										4
6	ZD41CR			0	1	1	2	1	0	0										5
6	ZD41DO			0	3	3	2	0	0	0										8
6	Totales ZD	0	0	1	5	13	12	11	9	2	0	0	0	0	0	0	0	0	0	53
6	ZF25MO			0	0	0	0	0	2	0										2
6	ZF26BR			0	1	0	1	1	1	0										4
6	ZF26C*			0	1	0	0	0	0	1										2
6	ZF27MO			1	1	0	0	0	0	0										2
6	ZF34NE			0	1	1	2	1	1	0										6
6	ZF35BR			0	0	1	2	1	1	0										5
6	ZF38B*			0	1	2	2	1	1	1										8
6	ZF39AZ			0	0	0	0	0	1	0										1
6	ZF39RO			0	1	0	0	0	1	1										3
6	ZF46HF			0	0	0	2	1	1	0										4
6	ZF48BG			0	1	2	2	1	1	0										7
6	ZF49BR			0	0	0	2	0	0	0										2
6	ZF50C*			0	1	3	0	2	0	0										6
6	ZF50NE			0	1	0	1	1	0	1										4
6	ZF51OR			0	1	0	1	0	0	0										2
6	ZF72NE			0	1	1	2	1	0	0										5
6	ZF72RO			0	1	2	2	2	1	0										8
6	Totales ZF	0	0	1	12	12	19	12	11	4	0	0	0	0	0	0	0	0	0	71
6	ZG23AZ			0	0	1	0	0	1	0										2
6	ZG23BG			1	0	0	0	1	1	0										3
6	ZG23NE			0	1	0	0	1	0	0										2
6	ZG24NE			0	1	0	0	0	2	0										3
6	ZG24SR			0	1	0	0	1	0	0										2
6	ZG25NE			0	1	0	1	1	0	0										3
6	ZG25OX			0	1	0	0	1	0	0										2
6	ZG26VI			0	1	0	0	0	0	0										1
6	Totales ZG	0	0	1	6	1	1	5	4	0	0	0	0	0	0	0	0	0	0	18
6	ZH80LU			0	1	0	0	0	1	0										2
6	ZH80NE			0	1	0	0	0	0	0										1
6	ZH81RO			0	1	2	2	0	1	0										6
6	ZH83BR			0	0	1	0	1	1	0										3
6	ZH84MA			0	0	1	2	1	0	0										4
6	ZH84NE			0	1	1	2	1	0	0										5
6	ZH85DO			0	1	1	0	0	1	0										3
6	Totales ZH	0	0	0	5	6	6	3	4	0	0	0	0	0	0	0	0	0	0	24
6	ZJ01MB			1	1	0	0	0	1	0										3
6	ZJ01RN			0	0	2	0	1	0	0										3
6	ZJ02RN			0	0	0	0	0	1	0										1
6	ZJ08RN			0	1	0	0	0	1	0										2
6	ZJ09CF			0	0	0	1	1	1	1										4
6	ZJ09RN			1	0	1	1	0	0	0										3
6	ZJ13CF			0	0	2	0	0	0	0										2
6	ZJ13RN			0	0	0	1	0	0	1										2
6	ZJ15MI			0	0	1	0	1	0	1										3
6	ZJ15NE			0	0	0	0	1	1	0										2
6	ZJ18CF			0	0	0	1	0	0	0										1
6	ZJ31AZ			0	0	0	0	0	1	0										1
6	ZJ32BR			1	0	0	0	1	0	0										2
6	ZJ32DO			0	1	0	0	0	0	0										1
6	ZJ33VE			0	1	2	0	0	0	0										3
6	ZJ34CR			0	1	1	0	0	1	1										4
6	ZJ34NE			0	0	2	0	0	1	0										3
6	ZJ34RO			0	0	1	0	0	0	0										1
6	ZJ35AZ			0	0	0	0	0	1	0										1
6	ZJ35MI			0	0	1	0	1	0	0										2
6	ZJ40BG			0	0	1	0	0	0	1										2
6	ZJ40BR			0	0	0	0	1	1	0										2
6	ZJ41DO			0	0	3	0	0	0	0										3
6	ZJ41NE			1	0	1	3	1	1	0										7
6	ZJ42CF			0	1	0	0	0	1	0										2
6	ZJ42RN			0	0	1	0	0	1	0										2
6	ZJ50BR			0	0	0	1	0	0	0										1
6	ZJ50PL			0	0	0	0	0	1	0										1
6	Totales ZJ	0	0	4	6	19	8	8	14	5	0	0	0	0	0	0	0	0	0	64
6	ZM56BR			0	1	1	0	1	0	0										3
6	ZM56DO			0	1	1	1	1	0	0										4
6	ZM57NE			0	0	0	1	1	0	0										2
6	ZM57RO			0	1	2	1	1	0	0										5
6	Totales ZM	0	0	0	3	4	3	4	0	0	0	0	0	0	0	0	0	0	0	14
6	ZO16IA			0	1	1	0	1	0	0										3
6	ZO16MI			0	0	2	2	0	0	0										4
6	ZO16RN			0	0	0	1	0	0	0										1
6	ZO16RO			0	0	1	0	0	0	0										1
6	Totales ZO	0	0	0	1	4	3	1	0	0	0	0	0	0	0	0	0	0	0	9
6	ZP20BG			0	0	0	0	0	1	0										1
6	ZP20RO			1	0	2	2	0	1	1										7
6	ZP21AZ			0	0	2	2	1	1	1										7
6	ZP21MI			0	1	2	3	1	1	0										8
6	Totales ZP	0	0	1	1	6	7	2	4	2	0	0	0	0	0	0	0	0	0	23
6	ZQ06C*			1	0	0	0	0	1	0										2
6	ZQ09NE			0	1	1	0	0	0	0										2
6	ZQ24DO			0	1	1	2	0	0	1										5
6	ZQ24RO			1	1	4	1	3	0	0										10
6	ZQ25BR			0	1	0	0	0	0	0										1
6	ZQ30BR			0	0	0	0	0	1	0										1
6	ZQ31C*			0	1	2	0	1	2	0										6
6	ZQ34RO			0	1	0	1	1	1	0										4
6	ZQ35CF			0	0	0	0	0	1	0										1
6	ZQ37RS			0	1	0	0	0	0	1										2
6	ZQ37VE			1	2	2	1	1	0	0										7
6	ZQ41CF			0	0	2	2	1	1	0										6
6	Totales ZQ	0	0	3	9	12	7	7	7	2	0	0	0	0	0	0	0	0	0	47
6	ZU08NE			0	1	2	1	0	1	0										5
6	ZU08RO			0	1	1	0	1	0	0										3
6	ZU09DO			0	0	0	2	1	1	1										5
6	ZU14NE			0	1	2	0	0	0	0										3
6	ZU14TA			0	0	0	1	1	0	0										2
6	ZU15BR			0	0	2	1	0	0	1										4
6	ZU15MI			0	0	1	0	1	1	0										3
6	ZUA1BR			0	1	0	3	1	1	0										6
6	Totales ZU	0	0	0	4	8	8	5	4	2	0	0	0	0	0	0	0	0	0	31
6	ZV52RS			0	2	1	1	1	0	0										5
6	ZV55BR			0	0	0	1	0	0	0										1
6	ZV56BG			0	0	0	0	0	1	0										1
6	ZV57LU			1	0	0	1	0	0	0										2
6	ZV58CF			0	0	1	2	0	0	0										3
6	ZV58NR			0	1	3	2	1	1	0										8
6	ZV60LU			0	0	3	1	0	0	0										4
6	ZV60RO			0	2	2	1	1	0	0										6
6	ZV61BR			0	1	1	1	1	0	0										4
6	ZV62AZ			0	1	0	1	2	1	0										5
6	ZV62DO			0	0	2	2	1	1	0										6
6	ZV63BR			0	0	2	2	2	1	0										7
6	Totales ZV	0	0	1	7	15	15	9	5	0	0	0	0	0	0	0	0	0	0	52
6	ZWP1AZ			1	3	6	5	2	1	0										18
6	ZWP1MA			1	2	4	4	2	0	1										14
6	ZWP1NE			1	3	6	4	3	2	0										19
6	ZWP1NR			1	0	0	0	1	0	1										3
6	ZWP1RO			1	2	4	1	2	1	1										12
6	ZWP1VI			1	1	4	3	2	1	1										13
6	ZWP2BG			0	2	4	2	3	0	1										12
6	ZWP2GR			1	1	3	1	2	1	1										10
6	ZWP2MA			0	2	2	1	1	1	2										9
6	ZWP2NE			1	2	4	3	3	0	1										14
6	Totales ZW	0	0	8	18	37	24	21	7	9	0	0	0	0	0	0	0	0	0	124
6	ZX35NE			0	0	1	2	1	1	0										5
6	ZX35XO			0	1	0	1	1	0	0										3
6	ZX36NE			0	1	0	1	0	0	0										2
6	ZX36UV			0	0	1	1	0	0	0										2
6	ZX38BR			0	0	0	0	0	1	0										1
6	Totales ZX	0	0	0	2	2	5	2	2	0	0	0	0	0	0	0	0	0	0	13
6	ZY80NE			0	1	0	0	0	0	0										1
6	ZY81NE			0	1	1	1	0	1	0										4
6	ZY82BG			0	0	2	1	0	0	0										3
6	ZY82MA			0	1	2	3	0	0	0										6
6	Totales ZY	0	0	0	3	5	5	0	1	0	0	0	0	0	0	0	0	0	0	14
6	CREMA**	29																		29
6	CREMAMA	2																		2
6	CREMARO	1																		1
6	CREMAXO	3																		3
6	Totales CR	35	0	0	0	0	0	0	0	0	0	0	0	0	0	0	0	0	0	35
6	O301NE	2																		2
6	O303MI	1																		1
6	O303NE	2																		2
6	O322CF	1																		1
6	O323HF	1																		1
6	O323NE	3																		3
6	O350CN	1																		1
6	O3B1NE	1																		1
6	O3B2AZ	2																		2
6	O3B3MI	1																		1
6	O3B4A*	1																		1
6	O3B4N*	1																		1
6	O3B5A*	2																		2
6	O3B5N*	2																		2
6	O3B6VE	1																		1
6	O3B7NE	2																		2
6	O3B7VE	1																		1
6	O3C1AZ	2																		2
6	O3C1MI	1																		1
6	O3C1NE	1																		1
6	O3C1RO	1																		1
6	O3C2A*	1																		1
6	O3C2N*	2																		2
6	O3C3NE	2																		2
6	O3C3VE	1																		1
6	O3M1AZ	1																		1
6	O3M1NE	1																		1
6	O3M2N*	1																		1
6	O3M3NE	1																		1
6	O3T1NE	2																		2
6	O3T2N*	1																		1
6	Totales O3	43	0	0	0	0	0	0	0	0	0	0	0	0	0	0	0	0	0	43
6	OC05CF	2																		2
6	OC09BR	2																		2
6	OC09NE	2																		2
6	OC13NE	1																		1
6	OC17NE	2																		2
6	OC54DO	1																		1
6	OC63BR	2																		2
6	OC68MI	2																		2
6	OC76DO	1																		1
6	OC76NE	2																		2
6	OC97DO	2																		2
6	OC97RO	1																		1
6	Totales OC	20	0	0	0	0	0	0	0	0	0	0	0	0	0	0	0	0	0	20
6	OD30BR	2																		2
6	OD30NE	1																		1
6	OD31BG	2																		2
6	OD31NE	1																		1
6	Totales OD	6	0	0	0	0	0	0	0	0	0	0	0	0	0	0	0	0	0	6
6	OE22HF	2																		2
6	OE23NE	2																		2
6	OEB1R1	1																		1
6	OEB2R2	1																		1
6	OET2WB	2																		2
6	Totales OE	8	0	0	0	0	0	0	0	0	0	0	0	0	0	0	0	0	0	8
6	OF14MB	1																		1
6	OF17AS	1																		1
6	OF17AZ	1																		1
6	OF18BR	2																		2
6	OF18RO	2																		2
6	OFC1AS	1																		1
6	OFC1AZ	1																		1
6	OFC2RO	2																		2
6	OFL1AZ	2																		2
6	OFL2BR	1																		1
6	Totales OF	14	0	0	0	0	0	0	0	0	0	0	0	0	0	0	0	0	0	14
6	OG01DO	2																		2
6	OG02CF	1																		1
6	OG02NE	2																		2
6	OG12HF	2																		2
6	Totales OG	7	0	0	0	0	0	0	0	0	0	0	0	0	0	0	0	0	0	7
6	OK31BR	1																		1
6	OK35NE	1																		1
6	OK35OR	3																		3
6	OK80CF	3																		3
6	OK80NE	2																		2
6	OK81NE	1																		1
6	OKB3RO	1																		1
6	OKB3XO	1																		1
6	OKL4NR	1																		1
6	Totales OK	14	0	0	0	0	0	0	0	0	0	0	0	0	0	0	0	0	0	14
6	OL45CF	2																		2
6	OL45NE	1																		1
6	OL65CN	3																		3
6	OL65NE	2																		2
6	Totales OL	8	0	0	0	0	0	0	0	0	0	0	0	0	0	0	0	0	0	8
6	ON28NE	1																		1
6	ON31PL	1																		1
6	ON46MB	2																		2
6	Totales ON	4	0	0	0	0	0	0	0	0	0	0	0	0	0	0	0	0	0	4
6	OO26NE	1																		1
6	OO27PL	1																		1
6	Totales OO	2	0	0	0	0	0	0	0	0	0	0	0	0	0	0	0	0	0	2
6	OP51MB	1																		1
6	OP60RO	1																		1
6	Totales OP	2	0	0	0	0	0	0	0	0	0	0	0	0	0	0	0	0	0	2
6	OQ53N*	1																		1
6	OQ57RO	2																		2
6	OQ58RO	2																		2
6	OQ59AZ	1																		1
6	OQ60AZ	1																		1
6	OQ67CF	1																		1
6	OQ67NE	1																		1
6	OQ68RO	2																		2
6	OQB1CF	1																		1
6	OQC1RO	2																		2
6	OQL1RO	1																		1
6	OQT1R*	1																		1
6	OQT1RO	2																		2
6	Totales OQ	18	0	0	0	0	0	0	0	0	0	0	0	0	0	0	0	0	0	18
6	OS51NE	1																		1
6	Totales OS	1	0	0	0	0	0	0	0	0	0	0	0	0	0	0	0	0	0	1
6	OT21NE	1																		1
6	OT26NE	1																		1
6	OT40HF	1																		1
6	OT44AZ	1																		1
6	OT44RS	2																		2
6	OT51CF	1																		1
6	OT51RO	2																		2
6	OT52RO	2																		2
6	OT54CQ	1																		1
6	OT56CQ	1																		1
6	OT58FS	1																		1
6	OT65HF	1																		1
6	OTC4RO	1																		1
6	OTC7NE	1																		1
6	OTL1CQ	1																		1
6	OTL1PL	2																		2
6	OTP2**	1																		1
6	OTP2MB	2																		2
6	OTP2NE	1																		1
6	OTP4NE	1																		1
6	OTP5NE	2																		2
6	OTP7NE	1																		1
6	OTT7NE	1																		1
6	Totales OT	29	0	0	0	0	0	0	0	0	0	0	0	0	0	0	0	0	0	29
6	OU21BG	1																		1
6	OU22CF	2																		2
6	OU22NE	2																		2
6	OU23CF	1																		1
6	Totales OU	6	0	0	0	0	0	0	0	0	0	0	0	0	0	0	0	0	0	6
6	OV10NE	1																		1
6	OVB6BG	1																		1
6	OVB8MB	1																		1
6	OVC6BG	1																		1
6	Totales OV	4	0	0	0	0	0	0	0	0	0	0	0	0	0	0	0	0	0	4
6	OWES**	9																		9
6	Totales OW	9	0	0	0	0	0	0	0	0	0	0	0	0	0	0	0	0	0	9
6	OX11NE	1																		1
6	OX12HF	1																		1
6	OX23AS	1																		1
6	OX24CF	1																		1
6	OX24MI	2																		2
6	OX24NE	1																		1
6	Totales OX	7	0	0	0	0	0	0	0	0	0	0	0	0	0	0	0	0	0	7
6	OY01NR	1																		1
6	OY19RO	1																		1
6	OY97NE	1																		1
6	Totales OY	3	0	0	0	0	0	0	0	0	0	0	0	0	0	0	0	0	0	3
6	OZC2NR	2																		2
6	Totales OZ	2	0	0	0	0	0	0	0	0	0	0	0	0	0	0	0	0	0	2
6	TARJETA	66																		66
6	Totales TA	66	0	0	0	0	0	0	0	0	0	0	0	0	0	0	0	0	0	66
6	ZI59AZ	1																		1
6	Totales ZI	1	0	0	0	0	0	0	0	0	0	0	0	0	0	0	0	0	0	1
6	ZS90FS	1																		1
6	ZS91RO	1																		1
6	ZS95MI	2																		2
6	ZS95NE	1																		1
6	ZS96NE	1																		1
6	ZS96RO	1																		1
6	Totales ZS	7	0	0	0	0	0	0	0	0	0	0	0	0	0	0	0	0	0	7
6	ZT16MA	2																		2
6	ZT17BG	2																		2
6	ZT17BR	2																		2
6	ZT56AZ	1																		1
6	ZT58CF	1																		1
6	ZT58NE	1																		1
6	ZT59RO	2																		2
6	ZT98MB	1																		1
6	Totales ZT	12	0	0	0	0	0	0	0	0	0	0	0	0	0	0	0	0	0	12
6	ZYF2NE	1																		1
6	Totales ZY	1	0	0	0	0	0	0	0	0	0	0	0	0	0	0	0	0	0	1
6	O1C1HF		0	0		0		0		1		0								1
6	Totales O1	0	0	0	0	0	0	0	0	1	0	0	0	0	0	0	0	0	0	1
6	O401TA		0	0		0		1		0		0								1
6	O402MI		0	0		1		0		0		0								1
6	O404MI		0	0		0		0		3		0								3
6	O405CQ		0	0		0		0		2		0								2
6	O406UV		0	0		0		0		1		0								1
6	O407BR		0	0		0		0		2		0								2
6	O407WI		0	0		0		0		1		0								1
6	O408NE		0	0		2		0		2		0								4
6	O408XO		0	0		1		0		2		0								3
6	O409CF		0	0		2		0		2		0								4
6	Totales O4	0	0	0	0	6	0	1	0	15	0	0	0	0	0	0	0	0	0	22
6	OH80MI		0	0		2		0		2		0								4
6	OH80NE		0	0		2		0		2		0								4
6	OHC1MI		0	0		0		1		1		0								2
6	Totales OH	0	0	0	0	4	0	1	0	5	0	0	0	0	0	0	0	0	0	10
6	OUC1HF		0	1		1		2		2		0								6
6	OUC1NE		0	1		1		0		1		0								3
6	OUC2TA		1	0		0		1		0		0								2
6	OUC3HF		0	1		0		2		1		0								4
6	OUC4HF		0	0		0		2		1		0								3
6	Totales OU	0	1	3	0	2	0	7	0	5	0	0	0	0	0	0	0	0	0	18
6	ZE77HF		0	1		0		1		0		0								2
6	Totales ZE	0	0	1	0	0	0	1	0	0	0	0	0	0	0	0	0	0	0	2
6	O202MI														1	0	0	0		1
6	O202NE														0	1	0	0		1
6	O202RO														0	1	0	0		1
6	O203HF														0	1	1	0		2
6	O204GR														0	1	1	0		2
6	O205DO														1	0	0	0		1
6	O205GR														0	0	1	0		1
6	O208DO														0	0	1	0		1
6	Totales O2	0	0	0	0	0	0	0	0	0	0	0	0	0	2	4	4	0	0	10
6	O421A*														2	2	0	0		4
6	O421C*														1	1	0	0		2
6	O421N*														1	2	0	0		3
6	O421R*														2	2	0	0		4
6	O422A*														1	2	0	0		3
6	O422C*														1	1	0	0		2
6	O422R*														0	1	0	0		1
6	O451AZ														0	1	0	0		1
6	O451TA														2	0	0	0		2
6	O452CF														1	1	0	0		2
6	Totales O4	0	0	0	0	0	0	0	0	0	0	0	0	0	11	13	0	0	0	24
6	OA30BR														1	0	0	1		2
6	OA31GR														1	0	0	1		2
6	OA32VE														1	0	0	0		1
6	OA58HF														1	0	0	0		1
6	OA61AS														0	2	0	0		2
6	OA62BG														1	2	1	0		4
6	OA62NE														0	1	0	0		1
6	Totales OA	0	0	0	0	0	0	0	0	0	0	0	0	0	5	5	1	2	0	13
6	OD02LU														0	1	0	0		1
6	OD05NE														1	0	0	0		1
6	OD06BG														0	0	1	1		2
6	OD06CF														0	1	1	0		2
6	OD07HF														0	0	0	1		1
6	OD09RO														0	1	1	0		2
6	OD10LU														0	2	1	1		4
6	Totales OD	0	0	0	0	0	0	0	0	0	0	0	0	0	1	5	4	3	0	13
6	OH51TA														2	2	0	0		4
6	OH51XO														1	1	0	0		2
6	OH52AZ														0	3	0	0		3
6	OH52RO														1	3	0	0		4
6	Totales OH	0	0	0	0	0	0	0	0	0	0	0	0	0	4	9	0	0	0	13
6	OP03GR														1	1	0	0		2
6	Totales OP	0	0	0	0	0	0	0	0	0	0	0	0	0	1	1	0	0	0	2
6	OQ04NE														0	0	1	0		1
6	OQ05CF														0	2	0	0		2
6	Totales OQ	0	0	0	0	0	0	0	0	0	0	0	0	0	0	2	1	0	0	3
6	ZI47HF														0	1	1	0		2
6	Total	329	1	155	309	460	413	323	340	322	77	93	58	0	24	40	11	5	0	2960
22	0D18JL					0	0	1	1	2	1	1	0	0					0	6
22	0D58RC					0	0	1	1	2	1	0	0	0					0	5
22	0D70EB					0	0	0	1	2	1	1	0	0					0	5
22	0D70N8					0	0	0	1	1	1	1	0	0					0	4
22	Totales 0D	0	0	0	0	0	0	2	4	7	4	3	0	0	0	0	0	0	0	20
22	2N75CL					0	0	0	0	0	0	1	0	0					0	1
22	Totales 2N	0	0	0	0	0	0	0	0	0	0	1	0	0	0	0	0	0	0	1
22	3B15XJ					0	0	1	0	2	1	0	0	0						4
22	3B15XN					0	0	1	1	2	1	1	0	0						6
22	3B22XN					0	0	1	1	1	0	1	0	0					0	4
22	3B26TL					0	0	1	1	2	1	1	0	0						6
22	3B26TN					0	0	1	1	2	1	1	0	0						6
22	3B28TJ					0	0	0	0	1	1	1	0	0						3
22	3B28TN					0	0	0	1	1	1	0	0	0						3
22	3B49XN					0	0	0	0	0	0	1	0	0						1
22	3B95XC					0	0	0	0	0	0	1	0	0					0	1
22	3B95XN					0	0	1	1	2	0	1	0	0					0	5
22	Totales 3B	0	0	0	0	0	0	6	6	13	6	8	0	0	0	0	0	0	0	39
22	4H62XC					0	0	0	0	2	0	1	0	0					0	3
22	4H62XN					0	0	0	0	1	0	1	0	0					0	2
22	4H65XC					0	0	1	0	0	0	1	0	0					0	2
22	4H65XN					0	0	1	0	1	1	1	0	0					0	4
22	4H66XJ					0	0	0	1	0	1	1	0	0					0	3
22	4H66XN					0	0	0	1	2	0	1	0	0					0	4
22	4H72XM					0	0	1	1	1	1	1	0	0					0	5
22	4H72XN					0	0	0	1	2	0	1	0	0					0	4
22	4H77XN					0	0	0	0	1	1	1	0	0					0	3
22	4H96XN					0	0	0	0	2	0	0	0	0					0	2
22	4H97IA					0	0	1	1	2	1	1	0	0					0	6
22	4H97XN					0	0	1	0	1	1	1	0	0					0	4
22	4H98XJ					0	0	0	1	2	1	1	0	0					0	5
22	4H98XN					0	0	1	1	0	0	0	0	0					0	2
22	Totales 4H	0	0	0	0	0	0	6	7	17	7	12	0	0	0	0	0	0	0	49
22	6F03TJ					0	0	2	0	0	1	0	0	0						3
22	6F03TM					0	0	1	1	2	1	1	0	0						6
22	6F24TJ					0	0	1	1	2	1	0	1	0						6
22	6F24TN					0	0	1	2	2	1	1	0	0						7
22	6F34TJ					0	0	0	1	0	1	1	0	0					0	3
22	6F34TN					0	0	1	1	1	1	1	0	0					0	5
22	6F39TJ					0	0	1	1	1	0	0	0	0						3
22	6F39TN					0	0	0	1	2	1	0	0	0						4
22	6F50TJ					0	0	1	1	2	0	1	0	0					0	5
22	6F50TN					0	0	1	1	2	1	1	0	0						6
22	6F67TL					0	0	2	0	1	1	0	0	0						4
22	6F67TN					0	0	0	1	2	1	1	0	0						5
22	Totales 6F	0	0	0	0	0	0	11	11	17	10	7	1	0	0	0	0	0	0	57
22	BH74IA					0	0	1	1	2	1	1	0	0					0	6
22	BH74XC					0	0	0	0	2	1	1	0	0					0	4
22	BH74XN					0	0	1	1	1	1	0	0	0					0	4
22	Totales BH	0	0	0	0	0	0	2	2	5	3	2	0	0	0	0	0	0	0	14
22	M411ZC					0	0	1	1	2	1	1	0	0					0	6
22	M412J7					0	0	1	0	2	0	1	0	0					0	4
22	Totales M4	0	0	0	0	0	0	2	1	4	1	2	0	0	0	0	0	0	0	10
22	OU70CF					0	0	1	1	1	1	0	0	0					0	4
22	OU70NE					0	0	0	1	2	0	1	0	0					0	4
22	OU71CF					0	0	0	1	1	1	1	0	0					0	4
22	OU71NE					0	0	1	1	2	0	0	0	0					0	4
22	OU72AZ					0	0	1	1	2	0	0	0	0					0	4
22	OU72TA					0	0	1	0	2	1	0	0	0					0	4
22	Totales OU	0	0	0	0	0	0	4	5	10	3	2	0	0	0	0	0	0	0	24
22	R606XO					0	1	1	2	2	0	0	0	0						6
22	R622OR					0	1	1	2	0	0	1	0	0						5
22	R638XM					0	0	1	1	1	1	0	1	0						5
22	R638XO					0	0	1	1	2	0	0	0	0						4
22	Totales R6	0	0	0	0	0	2	4	6	5	1	1	1	0	0	0	0	0	0	20
22	R765XN					0	0	1	0	0	0	0	0	0						1
22	R765XO					0	0	0	1	1	1	1	1	0						5
22	R766XO					0	0	0	1	2	1	1	1	0						6
22	R767XM					0	0	1	2	1	0	0	0	0						4
22	R767XO					0	0	0	1	2	0	0	1	0						4
22	Totales R7	0	0	0	0	0	0	2	5	6	2	2	3	0	0	0	0	0	0	20
22	Z351XM					0	0	1	1	1	1	1	0	0					0	5
22	Z351XN					0	0	1	1	2	1	1	0	0					0	6
22	Z352XC					0	0	0	1	2	1	1	0	0					0	5
22	Z352XN					0	0	0	1	2	1	0	0	0					0	4
22	Z353XC					0	0	1	1	2	1	1	0	0					0	6
22	Z354XM					0	0	0	1	2	1	1	0	0					0	5
22	Z354XN					0	0	1	0	0	1	1	0	0					0	3
22	Z355XC					0	0	0	1	1	1	1	0	0					0	4
22	Z355XN					0	0	0	0	2	0	0	0	0					0	2
22	Z356XC					0	0	1	1	2	0	2	0	0					0	6
22	Z356XN					0	0	1	1	2	0	1	0	0					0	5
22	Z357XM					0	0	1	0	1	1	1	0	0					0	4
22	Z357XN					0	0	0	1	2	0	1	0	0					0	4
22	Totales Z3	0	0	0	0	0	0	7	10	21	9	12	0	0	0	0	0	0	0	59
22	ZN82NE					0	0	1	0	1	1	1	0	0					0	4
22	ZN82UV					0	0	1	0	1	1	1	0	0					0	4
22	ZN85NE					0	0	0	0	0	1	1	1	0						3
22	Totales ZN	0	0	0	0	0	0	2	0	2	3	3	1	0	0	0	0	0	0	11
22	ZO72MB					0	0	0	0	0	1	0	0	0						1
22	ZO72XM					0	0	0	0	1	1	0	0	0						2
22	ZO72XN					0	0	0	1	1	1	0	0	0						3
22	ZO72XO					0	0	0	1	1	1	0	0	0						3
22	ZO74XM					0	0	2	4	3	2	2	0	0					0	13
22	ZO74XN					0	0	1	2	2	0	1	0	0					0	6
22	Totales ZO	0	0	0	0	0	0	3	8	8	6	3	0	0	0	0	0	0	0	28
22	ZR51MA					0	0	1	1	1	0	1	0	0					0	4
22	ZR52GR					0	1	0	0	0	1	0	0	0					0	2
22	ZR52MI					0	0	0	0	1	1	0	1	0					0	3
22	ZR53DO					0	0	1	0	0	0	0	0	0					0	1
22	ZR53XO					0	0	1	0	0	1	0	0	0					0	2
22	ZR54AZ					0	0	0	1	1	0	1	0	0					0	3
22	ZR54CF					0	0	0	1	1	1	0	1	0					0	4
22	ZR55MI					0	0	0	0	0	1	0	0	0					0	1
22	ZR56AZ					0	0	1	0	1	1	0	0	0					0	3
22	ZR56CF					0	0	1	0	1	0	1	0	0					0	3
22	ZR57MI					0	0	0	1	0	0	1	0	0					0	2
22	ZR58MA					0	0	0	0	0	1	1	0	0					0	2
22	ZR58MI					0	0	1	0	1	0	0	0	0					0	2
22	ZR59NN					0	0	0	1	2	0	1	0	0					0	4
22	ZR59NT					0	0	0	1	2	1	1	0	0					0	5
22	Totales ZR	0	0	0	0	0	1	6	6	11	8	7	2	0	0	0	0	0	0	41
22	A703NA			0	0	1	1	0	1	1										4
22	A703NV			0	0	1	0	0	0	0										1
22	A714MD			0	1	1	2	0	1	1										6
22	A714RN			0	1	2	1	0	1	0										5
22	A71AN*			0	1	2	1	0	0	1										5
22	A75PC7			0	1	0	0	0	0	0										1
22	Totales A7	0	0	0	4	7	5	0	3	3	0	0	0	0	0	0	0	0	0	22
22	BY35RM			0	1	0	2	1	1	0										5
22	BY35RN			0	1	2	1	0	1	0										5
22	BY39RM			0	1	2	2	1	1	0										7
22	BY39RN			0	1	0	0	0	1	0										2
22	BY50MN			0	1	0	0	0	1	0										2
22	BY50NX			0	1	1	2	1	1	0										6
22	Totales BY	0	0	0	6	5	7	3	6	0	0	0	0	0	0	0	0	0	0	27
22	CG0AMB			0	1	0	0	1	1	0										3
22	CG0ARN			0	0	0	1	1	1	1										4
22	CG28LA			0	1	0	1	1	0	1										4
22	CG28RN			0	1	2	2	1	2	1										9
22	CG58SN			1	0	0	0	0	0	0										1
22	CG58SR			0	1	1	0	1	1	0										4
22	CG9XIP			0	1	0	2	1	1	0										5
22	CG9XRC			0	0	2	1	0	0	1										4
22	CG9XRN			0	1	2	1	1	1	0										6
22	Totales CG	0	0	1	6	7	8	7	7	4	0	0	0	0	0	0	0	0	0	40
22	DZ59RN			0	0	0	0	0	1	0										1
22	Totales DZ	0	0	0	0	0	0	0	1	0	0	0	0	0	0	0	0	0	0	1
22	EO44IA			0	1	2	2	1	1	0										7
22	EO44RN			0	1	0	2	1	1	1										6
22	EO46RN			0	0	0	2	0	1	1										4
22	EO46SR			0	1	1	1	1	1	1										6
22	EO73IA			0	1	1	0	1	0	1										4
22	EO73RN			0	1	1	1	1	1	0										5
22	EO83NS			0	1	1	1	0	0	0										3
22	Totales EO	0	0	0	6	6	9	5	5	4	0	0	0	0	0	0	0	0	0	35
22	FB4XN5			0	0	1	0	0	1	0										2
22	FB4XP1			1	1	1	2	1	0	0										6
22	FB78MB			0	0	0	0	1	1	0										2
22	FB78RN			0	1	1	0	0	0	0										2
22	FB82IP			0	0	0	2	1	1	1										5
22	FB82OX			0	1	0	1	0	1	1										4
22	FB82X0			0	1	1	1	1	1	1										6
22	Totales FB	0	0	1	4	4	6	4	5	3	0	0	0	0	0	0	0	0	0	27
22	G714TO			1	1	1	2	1	1	0										7
22	G722CE			0	1	1	1	1	1	1										6
22	G722EY			1	1	1	2	1	1	0										7
22	G722MN			0	1	1	1	1	1	1										6
22	Totales G7	0	0	2	4	4	6	4	4	2	0	0	0	0	0	0	0	0	0	26
22	IX25EL			1	1	0	2	0	1	1										6
22	IX25GR			0	0	0	0	1	1	1										3
22	IX5WNI			0	0	0	1	0	0	0										1
22	IX5WOX			0	1	1	2	0	0	1										5
22	IX5WRN			0	1	0	1	0	1	0										3
22	IX7DCR			0	1	2	1	1	1	1										7
22	Totales IX	0	0	1	4	3	7	2	4	4	0	0	0	0	0	0	0	0	0	25
22	J931EM			1	0	0	2	1	1	0										5
22	Totales J9	0	0	1	0	0	2	1	1	0	0	0	0	0	0	0	0	0	0	5
22	LP01*F			0	1	1	1	1	1	0										5
22	LP01*N			0	0	0	0	0	0	1										1
22	LP01CR			0	1	0	1	1	1	0										4
22	LP01D1			0	1	1	3	1	2	1										9
22	LP01DO			0	1	1	0	1	0	1										4
22	LP01RN			0	2	3	2	1	1	0										9
22	LP01T5			0	1	1	0	1	1	0										4
22	LP09CR			0	1	2	2	1	1	0										7
22	LP09M6			0	0	0	0	1	0	1										2
22	LP09VI			0	0	0	1	0	0	0										1
22	LP0CIA			0	1	3	1	1	1	0										7
22	LP0CRC			0	2	1	0	0	1	1										5
22	LP0CRN			0	0	0	1	0	1	0										2
22	LP0EA2			0	1	0	1	0	1	0										3
22	LP0EN2			0	1	2	1	0	1	1										6
22	LP0MCR			0	0	1	0	0	0	0										1
22	LP0MRN			0	0	2	2	1	1	0										6
22	LP1CBR			0	1	0	0	0	0	0										1
22	LP1COX			0	1	0	0	0	0	0										1
22	LP1CRN			0	0	0	0	0	1	0										1
22	LP1DR1			0	1	1	1	1	1	0										5
22	LP1NIA			0	0	1	0	1	0	0										2
22	LP1NRN			0	1	1	2	1	1	0										6
22	LP1NSR			0	1	2	0	1	0	1										5
22	LP1XXN			0	1	1	1	0	0	0										3
22	LP29PL			0	0	0	0	0	1	0										1
22	LP29RN			0	0	1	1	0	1	0										3
22	LP3PRM			0	1	2	0	0	0	0										3
22	LP3PRN			0	0	1	1	1	1	0										4
22	LP6WRC			0	1	0	1	0	1	0										3
22	LP6WRN			0	1	2	0	0	1	0										4
22	LP71OX			0	1	2	1	1	1	1										7
22	LP71PL			1	0	1	0	1	0	1										4
22	LP8PRM			0	1	1	0	1	0	0										3
22	LP8PRN			0	1	1	0	0	0	0										2
22	LP91RC			0	1	0	0	1	1	1										4
22	Totales LP	0	0	1	26	35	24	19	23	10	0	0	0	0	0	0	0	0	0	138
22	NU3MM8			0	0	0	2	1	0	1										4
22	NU3MN8			0	0	1	1	0	1	0										3
22	Totales NU	0	0	0	0	1	3	1	1	1	0	0	0	0	0	0	0	0	0	7
22	P644RN			0	1	0	0	0	1	0										2
22	P679RC			0	0	0	0	1	0	0										1
22	P686RM			0	1	0	0	0	0	0										1
22	P686RN			1	0	0	0	0	0	0										1
22	Totales P6	0	0	1	2	0	0	1	1	0	0	0	0	0	0	0	0	0	0	5
22	QR1PNI			0	0	1	2	0	0	1										4
22	QR2ABN			0	0	2	1	1	1	0										5
22	QR2CRN			0	0	0	0	0	1	0										1
22	QR2PRC			0	1	2	1	1	1	0										6
22	QR2PRN			0	1	1	0	1	0	0										3
22	QR2WIA			0	0	1	0	0	1	0										2
22	QR2WRN			1	0	0	1	0	0	0										2
22	QR3RN3			0	1	0	2	1	0	0										4
22	Totales QR	0	0	1	3	7	7	4	4	1	0	0	0	0	0	0	0	0	0	27
22	R214CF			0	1	2	2	1	1	0										7
22	R214SN			0	1	0	1	0	1	0										3
22	R214XO			1	0	1	0	0	0	0										2
22	Totales R2	0	0	1	2	3	3	1	2	0	0	0	0	0	0	0	0	0	0	12
22	R480RO			0	0	0	0	1	1	0										2
22	R480VE			0	2	0	0	0	0	0										2
22	Totales R4	0	0	0	2	0	0	1	1	0	0	0	0	0	0	0	0	0	0	4
22	RA03NE			0	1	2	2	1	1	0										7
22	RA03RM			0	1	2	2	1	1	0										7
22	RA05NR			0	1	1	1	1	0	0										4
22	RA05RM			0	1	1	1	1	0	0										4
22	RA07NE			1	1	1	2	1	2	0										8
22	RA07RO			0	0	1	2	1	1	0										5
22	RA07XO			0	1	1	2	1	0	0										5
22	RA15NE			0	1	0	0	2	0	0										3
22	RA15XO			1	0	0	0	1	1	0										3
22	RA21GR			1	1	0	2	2	1	0										7
22	RA21RO			1	0	2	2	1	1	0										7
22	RA47BR			0	0	1	2	0	1	0										4
22	RA47XO			0	1	0	0	1	0	1										3
22	RA90XM			0	1	1	0	1	0	0										3
22	RA90XO			0	0	1	1	0	1	0										3
22	RA94NE			0	1	2	2	1	1	1										8
22	RA94XO			0	1	2	2	1	1	1										8
22	RA95NE			0	1	1	1	1	0	1										5
22	RA95RO			0	1	1	2	1	0	0										5
22	RA95XO			0	0	2	2	1	1	0										6
22	RA96NE			0	2	1	2	0	1	0										6
22	RA96RO			0	1	1	0	0	1	0										3
22	RA96XO			1	0	1	1	0	0	0										3
22	RA98N*			0	0	2	2	1	1	1										7
22	RA98NE			0	1	1	2	1	1	1										7
22	RA98RO			0	1	1	2	1	0	0										5
22	RA98XO			0	1	1	1	1	1	0										5
22	Totales RA	0	0	5	20	30	38	24	18	6	0	0	0	0	0	0	0	0	0	141
22	RB45SN			0	0	0	2	0	1	0										3
22	Totales RB	0	0	0	0	0	2	0	1	0	0	0	0	0	0	0	0	0	0	3
22	RC30MA			0	1	2	2	1	1	0										7
22	RC30NE			1	1	1	2	1	1	0										7
22	RC30RO			0	1	0	1	2	1	0										5
22	RC35AZ			0	1	0	1	1	1	1										5
22	RC35NE			0	0	0	0	0	1	0										1
22	RC36RO			0	0	1	0	0	1	0										2
22	Totales RC	0	0	1	4	4	6	5	6	1	0	0	0	0	0	0	0	0	0	27
22	RD68NE			0	1	1	2	1	1	0										6
22	RD68XO			0	1	0	2	1	0	1										5
22	Totales RD	0	0	0	2	1	4	2	1	1	0	0	0	0	0	0	0	0	0	11
22	RG59CF			0	1	0	0	0	0	1										2
22	RG59MI			0	0	1	1	1	0	0										3
22	RG59NE			0	2	2	0	0	0	0										4
22	RG67NE			0	0	2	2	1	0	0										5
22	RG67XO			0	1	2	1	1	0	0										5
22	RG70AZ			0	0	1	0	1	0	0										2
22	RG70LU			0	1	0	0	1	0	0										2
22	Totales RG	0	0	0	5	8	4	5	0	1	0	0	0	0	0	0	0	0	0	23
22	RS00CR			0	0	0	0	1	0	1										2
22	RS00RN			0	0	2	0	1	0	1										4
22	RS06RN			0	0	0	0	0	1	1										2
22	RS0X*C			0	0	1	1	1	1	0										4
22	RS0XIA			0	1	0	1	1	1	0										4
22	RS0XRN			0	0	1	1	2	0	0										4
22	RS17RN			0	2	3	1	0	2	0										8
22	RS27RC			0	0	0	0	1	0	1										2
22	RS37M3			0	1	0	2	0	2	0										5
22	RS37N3			0	1	0	0	0	1	1										3
22	RS37R3			0	0	0	0	0	0	1										1
22	RS3BBG			0	0	1	0	0	0	0										1
22	RS3BN1			0	1	0	1	0	1	0										3
22	RS3NRN			0	0	0	1	0	1	0										2
22	RS3WRC			0	0	1	0	0	0	1										2
22	RS3WRN			0	0	0	0	1	1	1										3
22	RS48DO			0	0	0	0	0	1	1										2
22	RS48MB			0	0	1	1	1	0	0										3
22	RS48RN			0	0	1	1	1	1	1										5
22	RS49C1			0	1	1	2	1	1	1										7
22	RS4NML			0	1	1	0	1	1	1										5
22	RS4NRN			0	1	2	1	1	1	0										6
22	RS4NSR			0	1	0	0	0	0	0										1
22	RS57RC			0	1	0	0	0	1	1										3
22	RS57RT			0	0	0	1	1	0	1										3
22	RS57SR			0	0	1	2	1	0	0										4
22	RS5BF5			0	0	0	0	1	0	0										1
22	RS5BN1			0	0	2	0	1	1	1										5
22	RS61L1			0	0	0	0	0	0	1										1
22	RS61N1			0	0	0	1	0	1	1										3
22	RS64OX			0	1	1	1	1	0	0										4
22	RS64RN			1	2	1	0	1	1	1										7
22	RS64SR			0	0	0	0	1	1	1										3
22	RS72PL			0	1	2	2	0	1	0										6
22	RS72RN			0	1	1	2	1	0	1										6
22	RS87LA			0	1	2	1	1	1	0										6
22	RS87RN			0	1	1	2	1	1	0										6
22	RS9YMB			0	1	0	0	0	1	1										3
22	RS9YRN			0	0	2	0	0	1	0										3
22	RS9YSR			0	1	1	0	1	1	0										4
22	Totales RS	0	0	1	20	29	25	24	27	21	0	0	0	0	0	0	0	0	0	147
22	T52BRM			0	1	0	0	0	0	0										1
22	T52BRN			0	1	0	1	1	1	1										5
22	T589RC			0	2	1	0	1	2	0										6
22	T589RN			0	0	0	0	0	0	1										1
22	Totales T5	0	0	0	4	1	1	2	3	2	0	0	0	0	0	0	0	0	0	13
22	UH93G*			0	0	0	1	0	0	0										1
22	Totales UH	0	0	0	0	0	1	0	0	0	0	0	0	0	0	0	0	0	0	1
22	UN2XLA			0	1	2	2	0	0	1										6
22	UN2XRN			0	0	0	2	1	1	1										5
22	UN3CPD			0	1	1	1	1	1	1										6
22	UN4BG2			0	1	0	0	0	1	0										2
22	UN4CDC			0	1	1	0	0	0	0										2
22	UN6DC2			0	1	0	2	1	2	1										7
22	UN6DN3			0	1	1	2	0	1	1										6
22	Totales UN	0	0	0	6	5	9	3	6	5	0	0	0	0	0	0	0	0	0	34
22	VT1BIA			0	0	0	0	0	0	1										1
22	VT1BRN			0	0	0	0	1	1	0										2
22	VT4ARM			0	1	1	1	0	1	1										5
22	VT6AIA			0	1	2	0	0	0	0										3
22	VT6ARN			0	1	3	2	1	1	0										8
22	VT7R05			1	1	1	0	1	0	0										4
22	VT7RN3			0	0	0	0	0	0	1										1
22	VT8EOX			0	1	1	1	0	0	0										3
22	VT8ERN			0	0	1	0	1	1	0										3
22	VT8ESR			0	0	0	2	1	1	1										5
22	VT94BR			0	1	0	1	1	1	0										4
22	VT94RC			1	1	1	1	0	1	1										6
22	VT94RN			1	0	2	1	1	2	2										9
22	VT97BG			0	0	0	2	0	0	0										2
22	VT97D5			0	1	0	0	0	0	0										1
22	Totales VT	0	0	3	8	12	11	7	9	7	0	0	0	0	0	0	0	0	0	57
22	WB8CRN			1	0	0	0	0	0	0										1
22	Totales WB	0	0	1	0	0	0	0	0	0	0	0	0	0	0	0	0	0	0	1
22	WD8CRM			0	0	2	2	1	0	0										5
22	WD8CRN			0	1	1	1	0	0	0										3
22	Totales WD	0	0	0	1	3	3	1	0	0	0	0	0	0	0	0	0	0	0	8
22	X32RT6			0	0	1	1	0	0	1										3
22	X332AD			0	0	0	2	1	0	0										3
22	X332AZ			0	1	1	0	0	0	1										3
22	X332CD			0	1	0	0	1	0	0										2
22	X332MD			0	1	1	0	0	0	0										2
22	X332NG			0	0	0	1	1	0	0										2
22	X355BL			0	0	0	0	0	1	0										1
22	X355CR			0	1	1	0	0	0	0										2
22	X355RN			0	0	1	1	0	0	0										2
22	X36Y*F			1	0	0	0	0	1	0										2
22	X36YR1			0	0	1	1	1	0	1										4
22	X36YX1			0	1	0	1	0	0	0										2
22	X376N3			0	0	2	0	0	1	1										4
22	Totales X3	0	0	1	5	8	7	4	3	4	0	0	0	0	0	0	0	0	0	32
22	YK8WG*			0	0	1	2	2	0	0										5
22	Totales YK	0	0	0	0	1	2	2	0	0	0	0	0	0	0	0	0	0	0	5
22	Z150BG			1	0	1	1	1	1	0										5
22	Z151NE			0	1	1	2	1	1	1										7
22	Z151RO			0	1	1	2	1	1	0										6
22	Totales Z1	0	0	1	2	3	5	3	3	1	0	0	0	0	0	0	0	0	0	18
22	Z203XO			0	0	0	0	1	0	0										1
22	Z210NE			0	1	1	0	0	0	0										2
22	Z212NE			0	1	2	2	1	0	0										6
22	Totales Z2	0	0	0	2	3	2	2	0	0	0	0	0	0	0	0	0	0	0	9
22	Z452RO			0	1	0	1	1	0	0										3
22	Z453CF			0	1	1	0	0	1	0										3
22	Z454AZ			0	1	1	1	1	0	0										4
22	Z454MA			0	1	0	0	0	0	0										1
22	Z455CF			0	1	2	1	1	1	0										6
22	Z455NE			0	1	1	0	1	0	0										3
22	Z456MI			0	0	1	1	0	0	0										2
22	Z456NE			0	1	2	2	1	1	0										7
22	Totales Z4	0	0	0	7	8	6	5	3	0	0	0	0	0	0	0	0	0	0	29
22	Z592BR			0	1	2	2	1	0	0										6
22	Z592NE			0	1	2	1	0	0	0										4
22	Z593RO			0	1	1	1	1	0	0										4
22	Z594AZ			0	0	0	1	1	1	0										3
22	Z594NE			0	0	0	2	0	0	0										2
22	Z595AZ			0	1	1	1	1	1	0										5
22	Z595CF			0	0	1	2	0	1	0										4
22	Totales Z5	0	0	0	4	7	10	4	3	0	0	0	0	0	0	0	0	0	0	28
22	Z707MA			0	1	0	0	1	0	0										2
22	Z707NE			0	1	1	2	0	1	0										5
22	Z708BG			0	1	1	2	1	1	0										6
22	Z709NE			0	1	2	2	1	1	0										7
22	Totales Z7	0	0	0	4	4	6	3	3	0	0	0	0	0	0	0	0	0	0	20
22	ZA13BR			0	1	2	2	0	0	0										5
22	ZA14TA			0	0	0	1	1	1	1										4
22	ZA16NE			1	0	0	0	0	0	0										1
22	ZA19BR			0	1	2	1	0	0	0										4
22	ZA19RO			0	0	1	0	0	1	0										2
22	ZA26NE			0	1	3	2	1	0	0										7
22	ZA28AZ			0	0	2	2	1	0	0										5
22	ZA28OX			0	1	2	2	1	1	1										8
22	ZA30B*			0	1	1	1	1	1	0										5
22	ZA31BG			0	1	0	0	1	1	0										3
22	ZA31CF			0	0	0	0	1	1	0										2
22	ZA33AZ			0	1	1	2	0	1	0										5
22	ZA33BR			0	0	1	1	1	1	0										4
22	Totales ZA	0	0	1	7	15	14	8	8	2	0	0	0	0	0	0	0	0	0	55
22	ZCD2NE			0	0	1	1	0	0	0										2
22	ZCD3AZ			0	0	2	0	0	0	0										2
22	ZCD3BR			0	0	2	2	1	0	0										5
22	ZCD3VI			0	1	2	1	1	0	0										5
22	ZCD3XO			0	0	1	0	1	0	0										2
22	ZCD5NE			0	1	1	2	1	0	0										5
22	ZCD5XO			0	1	2	1	1	0	0										5
22	Totales ZC	0	0	0	3	11	7	5	0	0	0	0	0	0	0	0	0	0	0	26
22	ZD36MB			0	0	0	0	1	0	0										1
22	ZD36NE			0	1	1	0	0	1	0										3
22	ZD37BR			0	1	2	2	0	0	0										5
22	ZD39MB			0	1	1	2	1	0	0										5
22	ZD39NE			0	0	1	0	0	0	0										1
22	ZD40AZ			0	0	2	2	1	0	0										5
22	ZD40MA			0	0	2	0	0	0	0										2
22	ZD41DO			0	0	2	2	0	0	0										4
22	Totales ZD	0	0	0	3	11	8	3	1	0	0	0	0	0	0	0	0	0	0	26
22	ZF26BR			0	1	1	1	1	1	0										5
22	ZF26C*			0	1	1	2	0	1	0										5
22	ZF27MO			0	0	2	2	0	0	0										4
22	ZF34NE			0	1	2	2	1	1	0										7
22	ZF34XO			0	1	1	0	1	1	0										4
22	ZF35BR			0	1	2	1	1	1	0										6
22	ZF38B*			0	0	2	2	1	0	0										5
22	ZF39RO			0	0	0	0	1	0	0										1
22	ZF46HF			0	0	1	1	0	1	0										3
22	ZF48BG			0	0	0	0	1	0	0										1
22	ZF49BR			0	0	1	1	1	0	0										3
22	ZF50C*			0	0	0	0	1	0	0										1
22	ZF50NE			0	1	2	1	1	1	0										6
22	ZF72NE			0	1	2	2	0	1	0										6
22	ZF72RO			0	0	1	0	1	0	0										2
22	Totales ZF	0	0	0	7	18	15	11	8	0	0	0	0	0	0	0	0	0	0	59
22	ZG23AZ			1	0	0	0	0	2	0										3
22	ZG23BG			1	0	0	0	1	0	0										2
22	ZG25NE			0	0	1	0	0	0	0										1
22	Totales ZG	0	0	2	0	1	0	1	2	0	0	0	0	0	0	0	0	0	0	6
22	ZH80LU			0	1	0	0	1	0	0										2
22	ZH80NE			0	1	2	0	0	1	0										4
22	ZH81RO			0	1	2	2	0	0	0										5
22	ZH83BR			0	1	1	0	0	1	0										3
22	ZH84MA			0	0	2	2	1	0	0										5
22	ZH84NE			0	1	2	2	1	1	0										7
22	ZH85DO			0	0	0	0	1	1	0										2
22	Totales ZH	0	0	0	5	9	6	4	4	0	0	0	0	0	0	0	0	0	0	28
22	ZJ01MB			0	0	0	1	1	0	0										2
22	ZJ01RN			0	0	0	1	0	1	0										2
22	ZJ07MB			0	0	0	1	0	0	0										1
22	ZJ08RN			0	1	1	0	1	0	0										3
22	ZJ08RO			0	1	0	0	0	0	0										1
22	ZJ09CF			0	0	2	0	1	1	0										4
22	ZJ09RN			0	0	2	2	1	0	0										5
22	ZJ13CF			0	1	1	0	1	0	0										3
22	ZJ13RN			0	0	0	0	0	1	0										1
22	ZJ15MI			0	0	1	1	0	1	0										3
22	ZJ18AZ			0	0	1	0	0	0	0										1
22	ZJ33HR			0	1	1	1	1	0	0										4
22	ZJ33VE			0	1	1	0	0	1	0										3
22	ZJ34CR			0	0	2	0	1	0	0										3
22	ZJ34NE			0	1	2	1	1	1	0										6
22	ZJ34RO			0	0	1	0	1	0	0										2
22	ZJ35AZ			0	0	1	2	0	1	0										4
22	ZJ35MI			0	1	2	0	1	0	0										4
22	ZJ40BG			0	1	0	0	0	0	0										1
22	ZJ40BR			0	0	0	0	0	1	0										1
22	ZJ41NE			0	0	0	1	0	0	0										1
22	ZJ42CF			0	0	0	0	1	0	0										1
22	ZJ42RN			0	0	0	0	0	1	0										1
22	ZJ50PL			0	0	1	1	0	0	0										2
22	Totales ZJ	0	0	0	8	19	12	11	9	0	0	0	0	0	0	0	0	0	0	59
22	ZM56BR			0	1	0	2	0	0	0										3
22	ZM56DO			0	0	2	1	0	0	0										3
22	ZM57NE			0	0	0	1	0	0	0										1
22	ZM57RO			0	0	1	0	0	1	0										2
22	Totales ZM	0	0	0	1	3	4	0	1	0	0	0	0	0	0	0	0	0	0	9
22	ZO16IA			0	1	1	0	0	0	0										2
22	ZO16MI			0	0	2	1	0	0	0										3
22	ZO16RN			0	1	0	0	0	0	0										1
22	Totales ZO	0	0	0	2	3	1	0	0	0	0	0	0	0	0	0	0	0	0	6
22	ZP20BG			0	1	0	1	0	1	0										3
22	ZP20RO			0	1	2	1	1	1	0										6
22	ZP21AZ			0	1	1	2	1	0	0										5
22	ZP21MI			0	0	2	1	0	1	0										4
22	Totales ZP	0	0	0	3	5	5	2	3	0	0	0	0	0	0	0	0	0	0	18
22	ZQ06C*			0	1	0	0	0	0	0										1
22	ZQ09NE			0	0	0	1	1	1	0										3
22	ZQ24DO			0	1	2	3	1	0	0										7
22	ZQ24RO			0	0	2	2	1	1	0										6
22	ZQ35CF			0	0	1	0	0	1	0										2
22	ZQ36DO			0	0	1	1	0	1	0										3
22	ZQ37RS			0	1	1	0	0	0	0										2
22	ZQ37VE			0	1	1	0	0	1	0										3
22	ZQ41CF			0	1	0	2	1	1	0										5
22	Totales ZQ	0	0	0	5	8	9	4	6	0	0	0	0	0	0	0	0	0	0	32
22	ZU08NE			0	0	1	0	1	0	0										2
22	ZU08RO			0	0	1	1	1	0	0										3
22	ZU09AZ			0	1	2	0	0	0	0										3
22	ZU09DO			0	1	2	0	1	0	0										4
22	ZU14NE			0	1	2	2	1	0	0										6
22	ZU14TA			0	1	2	2	1	1	0										7
22	ZU15BR			0	0	3	1	1	0	0										5
22	ZU15MI			0	1	1	2	0	0	0										4
22	Totales ZU	0	0	0	5	14	8	6	1	0	0	0	0	0	0	0	0	0	0	34
22	ZV52RS			0	1	0	1	1	0	0										3
22	ZV52XM			0	1	0	2	1	0	0										4
22	ZV57LU			0	0	0	2	0	1	0										3
22	ZV58CF			0	1	1	0	0	0	0										2
22	ZV58NR			0	0	0	0	0	1	0										1
22	ZV60LU			0	1	1	1	0	1	0										4
22	ZV60RO			0	1	0	1	0	0	0										2
22	ZV62AZ			0	1	2	2	1	1	0										7
22	ZV62DO			0	0	2	0	1	1	0										4
22	ZV63BR			0	0	1	2	1	1	0										5
22	ZV63RO			0	1	1	2	1	1	0										6
22	Totales ZV	0	0	0	7	8	13	6	7	0	0	0	0	0	0	0	0	0	0	41
22	ZWP1AZ			1	2	2	4	1	0	0										10
22	ZWP1MA			0	2	4	1	3	0	1										11
22	ZWP1NE			1	1	3	4	4	1	1										15
22	ZWP1NR			0	0	1	0	0	0	0										1
22	ZWP1RO			0	0	3	3	2	0	1										9
22	ZWP1VI			0	2	3	2	0	0	1										8
22	ZWP2BG			1	2	4	3	1	2	0										13
22	ZWP2GR			0	2	3	2	0	1	1										9
22	ZWP2MA			1	1	3	4	2	1	0										12
22	ZWP2NE			1	2	2	5	2	2	0										14
22	Totales ZW	0	0	5	14	28	28	15	7	5	0	0	0	0	0	0	0	0	0	102
22	ZX35NE			0	0	2	1	1	0	0										4
22	ZX35XO			0	0	1	0	1	0	0										2
22	ZX36NE			0	1	1	0	0	0	0										2
22	ZX36UV			0	1	0	0	1	0	0										2
22	ZX38BR			0	1	1	1	1	1	0										5
22	ZX38NE			0	1	2	0	0	0	0										3
22	Totales ZX	0	0	0	4	7	2	4	1	0	0	0	0	0	0	0	0	0	0	18
22	ZY80NE			0	1	0	0	0	0	0										1
22	ZY80RO			0	1	2	2	1	0	0										6
22	ZY81NE			0	1	2	2	1	0	0										6
22	ZY82BG			0	1	2	2	0	0	0										5
22	ZY82MA			0	0	2	2	1	0	0										5
22	Totales ZY	0	0	0	4	8	8	3	0	0	0	0	0	0	0	0	0	0	0	23
22	CREMA**	36																		36
22	CREMAMB	1																		1
22	CREMARO	1																		1
22	CREMAUV	2																		2
22	Totales CR	40	0	0	0	0	0	0	0	0	0	0	0	0	0	0	0	0	0	40
22	O303MI	1																		1
22	O304AZ	1																		1
22	O304RO	1																		1
22	O321HF	2																		2
22	O321NE	1																		1
22	O322CF	2																		2
22	O322NE	1																		1
22	O323HF	2																		2
22	O323NE	2																		2
22	O350NE	2																		2
22	O3B1NE	2																		2
22	O3B2AZ	1																		1
22	O3B3MI	2																		2
22	O3B4A*	1																		1
22	O3B4N*	2																		2
22	O3B5A*	1																		1
22	O3B5N*	1																		1
22	O3B6NE	1																		1
22	O3B6VE	1																		1
22	O3B7NE	1																		1
22	O3B7VE	2																		2
22	O3C2A*	2																		2
22	O3C2N*	2																		2
22	O3C3VE	1																		1
22	O3M1AZ	1																		1
22	O3M1MI	1																		1
22	O3M1NE	2																		2
22	O3M1RO	1																		1
22	O3M2A*	3																		3
22	O3M2N*	2																		2
22	O3M3VE	2																		2
22	O3T1NE	1																		1
22	O3T1VE	2																		2
22	O3T2A*	2																		2
22	O3T2N*	1																		1
22	Totales O3	53	0	0	0	0	0	0	0	0	0	0	0	0	0	0	0	0	0	53
22	OC09BR	2																		2
22	OC09NE	2																		2
22	OC17NE	2																		2
22	OC54DO	1																		1
22	OC63BR	2																		2
22	OC68MI	2																		2
22	OC76DO	2																		2
22	OC76NE	2																		2
22	OC97DO	2																		2
22	OC97RO	1																		1
22	Totales OC	18	0	0	0	0	0	0	0	0	0	0	0	0	0	0	0	0	0	18
22	OD31BG	1																		1
22	Totales OD	1	0	0	0	0	0	0	0	0	0	0	0	0	0	0	0	0	0	1
22	OE20NE	2																		2
22	OE21HF	1																		1
22	OE22HF	2																		2
22	OE22NE	2																		2
22	OE23NE	2																		2
22	OE23WB	2																		2
22	OEB1RO	1																		1
22	OEB2R2	2																		2
22	OEB3R2	2																		2
22	OEL2R2	2																		2
22	OET1NE	1																		1
22	OET1TA	1																		1
22	OET2NE	1																		1
22	OET2WB	2																		2
22	Totales OE	23	0	0	0	0	0	0	0	0	0	0	0	0	0	0	0	0	0	23
22	OF14MB	1																		1
22	OF15CF	1																		1
22	OF16HF	1																		1
22	OF17AS	3																		3
22	OF17AZ	1																		1
22	OF17RO	1																		1
22	OF18BR	1																		1
22	OF18NE	1																		1
22	OF18RO	1																		1
22	OF19BR	2																		2
22	OF19RO	2																		2
22	OFC1AS	1																		1
22	OFC2BR	2																		2
22	OFC2RO	2																		2
22	OFL1AS	1																		1
22	OFL1AZ	2																		2
22	OFL2BR	1																		1
22	OFL2RO	1																		1
22	Totales OF	25	0	0	0	0	0	0	0	0	0	0	0	0	0	0	0	0	0	25
22	OG01DO	1																		1
22	OG02CF	1																		1
22	OG02NE	1																		1
22	OG12NE	1																		1
22	OG29NE	1																		1
22	Totales OG	5	0	0	0	0	0	0	0	0	0	0	0	0	0	0	0	0	0	5
22	OK1BCN	1																		1
22	OK1TCF	1																		1
22	OK1TCN	1																		1
22	OK1TNE	1																		1
22	OK2TCF	1																		1
22	OK2TNE	1																		1
22	OK35NE	1																		1
22	OK35OR	2																		2
22	OK37BR	1																		1
22	OK80NE	1																		1
22	OK81CF	1																		1
22	OK81NE	1																		1
22	OKB2CF	1																		1
22	OKB3XO	1																		1
22	OKB5NR	1																		1
22	OKC1RS	1																		1
22	OKL2RO	1																		1
22	OKL4NR	2																		2
22	OKP2XO	1																		1
22	OKT2RO	1																		1
22	Totales OK	22	0	0	0	0	0	0	0	0	0	0	0	0	0	0	0	0	0	22
22	OL65CN	2																		2
22	OL65NE	2																		2
22	Totales OL	4	0	0	0	0	0	0	0	0	0	0	0	0	0	0	0	0	0	4
22	OM36NE	1																		1
22	OM42NE	1																		1
22	Totales OM	2	0	0	0	0	0	0	0	0	0	0	0	0	0	0	0	0	0	2
22	ON28BR	1																		1
22	ON28NE	1																		1
22	ON34CF	1																		1
22	ON46MB	2																		2
22	Totales ON	5	0	0	0	0	0	0	0	0	0	0	0	0	0	0	0	0	0	5
22	OO26BG	1																		1
22	Totales OO	1	0	0	0	0	0	0	0	0	0	0	0	0	0	0	0	0	0	1
22	OP56BR	1																		1
22	OP56NE	1																		1
22	OP59MB	1																		1
22	OP60NE	1																		1
22	OP60RO	1																		1
22	Totales OP	5	0	0	0	0	0	0	0	0	0	0	0	0	0	0	0	0	0	5
22	OQ57RO	1																		1
22	OQ60AZ	1																		1
22	OQ60CF	1																		1
22	OQ67CF	1																		1
22	OQ68RO	2																		2
22	OQC2R*	1																		1
22	OQL1R*	2																		2
22	OQL1RO	1																		1
22	OQT1R*	2																		2
22	OQT1RO	2																		2
22	Totales OQ	14	0	0	0	0	0	0	0	0	0	0	0	0	0	0	0	0	0	14
22	OT21CF	2																		2
22	OT25MI	1																		1
22	OT26NE	2																		2
22	OT39NE	1																		1
22	OT40BG	1																		1
22	OT40HF	1																		1
22	OT44AZ	1																		1
22	OT44RS	1																		1
22	OT51CF	1																		1
22	OT51RO	1																		1
22	OT52CF	2																		2
22	OT52RO	2																		2
22	OT54CQ	2																		2
22	OT54PL	2																		2
22	OT56CQ	2																		2
22	OT56PL	2																		2
22	OT64NE	1																		1
22	OT65AS	1																		1
22	OT65HF	1																		1
22	OT66AS	1																		1
22	OT69D*	1																		1
22	OTC*CQ	1																		1
22	OTC*PL	2																		2
22	OTC4CF	1																		1
22	OTC7NE	2																		2
22	OTC8HF	2																		2
22	OTL1CF	2																		2
22	OTL1CQ	2																		2
22	OTL1PL	2																		2
22	OTM*CF	1																		1
22	OTM*RO	1																		1
22	OTM9D*	2																		2
22	OTP2MB	2																		2
22	OTP4MB	1																		1
22	OTP6RO	1																		1
22	OTP8**	4																		4
22	OTP8HF	2																		2
22	OTT6CF	2																		2
22	OTT6PL	1																		1
22	OTT6RO	2																		2
22	OTT7NE	1																		1
22	OTT9D*	2																		2
22	Totales OT	65	0	0	0	0	0	0	0	0	0	0	0	0	0	0	0	0	0	65
22	OU22CF	2																		2
22	OU22NE	1																		1
22	OU23CF	1																		1
22	Totales OU	4	0	0	0	0	0	0	0	0	0	0	0	0	0	0	0	0	0	4
22	OVC6BG	2																		2
22	Totales OV	2	0	0	0	0	0	0	0	0	0	0	0	0	0	0	0	0	0	2
22	OW96**	1																		1
22	OWES**	9																		9
22	Totales OW	10	0	0	0	0	0	0	0	0	0	0	0	0	0	0	0	0	0	10
22	OX10NE	1																		1
22	OX11CF	1																		1
22	OX11NE	1																		1
22	OX12AZ	1																		1
22	OX24CF	1																		1
22	OX24MI	1																		1
22	Totales OX	6	0	0	0	0	0	0	0	0	0	0	0	0	0	0	0	0	0	6
22	OY97NE	1																		1
22	OY98BG	2																		2
22	Totales OY	3	0	0	0	0	0	0	0	0	0	0	0	0	0	0	0	0	0	3
22	OZB2TA	2																		2
22	Totales OZ	2	0	0	0	0	0	0	0	0	0	0	0	0	0	0	0	0	0	2
22	TARJETA	109																		109
22	Totales TA	109	0	0	0	0	0	0	0	0	0	0	0	0	0	0	0	0	0	109
22	ZS95NE	1																		1
22	ZS96NE	1																		1
22	Totales ZS	2	0	0	0	0	0	0	0	0	0	0	0	0	0	0	0	0	0	2
22	ZT16MA	2																		2
22	ZT17BR	2																		2
22	ZT58CF	1																		1
22	ZT59NE	1																		1
22	ZT59RO	1																		1
22	Totales ZT	7	0	0	0	0	0	0	0	0	0	0	0	0	0	0	0	0	0	7
22	O1C2MI		0	0		0		1		0		0								1
22	Totales O1	0	0	0	0	0	0	1	0	0	0	0	0	0	0	0	0	0	0	1
22	O401HF		0	0		0		0		1		0								1
22	O401TA		0	0		2		0		2		0								4
22	O402MI		0	0		0		0		1		0								1
22	O403HF		0	0		0		0		2		0								2
22	O403WI		0	0		0		1		1		0								2
22	O404HF		0	0		1		0		2		0								3
22	O405CQ		0	0		1		0		0		0								1
22	O406UV		0	0		2		0		2		0								4
22	O407BR		0	0		1		0		1		0								2
22	O407WI		0	0		2		0		2		0								4
22	O408NE		0	0		1		0		2		0								3
22	O408XO		0	0		2		0		2		0								4
22	O409CF		0	0		2		0		2		0								4
22	Totales O4	0	0	0	0	14	0	1	0	20	0	0	0	0	0	0	0	0	0	35
22	OH80MI		0	0		2		0		2		0								4
22	OH80NE		0	0		2		0		1		0								3
22	OHC1MI		0	0		0		1		0		0								1
22	Totales OH	0	0	0	0	4	0	1	0	3	0	0	0	0	0	0	0	0	0	8
22	OQ02MI		0	0		0		0		0		1								1
22	Totales OQ	0	0	0	0	0	0	0	0	0	0	1	0	0	0	0	0	0	0	1
22	OUC1HF		1	0		1		0		1		0								3
22	OUC1NE		0	0		0		0		1		0								1
22	OUC3HF		0	0		0		2		0		0								2
22	OUC4HF		0	0		1		1		1		0								3
22	Totales OU	0	1	0	0	2	0	3	0	3	0	0	0	0	0	0	0	0	0	9
22	ZE76AL		0	1		0		0		0		0								1
22	ZE77MB		0	0		1		0		0		1								2
22	Totales ZE	0	0	1	0	1	0	0	0	0	0	1	0	0	0	0	0	0	0	3
22	O202MI														1	1	0	0		2
22	O202NE														1	0	1	0		2
22	O202RO														0	1	1	0		2
22	O203HF														0	0	1	0		1
22	O204DO														0	2	1	0		3
22	O204GR														1	1	0	0		2
22	O205GR														1	2	1	0		4
22	O208DO														1	0	0	0		1
22	O208GR														1	1	0	0		2
22	Totales O2	0	0	0	0	0	0	0	0	0	0	0	0	0	6	8	5	0	0	19
22	O421A*														1	1	0	0		2
22	O421C*														1	1	0	0		2
22	O421N*														1	1	0	0		2
22	O421R*														1	1	0	0		2
22	O422A*														1	1	0	0		2
22	O422C*														0	1	0	0		1
22	O422N*														1	1	0	0		2
22	O451AZ														0	1	0	0		1
22	O452CF														1	0	0	0		1
22	Totales O4	0	0	0	0	0	0	0	0	0	0	0	0	0	7	8	0	0	0	15
22	OA61AS														1	2	0	0		3
22	OA61AZ														0	0	1	0		1
22	OA62BG														1	1	1	0		3
22	OA63AZ														1	0	0	0		1
22	OA63RO														0	1	1	0		2
22	Totales OA	0	0	0	0	0	0	0	0	0	0	0	0	0	3	4	3	0	0	10
22	OD06BG														0	0	1	0		1
22	OD06CF														0	1	0	1		2
22	OD09NE														0	1	1	0		2
22	OD09RO														0	0	2	0		2
22	OD10LU														0	2	1	0		3
22	OD10NE														0	1	0	0		1
22	Totales OD	0	0	0	0	0	0	0	0	0	0	0	0	0	0	5	5	1	0	11
22	OH51TA														2	1	0	0		3
22	OH51XO														2	2	0	0		4
22	OH52AZ														1	0	0	0		1
22	OH52RO														0	2	0	0		2
22	Totales OH	0	0	0	0	0	0	0	0	0	0	0	0	0	5	5	0	0	0	10
22	Total	428	1	32	241	398	372	295	283	240	63	67	8	0	21	30	13	1	0	2493
14	A703NA			0	1	0	1	0	0	0										2
14	A703NV			0	0	1	0	0	0	0										1
14	A71AN*			0	0	1	1	1	0	0										3
14	Totales A7	0	0	0	1	2	2	1	0	0	0	0	0	0	0	0	0	0	0	6
14	BY35RM			0	1	1	0	0	0	0										2
14	BY35RN			1	1	0	0	0	0	0										2
14	BY39RM			0	1	1	1	1	0	0										4
14	BY39RN			0	0	0	1	0	1	0										2
14	BY50MN			0	0	1	0	0	0	0										1
14	BY50NX			0	1	1	1	1	0	0										4
14	Totales BY	0	0	1	4	4	3	2	1	0	0	0	0	0	0	0	0	0	0	15
14	CG0AMB			0	1	0	1	0	0	0										2
14	CG0ARN			0	1	2	1	1	0	0										5
14	CG28LA			0	1	0	0	1	0	0										2
14	CG28RN			0	1	1	0	1	1	0										4
14	CG58SN			0	1	0	1	0	1	0										3
14	CG58SR			0	1	1	1	1	1	0										5
14	CG9XIP			0	0	0	1	1	0	0										2
14	CG9XRC			0	1	1	2	0	0	0										4
14	Totales CG	0	0	0	7	5	7	5	3	0	0	0	0	0	0	0	0	0	0	27
14	EO44IA			0	1	1	1	1	0	0										4
14	EO44RN			0	1	2	1	1	0	0										5
14	EO46RN			0	1	1	1	1	0	0										4
14	EO46SR			0	1	1	1	1	0	0										4
14	EO73IA			0	1	0	1	0	0	0										2
14	EO73RN			0	1	1	1	0	1	0										4
14	Totales EO	0	0	0	6	6	6	4	1	0	0	0	0	0	0	0	0	0	0	23
14	FB4XN5			0	1	1	1	1	0	0										4
14	FB4XP1			0	1	1	1	1	0	0										4
14	FB78MB			0	0	0	0	1	0	0										1
14	FB78RN			0	1	1	0	1	0	0										3
14	FB82IP			0	1	1	0	1	0	0										3
14	FB82OX			0	1	1	1	0	0	0										3
14	FB82X0			0	0	0	0	1	0	0										1
14	Totales FB	0	0	0	5	5	3	6	0	0	0	0	0	0	0	0	0	0	0	19
14	G714TO			0	1	1	1	1	1	0										5
14	G722CE			0	1	1	1	1	0	0										4
14	G722EY			0	1	1	0	1	1	0										4
14	G722MN			0	1	1	1	1	0	0										4
14	Totales G7	0	0	0	4	4	3	4	2	0	0	0	0	0	0	0	0	0	0	17
14	IX25EL			0	1	1	1	1	0	0										4
14	IX5WNI			0	1	1	0	0	0	0										2
14	IX5WRN			0	0	1	1	0	0	0										2
14	IX7DCR			0	1	1	1	0	0	0										3
14	Totales IX	0	0	0	3	4	3	1	0	0	0	0	0	0	0	0	0	0	0	11
14	JQ7BRN			0	1	0	0	0	0	0										1
14	Totales JQ	0	0	0	1	0	0	0	0	0	0	0	0	0	0	0	0	0	0	1
14	LP01*F			0	1	1	1	0	0	0										3
14	LP01*N			0	1	0	0	1	1	0										3
14	LP01D1			0	1	1	1	1	0	0										4
14	LP01DO			0	2	1	1	2	0	0										6
14	LP01RN			0	1	1	1	0	0	0										3
14	LP01T5			0	1	1	0	0	0	0										2
14	LP09CR			0	1	1	1	0	0	0										3
14	LP09N6			0	1	0	0	0	0	0										1
14	LP0CIA			0	1	0	0	0	0	0										1
14	LP0CRC			0	1	1	1	0	0	0										3
14	LP0CRN			0	0	0	1	0	1	0										2
14	LP0EN2			0	0	1	0	1	0	0										2
14	LP0MCR			0	0	1	0	0	0	0										1
14	LP0MRN			0	1	0	0	0	0	0										1
14	LP1CRN			0	1	1	0	0	0	0										2
14	LP1DR1			0	1	1	1	1	0	0										4
14	LP1NRN			0	1	2	1	1	0	0										5
14	LP1NSR			0	1	0	0	1	0	0										2
14	LP3PRM			1	1	1	1	1	0	0										5
14	LP3PRN			0	0	0	1	1	0	0										2
14	LP62RN			0	1	0	0	0	0	0										1
14	LP6WRC			0	1	1	1	0	0	0										3
14	LP6WRN			0	1	1	0	0	0	0										2
14	LP71OX			0	1	0	1	0	1	0										3
14	LP71PL			0	1	1	0	0	0	0										2
14	LP8PRM			0	1	0	0	1	0	0										2
14	LP8PRN			0	1	1	0	0	0	0										2
14	Totales LP	0	0	1	24	18	13	11	3	0	0	0	0	0	0	0	0	0	0	70
14	NU3MM8			0	1	0	0	1	0	0										2
14	NU3MN8			0	1	0	1	1	0	0										3
14	Totales NU	0	0	0	2	0	1	2	0	0	0	0	0	0	0	0	0	0	0	5
14	P644RN			0	0	0	1	0	1	0										2
14	P679RC			0	1	0	0	1	0	0										2
14	P679RN			0	0	0	1	0	0	0										1
14	P686RM			0	1	1	0	0	0	0										2
14	P686RN			0	1	0	0	0	0	0										1
14	Totales P6	0	0	0	3	1	2	1	1	0	0	0	0	0	0	0	0	0	0	8
14	QR1PNI			0	1	0	1	1	0	0										3
14	QR2PRC			0	1	0	1	1	0	0										3
14	QR2PRN			0	1	0	1	0	0	0										2
14	QR2WIA			0	1	0	1	0	0	0										2
14	QR2WRN			0	1	0	0	1	0	0										2
14	QR3RN3			0	1	1	1	1	0	0										4
14	Totales QR	0	0	0	6	1	5	4	0	0	0	0	0	0	0	0	0	0	0	16
14	R214CF			0	1	1	1	1	0	0										4
14	R214SR			0	0	1	0	1	0	1										3
14	R214XO			0	1	0	1	1	1	0										4
14	Totales R2	0	0	0	2	2	2	3	1	1	0	0	0	0	0	0	0	0	0	11
14	R480RO			0	0	0	1	1	1	0										3
14	Totales R4	0	0	0	0	0	1	1	1	0	0	0	0	0	0	0	0	0	0	3
14	RA03NE			0	1	1	0	1	1	0										4
14	RA03RM			0	1	1	1	1	1	0										5
14	RA05NR			0	0	1	1	0	0	0										2
14	RA07NE			0	1	1	1	1	0	0										4
14	RA07RO			0	0	1	1	1	0	0										3
14	RA07XO			0	1	0	0	1	1	0										3
14	RA15NE			0	1	1	0	0	1	0										3
14	RA15XO			0	0	1	1	1	0	0										3
14	RA21GR			0	0	0	1	1	0	0										2
14	RA21RO			0	0	0	1	0	0	0										1
14	RA47XO			0	0	1	1	1	0	0										3
14	RA90XM			0	1	1	0	1	0	0										3
14	RA90XO			0	1	2	0	0	0	0										3
14	RA94XO			0	1	1	1	1	1	0										5
14	RA95NE			0	1	1	1	0	0	0										3
14	RA95RO			0	1	0	2	1	1	0										5
14	RA95XO			0	1	1	1	0	1	0										4
14	RA96NE			0	0	1	1	1	0	0										3
14	RA96RO			0	1	1	1	0	1	1										5
14	RA96XO			0	0	1	1	1	0	0										3
14	RA98NE			0	1	0	1	1	1	0										4
14	RA98RO			0	0	2	0	1	1	0										4
14	RA98XO			0	1	1	1	1	0	0										4
14	Totales RA	0	0	0	14	20	18	16	10	1	0	0	0	0	0	0	0	0	0	79
14	RB45AN			0	0	1	1	1	0	0										3
14	RB45SN			0	1	1	1	0	0	0										3
14	Totales RB	0	0	0	1	2	2	1	0	0	0	0	0	0	0	0	0	0	0	6
14	RC30MA			0	1	1	1	1	0	0										4
14	RC30NE			0	0	1	1	1	0	0										3
14	RC30RO			0	1	1	0	1	1	0										4
14	RC35NE			0	1	1	1	1	0	0										4
14	RC36RO			0	0	1	0	1	1	0										3
14	Totales RC	0	0	0	3	5	3	5	2	0	0	0	0	0	0	0	0	0	0	18
14	RD68NE			0	0	0	1	0	0	0										1
14	RD68XO			0	1	0	1	1	0	0										3
14	Totales RD	0	0	0	1	0	2	1	0	0	0	0	0	0	0	0	0	0	0	4
14	RG59CF			0	0	1	0	1	1	0										3
14	RG59MI			0	0	0	1	1	0	0										2
14	RG59NE			0	0	1	0	1	0	0										2
14	RG67NE			0	1	1	0	0	0	1										3
14	RG67XO			0	1	0	0	1	1	0										3
14	RG70AZ			0	1	0	1	1	1	0										4
14	RG70LU			0	1	0	1	1	0	0										3
14	RG88RO			0	0	1	0	0	0	0										1
14	Totales RG	0	0	0	4	4	3	6	3	1	0	0	0	0	0	0	0	0	0	21
14	RS00CR			0	0	1	1	0	1	0										3
14	RS00RN			0	1	1	1	1	0	0										4
14	RS06MB			0	1	0	0	2	0	0										3
14	RS0X*C			1	1	1	1	1	1	0										6
14	RS0XIA			0	1	0	0	1	1	0										3
14	RS0XRN			0	1	0	0	1	0	0										2
14	RS37M3			0	1	1	1	1	0	0										4
14	RS37N3			0	1	0	1	1	0	0										3
14	RS3BN1			0	1	1	0	1	0	0										3
14	RS48BR			0	0	1	0	0	1	0										2
14	RS48DO			0	1	0	0	1	0	0										2
14	RS48MB			0	0	1	1	1	1	0										4
14	RS48RN			1	0	1	1	0	1	0										4
14	RS49C1			0	0	1	0	0	0	0										1
14	RS4NML			0	1	1	0	1	1	0										4
14	RS4NRN			0	1	1	1	1	0	0										4
14	RS4NSR			0	1	1	0	2	0	0										4
14	RS57RT			0	0	0	1	1	0	0										2
14	RS5BA9			1	0	0	0	0	0	0										1
14	RS5BN1			0	1	0	1	1	1	0										4
14	RS61L1			0	0	0	0	1	0	0										1
14	RS61N1			0	1	1	0	1	0	0										3
14	RS64OX			0	1	1	0	1	1	0										4
14	RS64RN			0	1	1	0	1	0	0										3
14	RS64SR			0	0	0	0	1	0	0										1
14	RS72PL			0	1	0	1	0	0	0										2
14	RS72RN			0	0	1	0	1	0	0										2
14	RS87LA			0	0	0	1	0	1	0										2
14	RS87RN			0	1	1	0	1	0	0										3
14	RS9YMB			0	1	0	1	1	1	0										4
14	RS9YRN			0	0	2	0	1	1	0										4
14	RS9YSR			0	1	1	1	1	0	0										4
14	Totales RS	0	0	3	20	20	14	27	12	0	0	0	0	0	0	0	0	0	0	96
14	T52BRN			0	1	1	1	1	0	0										4
14	T589RC			0	1	1	1	1	1	0										5
14	Totales T5	0	0	0	2	2	2	2	1	0	0	0	0	0	0	0	0	0	0	9
14	UN2XLA			0	1	1	1	0	0	0										3
14	UN2XRN			0	1	1	0	0	0	0										2
14	UN6DC2			0	1	1	0	1	0	0										3
14	UN6DN3			0	1	0	0	1	0	0										2
14	Totales UN	0	0	0	4	3	1	2	0	0	0	0	0	0	0	0	0	0	0	10
14	VT1BIA			0	1	0	0	0	0	0										1
14	VT1BRN			1	1	0	1	1	0	0										4
14	VT4ARM			0	1	0	0	0	0	0										1
14	VT4ARN			0	0	0	0	0	1	0										1
14	VT6AIA			1	1	0	1	0	0	0										3
14	VT6ARM			0	1	0	0	0	0	1										2
14	VT6ARN			0	1	1	1	0	0	0										3
14	VT7R05			0	0	1	1	1	0	0										3
14	VT8ERN			0	1	0	1	1	1	0										4
14	VT8ESR			0	0	0	0	1	0	0										1
14	VT94BR			0	1	0	1	1	0	0										3
14	VT94RC			0	0	0	0	1	1	0										2
14	VT94RN			1	1	1	1	2	0	0										6
14	VT97A9			0	1	0	0	0	0	0										1
14	VT97BG			0	0	1	0	0	0	0										1
14	Totales VT	0	0	3	10	4	7	8	3	1	0	0	0	0	0	0	0	0	0	36
14	WD8CRM			0	1	1	1	0	0	0										3
14	WD8CRN			0	1	0	0	0	1	0										2
14	Totales WD	0	0	0	2	1	1	0	1	0	0	0	0	0	0	0	0	0	0	5
14	X302RN			0	1	0	0	1	1	0										3
14	X32RT6			0	0	1	1	1	0	0										3
14	X332AZ			0	1	1	1	1	0	0										4
14	X332MD			0	1	1	1	0	0	0										3
14	X332NG			0	1	0	1	1	0	0										3
14	X36Y*F			0	0	0	1	0	0	0										1
14	X36YR1			0	0	1	1	1	0	0										3
14	X376N3			0	0	1	1	1	0	0										3
14	Totales X3	0	0	0	4	5	7	6	1	0	0	0	0	0	0	0	0	0	0	23
14	Z151NE			0	1	1	0	1	0	0										3
14	Z151RO			0	1	1	1	1	0	0										4
14	Totales Z1	0	0	0	2	2	1	2	0	0	0	0	0	0	0	0	0	0	0	7
14	Z452RO			0	1	0	0	0	0	0										1
14	Z453CF			0	0	1	1	1	1	0										4
14	Z454MA			0	0	0	0	1	1	0										2
14	Z455NE			0	0	1	1	1	1	0										4
14	Z456NE			0	1	1	0	1	0	0										3
14	Totales Z4	0	0	0	2	3	2	4	3	0	0	0	0	0	0	0	0	0	0	14
14	Z704NE			0	0	1	1	0	0	0										2
14	Z706NE			0	1	1	1	0	0	0										3
14	Totales Z7	0	0	0	1	2	2	0	0	0	0	0	0	0	0	0	0	0	0	5
14	ZA13BR			0	1	0	1	0	0	0										2
14	ZA14TA			0	1	1	1	1	0	0										4
14	ZA19BR			0	1	1	0	1	0	0										3
14	ZA19RO			0	0	1	1	0	0	1										3
14	ZA26NE			1	0	0	0	1	1	1										4
14	ZA28AZ			0	1	1	0	0	0	0										2
14	ZA28OX			0	0	1	1	0	0	0										2
14	ZA30B*			0	1	0	0	0	1	0										2
14	ZA31BG			0	0	1	1	0	0	0										2
14	ZA33AZ			1	1	1	1	1	0	0										5
14	ZA33BR			0	1	1	1	0	0	0										3
14	Totales ZA	0	0	2	7	8	7	4	2	2	0	0	0	0	0	0	0	0	0	32
14	ZCD3AZ			0	1	0	1	1	0	0										3
14	ZCD3BR			0	0	0	1	0	0	0										1
14	ZCD3VI			0	1	1	0	1	0	0										3
14	ZCD3XO			0	1	0	0	0	0	0										1
14	ZCD5NE			0	1	1	1	1	0	0										4
14	ZCD5XO			0	1	1	0	0	0	0										2
14	Totales ZC	0	0	0	5	3	3	3	0	0	0	0	0	0	0	0	0	0	0	14
14	ZD36NE			0	1	0	1	1	0	0										3
14	ZD39MB			0	1	0	1	1	0	0										3
14	ZD39NE			0	0	1	1	1	0	0										3
14	ZD40AZ			0	0	1	0	1	0	0										2
14	ZD40MA			0	1	0	0	1	0	0										2
14	ZD41DO			0	1	1	1	1	1	0										5
14	Totales ZD	0	0	0	4	3	4	6	1	0	0	0	0	0	0	0	0	0	0	18
14	ZF34NE			0	0	1	1	1	0	0										3
14	ZF34XO			0	0	1	0	0	0	0										1
14	ZF35BR			0	1	1	1	0	0	0										3
14	ZF39AZ			0	0	1	0	0	0	0										1
14	ZF39RO			0	1	1	0	0	0	0										2
14	ZF46HF			0	1	1	1	1	0	0										4
14	ZF48BG			0	1	1	1	1	0	0										4
14	ZF49BR			0	1	1	1	1	0	0										4
14	ZF50C*			0	0	1	0	1	1	0										3
14	ZF72RO			0	1	0	1	0	0	0										2
14	Totales ZF	0	0	0	6	9	6	5	1	0	0	0	0	0	0	0	0	0	0	27
14	ZH80LU			0	1	1	0	1	0	0										3
14	ZH80NE			0	1	1	1	0	0	1										4
14	ZH83BR			0	0	0	0	1	0	0										1
14	ZH84MA			0	1	0	1	1	0	0										3
14	ZH84NE			0	1	1	1	1	0	0										4
14	ZH85DO			0	0	0	1	0	1	0										2
14	Totales ZH	0	0	0	4	3	4	4	1	1	0	0	0	0	0	0	0	0	0	17
14	ZJ01HR			0	1	0	0	1	0	0										2
14	ZJ01MB			0	1	0	1	1	0	0										3
14	ZJ01RN			0	1	0	1	0	0	0										2
14	ZJ02RN			0	1	1	1	1	1	0										5
14	ZJ07MB			0	0	0	0	1	0	0										1
14	ZJ08RN			0	1	1	0	1	0	0										3
14	ZJ08RO			0	0	1	0	1	0	0										2
14	ZJ09CF			0	0	1	1	1	0	0										3
14	ZJ13RN			0	0	0	0	0	0	1										1
14	ZJ18AZ			0	0	0	1	0	1	0										2
14	ZJ18CF			0	0	1	1	0	0	0										2
14	ZJ33HR			0	1	1	1	0	0	0										3
14	ZJ34CR			0	1	0	1	1	0	0										3
14	ZJ34NE			0	1	1	0	1	0	0										3
14	ZJ34RO			0	1	1	0	1	1	0										4
14	ZJ35MI			0	1	0	1	0	1	0										3
14	ZJ40BG			0	1	1	1	1	0	0										4
14	ZJ41DO			0	1	1	0	1	0	0										3
14	ZJ41NE			0	1	1	1	1	1	0										5
14	ZJ42RN			0	1	0	0	1	1	0										3
14	ZJ50PL			0	1	1	0	1	0	0										3
14	Totales ZJ	0	0	0	15	12	11	15	6	1	0	0	0	0	0	0	0	0	0	60
14	ZO16IA			0	1	0	0	0	0	0										1
14	ZO16MI			0	1	0	0	0	0	0										1
14	ZO16RO			0	0	1	0	0	0	0										1
14	Totales ZO	0	0	0	2	1	0	0	0	0	0	0	0	0	0	0	0	0	0	3
14	ZQ06C*			0	1	0	1	0	0	0										2
14	ZQ24DO			0	1	1	0	0	0	0										2
14	ZQ31C*			0	1	0	0	1	0	0										2
14	ZQ41CF			0	1	1	1	0	0	0										3
14	Totales ZQ	0	0	0	4	2	2	1	0	0	0	0	0	0	0	0	0	0	0	9
14	ZU14NE			0	1	1	1	1	0	0										4
14	ZU15BR			0	1	1	0	1	0	0										3
14	ZU15MI			0	1	0	1	1	1	0										4
14	Totales ZU	0	0	0	3	2	2	3	1	0	0	0	0	0	0	0	0	0	0	11
14	ZWP1AZ			0	0	1	2	0	0	0										3
14	ZWP1MA			0	1	2	1	0	1	0										5
14	ZWP1NE			0	0	2	2	1	0	0										5
14	ZWP1NR			0	0	0	1	0	0	0										1
14	ZWP1RO			0	1	2	2	1	0	0										6
14	ZWP1VI			0	1	1	2	0	0	0										4
14	ZWP2BG			0	1	2	2	2	1	0										8
14	ZWP2GR			0	1	2	2	1	1	0										7
14	ZWP2MA			0	1	2	2	2	1	0										8
14	ZWP2NE			0	1	2	2	2	1	0										8
14	ZWP2RO			0	1	0	0	1	0	0										2
14	Totales ZW	0	0	0	8	16	18	10	5	0	0	0	0	0	0	0	0	0	0	57
14	CREMA**	5																		5
14	CREMAES	1																		1
14	CREMALI	1																		1
14	CREMAMA	3																		3
14	CREMAMB	1																		1
14	CREMANE	1																		1
14	CREMARO	2																		2
14	CREMASP	1																		1
14	CREMAUV	1																		1
14	Totales CR	16	0	0	0	0	0	0	0	0	0	0	0	0	0	0	0	0	0	16
14	OM37NE	1																		1
14	Totales OM	1	0	0	0	0	0	0	0	0	0	0	0	0	0	0	0	0	0	1
14	OP59NE	1																		1
14	Totales OP	1	0	0	0	0	0	0	0	0	0	0	0	0	0	0	0	0	0	1
14	OS51MI	1																		1
14	Totales OS	1	0	0	0	0	0	0	0	0	0	0	0	0	0	0	0	0	0	1
14	OT38CF	1																		1
14	OT39NE	1																		1
14	Totales OT	2	0	0	0	0	0	0	0	0	0	0	0	0	0	0	0	0	0	2
14	OU22CF	1																		1
14	OU22NE	1																		1
14	Totales OU	2	0	0	0	0	0	0	0	0	0	0	0	0	0	0	0	0	0	2
14	OX13DO	1																		1
14	Totales OX	1	0	0	0	0	0	0	0	0	0	0	0	0	0	0	0	0	0	1
14	TARJETA	23																		23
14	Totales TA	23	0	0	0	0	0	0	0	0	0	0	0	0	0	0	0	0	0	23
14	ZT58NE	1																		1
14	Totales ZT	1	0	0	0	0	0	0	0	0	0	0	0	0	0	0	0	0	0	1
14	O421A*														1	1	0	0		2
14	O421C*														1	1	0	0		2
14	O421N*														1	1	0	0		2
14	O421R*														1	1	0	0		2
14	O422A*														1	1	0	0		2
14	O422C*														0	1	0	0		1
14	O422N*														1	1	0	0		2
14	O422R*														1	1	0	0		2
14	Totales O4	0	0	0	0	0	0	0	0	0	0	0	0	0	7	8	0	0	0	15
14	Total	48	0	10	196	184	173	176	66	8	0	0	0	0	7	8	0	0	0	876
9	0D58RC					0	0	1	1	1	0	0	0	0					0	3
9	0D70**					0	0	0	0	0	0	1	0	0					0	1
9	0D70EB					0	0	0	0	1	1	0	0	0					0	2
9	Totales 0D	0	0	0	0	0	0	1	1	2	1	1	0	0	0	0	0	0	0	6
9	0X16**					0	0	0	0	2	0	1	0	0					0	3
9	0X16XM					0	0	0	3	2	2	0	0	0						7
9	0X16XN					0	0	0	0	1	4	0	0	0						5
9	0X53XM					0	0	1	1	0	1	1	0	0						4
9	0X65XM					0	1	0	0	1	0	1	1	0						4
9	0X65XN					0	0	0	0	0	0	1	1	0						2
9	0X78XN					0	0	0	0	1	1	0	1	0						3
9	0X86XL					0	0	0	1	1	2	0	1	0						5
9	0X98XL					0	0	0	0	1	1	2	0	0						4
9	0X98XM					0	0	0	0	1	2	0	1	0						4
9	Totales 0X	0	0	0	0	0	1	1	5	10	13	6	5	0	0	0	0	0	0	41
9	1C18GN					0	0	0	2	3	0	0	0	0						5
9	Totales 1C	0	0	0	0	0	0	0	2	3	0	0	0	0	0	0	0	0	0	5
9	2D87TL					0	0	0	0	1	0	0	0	0						1
9	Totales 2D	0	0	0	0	0	0	0	0	1	0	0	0	0	0	0	0	0	0	1
9	3B00XC					0	0	0	0	0	2	0	0	0						2
9	3B01TT					0	0	0	0	2	0	1	0	0						3
9	3B01XN					0	0	0	0	2	0	2	0	0						4
9	3B02NM					0	0	0	0	0	1	1	0	0						2
9	3B02XG					0	1	0	0	1	2	0	0	0						4
9	3B15XN					0	0	1	0	1	1	0	0	0						3
9	3B22XN					0	0	1	1	3	0	0	0	0					0	5
9	3B26**					0	0	0	0	1	0	2	0	0						3
9	3B26TL					0	0	0	1	0	0	0	0	0						1
9	3B26TN					0	0	1	1	1	0	2	0	0						5
9	3B28**					0	1	0	1	0	0	0	0	0						2
9	3B28TJ					0	0	1	0	0	0	0	0	0						1
9	3B46TN					0	0	0	0	0	0	1	0	0						1
9	3B49XC					0	0	0	0	1	0	0	0	0						1
9	3B49XN					0	0	0	1	0	0	0	0	0						1
9	Totales 3B	0	0	0	0	0	2	4	5	12	6	9	0	0	0	0	0	0	0	38
9	4H47**					0	0	0	1	0	0	0	0	0					0	1
9	4H62**					0	0	0	0	0	0	1	0	0					0	1
9	4H62XN					0	0	1	1	1	1	0	0	0					0	4
9	4H72**					0	0	0	0	1	1	0	0	0					0	2
9	4H77XN					0	0	1	0	0	0	0	0	0					0	1
9	4H97**					0	0	0	1	0	0	0	0	0					0	1
9	4H98XN					0	0	1	0	2	1	0	0	0					0	4
9	Totales 4H	0	0	0	0	0	0	3	3	4	3	1	0	0	0	0	0	0	0	14
9	4WZZ**					0	0	0	0	0	0	0	0	3						3
9	Totales 4W	0	0	0	0	0	0	0	0	0	0	0	0	3	0	0	0	0	0	3
9	5L33TT					0	0	1	0	0	0	0	0	0						1
9	5L44**					0	0	0	0	0	0	0	1	0						1
9	5L44TL					0	0	0	0	1	0	0	0	0						1
9	Totales 5L	0	0	0	0	0	0	1	0	1	0	0	1	0	0	0	0	0	0	3
9	6F03TJ					0	0	0	0	0	1	0	0	0						1
9	6F24**					0	0	0	0	0	1	1	0	0						2
9	6F24TN					0	0	0	0	1	0	0	0	0						1
9	6F24XC					0	0	0	0	0	2	1	1	0						4
9	6F34TN					0	0	1	0	1	1	0	0	0					0	3
9	6F36TL					0	0	0	0	0	1	1	0	0						2
9	6F50**					0	0	0	0	0	0	1	0	0						1
9	6F50TM					0	0	0	0	0	1	0	0	0						1
9	6F67TN					0	0	0	1	0	0	0	0	0						1
9	Totales 6F	0	0	0	0	0	0	1	1	2	7	4	1	0	0	0	0	0	0	16
9	7M41XM					0	0	0	2	0	1	0	0	0						3
9	7M41XN					0	0	0	0	0	0	0	1	0						1
9	7M42**					0	1	0	0	0	0	0	0	0						1
9	7M42XC					0	0	0	1	0	0	0	0	0					0	1
9	7M45XN					0	0	0	0	0	2	1	0	0						3
9	7M53XN					0	0	0	0	4	0	1	1	0					0	6
9	7M57**					0	0	1	0	0	0	0	0	0					0	1
9	7M57XN					0	0	0	0	0	0	1	0	0						1
9	Totales 7M	0	0	0	0	0	1	1	3	4	3	3	2	0	0	0	0	0	0	17
9	8D04TJ					0	0	0	0	2	0	1	0	0						3
9	8D04TN					0	0	0	0	1	0	2	0	0						3
9	8D25**					0	0	0	0	0	0	2	0	0					0	2
9	8D25C8					0	0	0	2	4	2	1	0	0						9
9	8D25M8					0	0	1	0	0	0	1	0	0					0	2
9	8D37TM					0	0	1	0	0	1	1	2	0						5
9	8D37TN					0	0	0	0	4	0	1	0	0						5
9	8D54**					0	0	0	0	0	0	2	0	0					0	2
9	Totales 8D	0	0	0	0	0	0	2	2	11	3	11	2	0	0	0	0	0	0	31
9	9G73TL					0	0	0	0	0	0	1	0	0						1
9	Totales 9G	0	0	0	0	0	0	0	0	0	0	1	0	0	0	0	0	0	0	1
9	9H16**					0	0	0	0	0	1	0	0	0						1
9	9H16XM					0	0	0	2	1	0	1	0	0						4
9	9H16XN					0	0	0	0	0	1	0	0	0						1
9	9H47**					0	0	0	0	1	0	0	0	0						1
9	9H47XM					0	0	0	0	0	0	1	0	0						1
9	9H47XN					0	0	0	0	0	1	1	0	0						2
9	9H65XC					0	0	1	0	0	0	2	0	0						3
9	9H79XM					0	0	0	0	0	0	3	0	0						3
9	9H83XJ					0	0	0	0	2	0	1	0	0						3
9	9H83XN					0	0	0	0	0	0	1	0	0						1
9	9H89XJ					0	0	0	1	0	0	1	1	0						3
9	9H89XN					0	0	1	0	0	0	2	0	0						3
9	9H98**					0	0	0	0	0	1	0	0	0						1
9	9H98XJ					0	0	1	0	0	1	0	1	0						3
9	9H98XN					0	0	1	0	0	0	0	0	0						1
9	Totales 9H	0	0	0	0	0	0	4	3	4	5	13	2	0	0	0	0	0	0	31
9	BH40XC					0	0	1	3	1	0	2	0	0					0	7
9	BH74**					0	0	0	0	1	0	0	0	0					0	1
9	BH74IA					0	0	1	1	0	1	0	0	0					0	3
9	Totales BH	0	0	0	0	0	0	2	4	2	1	2	0	0	0	0	0	0	0	11
9	BJ30XL					0	0	0	0	0	2	2	1	0						5
9	BJ51XM					0	0	0	2	3	3	2	0	0						10
9	BJ51XN					0	0	0	0	4	2	2	0	0						8
9	BJ59**					0	0	1	0	0	0	0	1	0						2
9	BJ59XL					0	0	0	0	0	0	0	1	0						1
9	BJ59XN					0	0	2	0	0	2	1	1	0						6
9	BJ75AL					0	0	0	0	0	0	1	2	0						3
9	BJ82XM					0	0	0	1	4	4	4	0	0						13
9	BJ82XN					0	0	1	3	6	3	0	1	0						14
9	Totales BJ	0	0	0	0	0	0	4	6	17	16	12	7	0	0	0	0	0	0	62
9	M411**					0	0	1	0	0	0	0	0	0					0	1
9	M412**					0	0	0	0	0	1	0	0	0					0	1
9	Totales M4	0	0	0	0	0	0	1	0	0	1	0	0	0	0	0	0	0	0	2
9	MHBP**					0	0	1	0	3	0	0	0	0						4
9	MHZC**					0	0	0	0	3	0	0	0	0						3
9	MHZP**					0	0	1	3	7	0	0	0	0						11
9	Totales MH	0	0	0	0	0	0	2	3	13	0	0	0	0	0	0	0	0	0	18
9	OU70CF					0	0	1	1	2	0	0	0	0					0	4
9	OU71CF					0	0	1	0	2	0	1	0	0					0	4
9	Totales OU	0	0	0	0	0	0	2	1	4	0	1	0	0	0	0	0	0	0	8
9	R033XO					0	0	1	1	2	2	3	1	0						10
9	Totales R0	0	0	0	0	0	0	1	1	2	2	3	1	0	0	0	0	0	0	10
9	R606XO					0	0	0	0	1	0	0	0	0						1
9	R631XO					0	0	1	0	0	0	0	0	0						1
9	R645XO					0	1	1	0	1	1	1	0	0						5
9	R670XO					0	0	1	0	0	0	0	0	0						1
9	Totales R6	0	0	0	0	0	1	3	0	2	1	1	0	0	0	0	0	0	0	8
9	R765XN					0	0	0	1	0	0	0	0	0						1
9	R765XO					0	0	0	0	1	0	1	0	0						2
9	R766XN					0	0	0	2	1	0	0	0	0						3
9	R767XM					0	1	0	0	0	0	0	0	0						1
9	Totales R7	0	0	0	0	0	1	0	3	2	0	1	0	0	0	0	0	0	0	7
9	Z630XO					0	0	1	0	0	0	0	0	0						1
9	Z631XM					0	0	0	0	0	1	0	0	0						1
9	Totales Z6	0	0	0	0	0	0	1	0	0	1	0	0	0	0	0	0	0	0	2
9	Z801MI					0	0	0	1	0	3	1	0	0						5
9	Z801TA					0	0	0	0	0	1	0	0	0						1
9	Z802TA					0	0	2	1	0	0	1	0	0						4
9	Z803MA					0	0	1	0	0	0	3	0	0						4
9	Z803MI					0	0	0	0	1	1	1	0	0						3
9	Totales Z8	0	0	0	0	0	0	3	2	1	5	6	0	0	0	0	0	0	0	17
9	Z901NE					0	0	0	1	1	0	1	0	0						3
9	Z901TA					0	0	0	0	0	0	1	0	0						1
9	Z902HF					0	0	0	0	1	0	0	0	0						1
9	Z902NE					0	0	1	1	0	0	0	0	0						2
9	Z903HF					0	0	0	0	1	0	0	0	0						1
9	Z904NE					0	0	1	0	2	1	1	0	0						5
9	Z904XO					0	0	1	2	2	0	1	0	0						6
9	Z905CF					0	0	0	1	1	0	0	0	0						2
9	Z905NE					0	0	0	0	2	0	1	1	0						4
9	Totales Z9	0	0	0	0	0	0	3	5	10	1	5	1	0	0	0	0	0	0	25
9	ZK10NT					0	0	0	0	0	0	1	0	0						1
9	Totales ZK	0	0	0	0	0	0	0	0	0	0	1	0	0	0	0	0	0	0	1
9	ZN66CQ					0	0	0	1	0	0	0	0	0						1
9	ZN68CA					0	0	0	0	0	1	1	1	0						3
9	ZN70UV					0	0	0	0	0	0	1	0	0						1
9	ZN81UV					0	0	2	0	1	3	0	0	0						6
9	ZN87CA					0	0	0	0	0	0	1	0	0						1
9	ZN92MA					0	0	1	1	1	1	1	0	0					0	5
9	ZN92NE					0	0	2	1	2	2	2	0	0					0	9
9	Totales ZN	0	0	0	0	0	0	5	3	4	7	6	1	0	0	0	0	0	0	26
9	ZO02XN					0	0	0	0	0	0	2	1	0						3
9	ZO02XO					0	0	0	0	0	0	1	0	0						1
9	ZO05XM					0	0	0	0	0	0	1	0	0						1
9	ZO05XO					0	0	0	0	1	0	2	0	0						3
9	ZO20XM					0	0	3	0	0	0	0	0	0						3
9	ZO20XN					0	0	0	0	0	0	1	0	0						1
9	ZO70XN					0	0	1	1	0	0	0	0	0						2
9	ZO72XM					0	0	0	0	1	2	1	0	0						4
9	Totales ZO	0	0	0	0	0	0	4	1	2	2	8	1	0	0	0	0	0	0	18
9	ZR53XO					0	0	0	0	0	0	1	0	0					0	1
9	Totales ZR	0	0	0	0	0	0	0	0	0	0	1	0	0	0	0	0	0	0	1
9	A703NV			0	0	0	0	0	1	0										1
9	A714MD			0	2	3	3	1	1	0										10
9	A71A**			1	1	0	0	0	0	0										2
9	A71AA*			0	3	1	0	2	0	1										7
9	A71AN*			0	1	1	1	0	0	0										3
9	A71ANL			0	1	1	0	0	0	1										3
9	A71AV*			0	1	1	1	1	1	0										5
9	A732EC			2	0	0	0	0	0	0										2
9	A738EM			0	1	1	0	0	0	0										2
9	A738NA			0	1	1	0	0	0	1										3
9	A738NL			0	1	1	0	0	0	0										2
9	A75PC7			0	2	3	2	1	1	0										9
9	A75PV7			1	3	4	0	2	2	1										13
9	A79DHF			2	1	2	0	0	0	0										5
9	Totales A7	0	0	6	18	19	7	7	6	4	0	0	0	0	0	0	0	0	0	67
9	A901RC			1	2	0	0	0	0	0										3
9	A901RN			3	1	0	0	0	0	0										4
9	A90D**			0	0	1	0	0	0	0										1
9	A90DHR			0	0	0	2	0	0	0										2
9	A90DRN			2	0	0	0	0	0	0										2
9	A924RM			1	0	0	0	0	0	0										1
9	Totales A9	0	0	7	3	1	2	0	0	0	0	0	0	0	0	0	0	0	0	13
9	B105N1			1	1	0	0	0	0	0										2
9	B130ET			1	1	0	0	0	1	0										3
9	B14DEC			1	0	0	0	0	1	0										2
9	B14DEM			0	1	0	0	0	0	0										1
9	B167**			0	2	1	1	0	1	2										7
9	B167RT			1	5	3	3	0	0	1										13
9	B195EM			1	0	0	0	0	0	0										1
9	B195EN			0	2	0	0	0	0	0										2
9	B195ET			2	3	0	0	0	0	0										5
9	Totales B1	0	0	7	15	4	4	0	3	3	0	0	0	0	0	0	0	0	0	36
9	B34EIA			0	0	0	1	1	0	1										3
9	B35C**			0	0	1	0	0	0	0										1
9	B35CRN			0	0	0	0	1	0	1										2
9	B35CSR			0	0	0	0	0	0	1										1
9	B38DZM			0	0	0	0	1	1	1										3
9	B38DZN			0	0	0	1	0	0	0										1
9	Totales B3	0	0	0	0	1	2	3	1	4	0	0	0	0	0	0	0	0	0	11
9	BY05EM			1	0	0	0	0	0	0										1
9	BY05EN			0	2	0	0	0	0	0										2
9	BY35RN			0	1	0	0	0	0	0										1
9	BY3CRN			2	0	0	0	0	0	0										2
9	BY42RN			1	0	0	0	0	2	0										3
9	BY50MN			0	1	1	1	0	0	0										3
9	BY68RC			0	1	0	0	0	0	0										1
9	BY68RN			1	0	0	0	0	0	0										1
9	Totales BY	0	0	5	5	1	1	0	2	0	0	0	0	0	0	0	0	0	0	14
9	CG07BG			0	1	0	1	0	0	0										2
9	CG07OX			0	0	1	0	0	0	0										1
9	CG07RN			0	1	0	0	1	1	0										3
9	CG0A**			1	1	0	0	0	0	0										2
9	CG26EL			0	2	2	1	0	1	1										7
9	CG26RN			0	0	0	0	2	1	0										3
9	CG28AA			0	2	0	0	0	1	0										3
9	CG28EL			1	0	1	0	0	0	0										2
9	CG28RC			1	0	1	0	0	1	0										3
9	CG28RM			0	2	0	0	0	0	0										2
9	CG2PGO			0	0	0	0	1	0	0										1
9	CG31N2			0	2	3	1	0	0	0										6
9	CG31O2			1	2	3	1	3	1	0										11
9	CG34ML			0	0	0	0	0	0	1										1
9	CG34RN			0	0	1	0	0	0	0										1
9	CG58SN			0	1	0	2	0	0	0										3
9	CG58SR			0	1	0	0	1	0	0										2
9	CG5YRC			0	2	1	0	0	0	0										3
9	CG6XMB			0	0	0	0	0	1	0										1
9	CG6XRN			0	0	0	0	1	0	0										1
9	CG71RM			1	1	0	0	0	0	0										2
9	CG7WGR			0	1	0	0	0	0	0										1
9	CG9X**			0	0	1	0	0	0	0										1
9	CG9XHR			0	2	0	0	0	0	0										2
9	CG9XRC			0	1	1	1	0	0	0										3
9	Totales CG	0	0	5	22	15	7	9	7	2	0	0	0	0	0	0	0	0	0	67
9	DR3XN1			1	0	0	0	0	0	0										1
9	Totales DR	0	0	1	0	0	0	0	0	0	0	0	0	0	0	0	0	0	0	1
9	DZ15RC			0	3	3	0	1	5	0										12
9	DZ15RN			0	3	1	0	0	1	0										5
9	DZ3XHR			1	0	0	0	0	0	0										1
9	DZ3XN1			0	0	0	0	1	0	0										1
9	DZ59MB			0	4	1	0	2	1	0										8
9	DZ59RN			0	1	0	0	0	0	0										1
9	DZ85HF			0	1	0	0	0	0	0										1
9	DZ85RN			0	2	0	0	0	0	0										2
9	DZ94AA			0	1	1	0	3	0	0										5
9	Totales DZ	0	0	1	15	6	0	7	7	0	0	0	0	0	0	0	0	0	0	36
9	EC20ML			0	1	0	1	0	0	0										2
9	Totales EC	0	0	0	1	0	1	0	0	0	0	0	0	0	0	0	0	0	0	2
9	EO44**			0	0	0	0	1	0	0										1
9	EO73RN			0	1	1	0	0	0	0										2
9	Totales EO	0	0	0	1	1	0	1	0	0	0	0	0	0	0	0	0	0	0	3
9	EW1NRM			0	0	2	0	0	0	0										2
9	EW1NRN			0	0	0	0	0	0	1										1
9	EW1P**			0	0	0	0	1	0	0										1
9	EW1PRM			0	0	0	1	1	0	0										2
9	EW1W**			0	0	0	0	0	1	0										1
9	EW1WRN			1	0	0	1	0	0	0										2
9	EW1Y**			0	1	1	0	1	1	0										4
9	EW1YQM			1	0	1	0	2	0	1										5
9	EW1YQN			0	2	0	0	0	0	1										3
9	EW6M**			0	0	0	0	0	1	0										1
9	EW6MBG			0	0	0	0	0	1	0										1
9	EW6MN9			1	0	1	1	1	0	0										4
9	EW6MR9			3	0	0	2	0	2	0										7
9	Totales EW	0	0	6	3	5	5	6	6	3	0	0	0	0	0	0	0	0	0	34
9	F81CQN			0	0	0	1	0	0	0										1
9	Totales F8	0	0	0	0	0	1	0	0	0	0	0	0	0	0	0	0	0	0	1
9	FB3YRN			0	4	0	0	0	0	0										4
9	FB3YSR			0	2	2	0	0	0	0										4
9	FB42RM			0	0	0	1	0	0	0										1
9	FB4EB8			0	2	0	1	0	1	0										4
9	FB4EN8			1	2	0	0	0	0	0										3
9	FB4XM3			1	1	0	0	0	0	0										2
9	FB4XM5			0	0	0	0	3	0	1										4
9	FB4XVI			0	0	1	2	0	1	0										4
9	FB78MB			0	1	0	0	1	0	0										2
9	FB78RN			0	1	1	0	0	0	0										2
9	FB82**			0	0	1	0	0	0	0										1
9	FB82IP			0	0	1	0	1	0	0										2
9	FB82OX			0	0	0	1	0	0	0										1
9	FB82RS			0	1	2	1	1	0	0										5
9	FB84**			0	1	0	0	0	0	0										1
9	FB84OX			0	1	2	1	1	0	1										6
9	FB84RN			0	0	0	0	2	0	1										3
9	FB84VI			0	3	1	0	1	0	1										6
9	Totales FB	0	0	2	19	11	7	10	2	4	0	0	0	0	0	0	0	0	0	55
9	G722**			0	1	1	0	0	0	0										2
9	Totales G7	0	0	0	1	1	0	0	0	0	0	0	0	0	0	0	0	0	0	2
9	GA5MML			0	0	0	0	3	1	0										4
9	GA5MRM			0	0	0	0	0	0	1										1
9	GA5MSR			0	1	0	0	0	1	0										2
9	GA5XRC			1	0	0	0	0	0	0										1
9	Totales GA	0	0	1	1	0	0	3	2	1	0	0	0	0	0	0	0	0	0	8
9	GM00OX			0	1	2	0	1	1	0										5
9	GM00PL			0	2	0	0	0	1	1										4
9	GM18SG			0	1	0	0	1	0	0										2
9	GM18SN			0	1	0	0	1	0	0										2
9	GM21T1			0	1	0	1	1	1	0										4
9	GM22MN			0	1	0	0	0	1	0										2
9	Totales GM	0	0	0	7	2	1	4	4	1	0	0	0	0	0	0	0	0	0	19
9	HA3P**			0	1	0	0	0	0	0										1
9	HA3PSR			0	0	0	0	0	2	0										2
9	HA62RM			0	1	0	0	0	0	0										1
9	Totales HA	0	0	0	2	0	0	0	2	0	0	0	0	0	0	0	0	0	0	4
9	HD0RHF			0	2	3	0	0	0	0										5
9	HD0RRM			0	2	0	0	0	0	0										2
9	HD0RRN			0	1	0	0	0	0	0										1
9	HD19AG			1	0	0	0	0	0	0										1
9	HD2XM1			0	1	0	0	0	0	0										1
9	HD3PRN			0	0	1	0	0	0	0										1
9	HD5EET			1	0	0	0	0	0	0										1
9	HD6WRC			0	1	0	0	0	0	0										1
9	HD6WRG			1	0	0	0	0	0	1										2
9	HD6WRN			0	2	0	0	0	0	1										3
9	HD74RC			1	0	0	0	0	1	0										2
9	HD8P**			0	0	0	0	0	1	1										2
9	HD8PAB			1	0	0	0	0	2	1										4
9	HD8PRM			0	2	0	0	0	0	0										2
9	HD8PRN			0	2	0	0	0	0	0										2
9	Totales HD	0	0	5	13	4	0	0	4	4	0	0	0	0	0	0	0	0	0	30
9	IX19**			0	1	0	0	0	0	0										1
9	IX19ND			0	1	2	1	3	0	0										7
9	IX25GR			0	0	1	0	0	0	1										2
9	IX5W**			0	0	1	0	0	3	0										4
9	IX5WBR			0	1	0	0	0	0	0										1
9	IX6ERM			0	2	1	1	1	0	0										5
9	IX6ERN			0	1	0	0	0	0	0										1
9	IX7D**			0	0	0	0	0	1	0										1
9	IX7DCR			0	1	1	1	1	0	0										4
9	IX7DEA			0	0	0	0	0	1	0										1
9	Totales IX	0	0	0	7	6	3	5	5	1	0	0	0	0	0	0	0	0	0	27
9	JQ69IA			3	1	0	0	0	0	0										4
9	JQ69RN			1	1	0	0	0	0	0										2
9	JQ7BSR			0	1	0	0	0	2	1										4
9	Totales JQ	0	0	4	3	0	0	0	2	1	0	0	0	0	0	0	0	0	0	10
9	K233RC			0	2	0	0	0	2	0										4
9	K236ET			2	2	0	0	0	3	1										8
9	Totales K2	0	0	2	4	0	0	0	5	1	0	0	0	0	0	0	0	0	0	12
9	KL6NGO			0	1	0	0	1	0	0										2
9	Totales KL	0	0	0	1	0	0	1	0	0	0	0	0	0	0	0	0	0	0	2
9	KN04**			1	1	1	2	2	1	0										8
9	KN04ET			0	0	0	0	1	0	0										1
9	KN04RN			1	1	0	0	0	0	1										3
9	KN6D**			0	1	0	0	0	0	0										1
9	KN6DBR			0	1	1	0	1	1	0										4
9	KN6DRM			1	2	4	3	4	2	1										17
9	Totales KN	0	0	3	6	6	5	8	4	2	0	0	0	0	0	0	0	0	0	34
9	L520L4			0	1	0	0	0	0	0										1
9	L59C**			0	0	0	0	1	0	0										1
9	L59CLU			1	0	1	0	0	1	0										3
9	Totales L5	0	0	1	1	1	0	1	1	0	0	0	0	0	0	0	0	0	0	5
9	LP01**			0	1	0	1	0	1	0										3
9	LP01*F			0	1	1	1	1	0	0										4
9	LP01IA			0	1	0	0	0	0	0										1
9	LP01RM			0	1	0	0	0	0	0										1
9	LP01RN			0	1	2	1	2	1	0										7
9	LP09**			0	0	0	1	0	0	0										1
9	LP09M6			0	2	3	0	0	1	0										6
9	LP09N6			0	1	0	1	0	1	1										4
9	LP0CRN			0	1	1	1	0	0	0										3
9	LP0E**			1	0	0	0	0	0	0										1
9	LP0EN2			0	1	1	1	1	0	0										4
9	LP0M**			0	2	0	1	0	1	0										4
9	LP0W**			0	0	1	0	0	0	0										1
9	LP0WEB			2	2	2	2	0	0	0										8
9	LP1C**			0	1	0	0	0	0	0										1
9	LP1CRN			0	1	0	0	0	0	0										1
9	LP1M**			0	2	0	0	0	0	0										2
9	LP1MEA			0	1	1	0	0	0	0										2
9	LP1MRN			0	3	0	0	0	0	0										3
9	LP1N**			3	1	0	0	0	1	0										5
9	LP1NIA			0	1	1	1	0	0	0										3
9	LP1NRM			0	1	0	0	1	0	0										2
9	LP1NRN			0	0	1	1	1	0	0										3
9	LP1NSR			0	1	0	1	1	0	0										3
9	LP29PL			0	0	0	0	0	0	1										1
9	LP29RM			0	0	0	1	0	0	0										1
9	LP29RN			0	1	0	0	0	0	0										1
9	LP29SN			0	1	0	3	0	1	0										5
9	LP3PEB			0	1	0	0	0	0	0										1
9	LP3PRM			0	1	0	1	0	0	0										2
9	LP3PSR			0	1	0	0	0	0	0										1
9	LP74RC			0	0	1	0	0	0	0										1
9	LP74RN			0	1	0	0	0	0	0										1
9	Totales LP	0	0	6	32	15	18	7	7	2	0	0	0	0	0	0	0	0	0	87
9	LZ4MQN			0	1	0	0	0	0	0										1
9	LZ4MTC			0	1	0	0	0	0	0										1
9	Totales LZ	0	0	0	2	0	0	0	0	0	0	0	0	0	0	0	0	0	0	2
9	MC2MR1			1	0	0	0	0	0	0										1
9	MC77RC			0	1	2	0	0	0	0										3
9	MC77RN			0	0	0	0	0	1	0										1
9	MC8CMB			1	2	0	0	0	0	0										3
9	MC8CRN			0	0	0	0	1	2	0										3
9	MC8CSR			1	2	0	0	0	1	0										4
9	Totales MC	0	0	3	5	2	0	1	4	0	0	0	0	0	0	0	0	0	0	15
9	MDBP**			0	0	5	0	0	0	0										5
9	MDC3**			0	0	5	0	0	0	0										5
9	MDZP**			0	0	24	1	0	0	0										25
9	Totales MD	0	0	0	0	34	1	0	0	0	0	0	0	0	0	0	0	0	0	35
9	MP77RM			0	0	0	0	0	1	0										1
9	Totales MP	0	0	0	0	0	0	0	1	0	0	0	0	0	0	0	0	0	0	1
9	MQ07**			0	1	0	0	0	0	0										1
9	Totales MQ	0	0	0	1	0	0	0	0	0	0	0	0	0	0	0	0	0	0	1
9	NU7P**			0	0	1	0	0	0	0										1
9	NU7PGG			0	0	1	0	0	0	0										1
9	Totales NU	0	0	0	0	2	0	0	0	0	0	0	0	0	0	0	0	0	0	2
9	P60CEM			1	0	0	0	0	0	1										2
9	P621RN			1	0	0	0	0	0	0										1
9	P62DRM			1	1	1	0	1	2	0										6
9	P62DRN			0	4	0	0	0	1	0										5
9	P644RC			0	0	0	0	0	0	1										1
9	P646RM			1	0	0	0	1	1	0										3
9	P663**			2	0	0	0	0	0	0										2
9	P663RC			0	3	0	0	0	0	0										3
9	P663RM			1	0	0	0	0	0	0										1
9	P66NGR			0	0	0	0	0	1	0										1
9	P672EL			0	0	0	0	0	0	2										2
9	P673**			1	0	0	0	0	0	0										1
9	P686IA			0	2	0	0	0	0	0										2
9	P686RL			1	0	0	0	1	1	0										3
9	P686RM			0	0	1	0	0	0	0										1
9	P686RN			0	1	1	0	0	0	0										2
9	P686SR			2	0	0	0	0	0	0										2
9	P68XRG			1	0	0	0	0	0	1										2
9	Totales P6	0	0	12	11	3	0	3	6	5	0	0	0	0	0	0	0	0	0	40
9	QM7EIA			2	0	0	0	0	0	0										2
9	QM8CRC			1	0	0	0	0	1	0										2
9	Totales QM	0	0	3	0	0	0	0	1	0	0	0	0	0	0	0	0	0	0	4
9	QR1PCD			0	3	1	1	2	1	0										8
9	QR1PPL			0	0	2	2	0	0	0										4
9	QR2A**			0	0	1	1	1	0	0										3
9	QR2PRC			0	1	1	1	1	0	0										4
9	QR2PRN			0	1	0	0	0	0	0										1
9	QR2WRN			0	1	1	0	0	0	0										2
9	QR3RN3			0	0	0	1	1	0	0										2
9	Totales QR	0	0	0	6	6	6	5	1	0	0	0	0	0	0	0	0	0	0	24
9	R323NE			1	0	0	0	1	0	0										2
9	R323XO			1	0	0	1	1	1	0										4
9	Totales R3	0	0	2	0	0	1	2	1	0	0	0	0	0	0	0	0	0	0	6
9	R480VE			0	0	0	0	1	1	1										3
9	Totales R4	0	0	0	0	0	0	1	1	1	0	0	0	0	0	0	0	0	0	3
9	RA06GR			0	2	1	0	0	0	0										3
9	RA06XO			0	1	0	0	0	0	0										1
9	RA75LV			0	1	1	1	1	1	0										5
9	RA76NE			0	1	0	0	0	1	0										2
9	RA76XO			0	2	0	0	0	0	0										2
9	RA90XM			0	1	1	1	1	0	0										4
9	RA91NE			1	3	2	0	1	0	0										7
9	RA91RO			0	1	1	0	1	0	1										4
9	RA91XO			0	1	0	0	1	0	1										3
9	RA93MT			1	0	0	0	0	0	0										1
9	RA95NE			0	1	0	0	0	0	0										1
9	RA95RO			0	1	0	0	0	0	0										1
9	RA95XO			0	0	1	0	0	0	0										1
9	RA96NE			0	0	1	0	0	0	0										1
9	RA96RO			0	1	1	1	0	0	0										3
9	RA96XO			0	1	0	0	1	0	0										2
9	RA98RO			0	1	1	0	0	0	0										2
9	RA98XO			0	1	0	1	0	1	0										3
9	Totales RA	0	0	2	19	10	4	6	3	2	0	0	0	0	0	0	0	0	0	46
9	RB40NE			0	0	1	0	1	1	0										3
9	RB40XO			0	0	0	0	1	0	0										1
9	RB44AZ			0	0	0	1	0	0	0										1
9	RB44XO			0	0	0	0	0	1	0										1
9	RB45SA			1	0	0	1	0	0	0										2
9	RB45SN			0	0	1	0	0	0	0										1
9	Totales RB	0	0	1	0	2	2	2	2	0	0	0	0	0	0	0	0	0	0	9
9	RC35RO			0	1	0	0	0	0	0										1
9	RC36NR			0	2	1	0	0	0	0										3
9	RC36RO			0	1	0	0	0	0	0										1
9	RC37XO			0	4	0	0	0	0	0										4
9	Totales RC	0	0	0	8	1	0	0	0	0	0	0	0	0	0	0	0	0	0	9
9	RD56AZ			1	0	0	0	0	0	0										1
9	RD68XO			0	0	0	2	1	0	0										3
9	Totales RD	0	0	1	0	0	2	1	0	0	0	0	0	0	0	0	0	0	0	4
9	RE10CF			0	1	0	0	1	0	0										2
9	RE10NE			1	1	1	0	1	1	0										5
9	RE11RM			0	0	4	0	0	0	0										4
9	RE18RM			1	0	0	0	0	0	0										1
9	RE20RO			1	0	3	1	0	0	0										5
9	RE20XO			0	3	1	0	0	0	0										4
9	RE22AZ			0	2	4	0	0	0	1										7
9	RE22NE			1	2	1	0	0	0	0										4
9	RE22XO			1	1	1	2	3	1	0										9
9	Totales RE	0	0	5	10	15	3	5	2	1	0	0	0	0	0	0	0	0	0	41
9	RG70AZ			0	0	0	0	0	1	0										1
9	RG88NE			0	1	1	2	2	1	0										7
9	RG88RO			0	2	2	2	1	0	0										7
9	Totales RG	0	0	0	3	3	4	3	2	0	0	0	0	0	0	0	0	0	0	15
9	RS00RN			0	1	1	1	1	0	0										4
9	RS06MB			0	0	0	2	1	0	0										3
9	RS0X*C			0	1	1	1	1	0	0										4
9	RS0XIA			0	1	1	1	1	0	0										4
9	RS0XRN			0	1	2	1	1	0	0										5
9	RS13**			0	0	0	0	1	1	0										2
9	RS13DO			0	0	0	3	1	0	0										4
9	RS16AA			1	0	0	0	0	0	0										1
9	RS16RN			1	0	0	0	0	0	0										1
9	RS16SR			0	1	0	0	0	0	0										1
9	RS17BG			0	0	0	0	0	0	1										1
9	RS17MB			0	0	0	0	1	1	0										2
9	RS17RN			0	1	0	0	1	0	0										2
9	RS37**			0	0	0	0	0	0	1										1
9	RS37M3			0	1	0	0	1	1	0										3
9	RS37N3			0	1	1	1	0	0	0										3
9	RS37R3			0	1	0	0	0	0	0										1
9	RS3B**			0	0	0	0	1	1	0										2
9	RS3BG1			0	2	0	0	1	0	0										3
9	RS3BN1			0	1	1	1	1	0	0										4
9	RS3BR1			0	1	0	1	0	2	0										4
9	RS3BRO			0	1	0	0	0	0	0										1
9	RS3NRN			0	1	0	0	1	0	0										2
9	RS3NSR			0	1	0	0	4	1	0										6
9	RS3WRC			0	1	0	0	0	0	0										1
9	RS3WRN			0	0	0	0	0	1	0										1
9	RS3WSR			0	1	0	0	0	0	0										1
9	RS48**			1	0	0	0	0	0	0										1
9	RS48BR			0	1	0	0	0	1	0										2
9	RS48DO			0	0	2	0	0	1	0										3
9	RS48MB			0	1	1	2	1	0	0										5
9	RS48RN			0	1	1	1	1	0	0										4
9	RS49**			0	0	0	0	1	0	0										1
9	RS49OX			1	1	0	0	0	0	1										3
9	RS49RM			0	1	0	0	0	0	0										1
9	RS49RN			1	0	0	0	1	1	1										4
9	RS49RS			0	1	1	0	1	0	0										3
9	RS4N**			0	0	0	1	0	0	0										1
9	RS4NML			0	0	1	1	1	0	0										3
9	RS4NRN			0	1	1	1	0	0	1										4
9	RS4NSR			0	1	0	0	0	0	0										1
9	RS53YN			0	1	0	0	0	0	0										1
9	RS57**			0	0	1	0	1	1	0										3
9	RS5BB2			0	1	0	0	0	1	0										2
9	RS5BIA			0	2	0	0	0	0	0										2
9	RS5BM3			0	0	0	0	1	0	0										1
9	RS5BM4			0	1	0	0	0	0	0										1
9	RS5BMB			0	0	0	0	0	0	1										1
9	RS5BN1			0	1	1	0	2	0	0										4
9	RS5BRM			0	1	0	0	0	0	0										1
9	RS5BRN			0	0	0	0	0	0	1										1
9	RS61L1			0	1	1	1	1	0	0										4
9	RS61M1			0	1	0	0	1	0	0										2
9	RS61ML			0	0	1	0	1	0	0										2
9	RS61RN			0	1	0	0	0	0	0										1
9	RS64**			0	0	0	0	1	1	0										2
9	RS64OX			0	1	1	0	0	0	0										2
9	RS64RN			0	1	1	2	1	0	0										5
9	RS64SR			0	1	1	0	0	1	0										3
9	RS6CEA			0	0	0	0	0	1	0										1
9	RS6CRF			0	0	0	0	1	2	1										4
9	RS72PL			0	0	2	1	1	0	0										4
9	RS72RN			0	0	0	0	1	0	0										1
9	RS87**			0	0	0	1	1	1	0										3
9	RS87B8			1	3	0	1	1	3	0										9
9	RS87BG			0	4	0	0	3	1	0										8
9	RS87EL			0	0	0	0	0	1	0										1
9	RS87M8			0	1	0	0	1	0	0										2
9	RS9Y**			1	0	0	0	0	1	0										2
9	RS9YRN			0	1	1	1	1	0	0										4
9	RS9YSR			0	1	1	1	1	0	0										4
9	Totales RS	0	0	7	49	25	26	44	25	8	0	0	0	0	0	0	0	0	0	184
9	SE1WWB			1	0	0	0	0	0	0										1
9	Totales SE	0	0	1	0	0	0	0	0	0	0	0	0	0	0	0	0	0	0	1
9	SV0DRM			1	0	0	0	2	1	0										4
9	SV0DRN			0	0	0	0	0	0	1										1
9	SV0XHR			1	0	0	0	0	0	0										1
9	SV0XRM			2	0	2	0	0	1	0										5
9	SV2CIA			0	0	0	1	0	0	0										1
9	SV2CMB			0	0	1	1	0	0	0										2
9	SV2CSR			0	0	0	1	2	0	0										3
9	SV3RCM			1	2	1	1	2	1	0										8
9	SV3RCN			1	1	1	0	2	1	0										6
9	SV4XIA			0	0	0	0	0	0	1										1
9	SV65**			0	0	0	0	0	2	0										2
9	SV7YBG			1	0	0	3	1	1	0										6
9	SV7YBR			0	0	0	0	1	0	0										1
9	SV7YRN			0	0	0	0	0	1	2										3
9	SV82IA			0	0	0	0	0	1	1										2
9	SV82RM			0	0	0	0	0	1	0										1
9	SV9BML			1	1	0	0	0	0	0										2
9	SV9BRC			2	0	0	0	0	1	1										4
9	SV9BRM			0	0	0	0	0	1	0										1
9	SV9BRN			0	1	0	0	0	0	0										1
9	SV9BSR			0	0	0	0	1	0	0										1
9	Totales SV	0	0	10	5	5	7	11	12	6	0	0	0	0	0	0	0	0	0	56
9	T20A**			1	0	0	0	0	0	0										1
9	Totales T2	0	0	1	0	0	0	0	0	0	0	0	0	0	0	0	0	0	0	1
9	T52BRN			0	0	1	0	0	0	0										1
9	T551IA			0	0	0	0	1	1	1										3
9	T581RM			0	0	0	0	1	1	1										3
9	T589**			0	0	0	0	0	0	1										1
9	T589RM			0	1	0	0	0	0	0										1
9	Totales T5	0	0	0	1	1	0	2	2	3	0	0	0	0	0	0	0	0	0	9
9	UD1XRC			0	0	0	0	0	1	0										1
9	Totales UD	0	0	0	0	0	0	0	1	0	0	0	0	0	0	0	0	0	0	1
9	UH0EM4			1	4	0	0	0	0	0										5
9	UH0ERM			2	6	1	0	0	0	0										9
9	UH0ERN			0	0	0	0	0	2	0										2
9	UH1XRC			2	1	1	0	1	1	0										6
9	UH1XRN			0	8	1	0	0	2	0										11
9	UH3E**			0	0	0	0	0	2	0										2
9	UH3EEL			2	1	0	0	0	0	2										5
9	UH3ERN			2	1	0	0	0	2	0										5
9	UH47M8			0	6	2	0	1	1	0										10
9	UH47N8			1	1	0	0	0	0	1										3
9	UH4C**			0	0	0	0	0	1	0										1
9	UH4CRG			0	1	0	0	0	0	0										1
9	UH4CRN			0	1	0	0	0	1	0										2
9	UH6NR5			0	1	0	2	0	0	0										3
9	UH6NRC			0	1	1	0	0	0	0										2
9	UH79HF			0	1	0	0	0	0	0										1
9	UH79LR			0	0	1	0	1	1	0										3
9	UH79RC			1	0	1	0	0	1	0										3
9	UH7ERM			0	2	0	1	0	1	1										5
9	UH7ERN			0	5	0	0	0	1	1										7
9	UH82RA			3	1	0	0	1	0	0										5
9	UH82RN			1	0	0	0	0	0	0										1
9	UH90ZM			0	0	1	0	0	0	0										1
9	UH93**			1	1	0	1	0	0	0										3
9	UH93A5			0	0	0	0	0	1	0										1
9	UH93IA			0	1	0	0	0	0	0										1
9	UH93L5			1	2	1	2	2	1	1										10
9	UH93MA			0	0	0	0	0	0	1										1
9	UH93RM			0	1	2	1	1	0	0										5
9	UH93RN			1	0	0	0	0	0	0										1
9	UH97BR			0	1	0	0	0	1	0										2
9	UH97RM			0	1	0	0	0	0	0										1
9	UH97RN			0	1	0	0	0	1	0										2
9	UH9MRM			0	0	0	1	0	2	0										3
9	UH9MRN			1	1	0	0	0	2	0										4
9	Totales UH	0	0	19	50	12	8	7	24	7	0	0	0	0	0	0	0	0	0	127
9	UN2XRN			0	0	1	0	0	0	0										1
9	UN3C**			1	0	0	0	0	0	0										1
9	UN4B**			0	1	0	0	0	0	0										1
9	Totales UN	0	0	1	1	1	0	0	0	0	0	0	0	0	0	0	0	0	0	3
9	UP76ML			0	1	0	0	0	0	0										1
9	UP8MRM			0	0	0	0	0	1	0										1
9	Totales UP	0	0	0	1	0	0	0	1	0	0	0	0	0	0	0	0	0	0	2
9	VP07RM			0	1	0	0	0	0	0										1
9	Totales VP	0	0	0	1	0	0	0	0	0	0	0	0	0	0	0	0	0	0	1
9	VT0DRM			0	1	0	0	2	0	1										4
9	VT0DRN			0	0	0	0	1	0	0										1
9	VT0Y**			2	5	1	0	1	3	0										12
9	VT0YEL			0	4	0	0	0	2	2										8
9	VT1B**			0	1	0	0	0	0	0										1
9	VT1BIA			0	1	0	0	0	0	0										1
9	VT1BML			0	0	0	0	1	1	0										2
9	VT1BRN			0	0	1	0	1	0	0										2
9	VT4ARN			0	1	1	1	0	1	0										4
9	VT6ARN			0	1	0	1	0	0	0										2
9	VT6PMB			0	1	0	0	1	0	1										3
9	VT6XMB			0	0	0	0	0	1	0										1
9	VT6XRN			0	1	0	0	0	0	1										2
9	VT7R05			1	1	0	1	1	0	0										4
9	VT7RN3			0	1	3	1	1	0	1										7
9	VT8EMB			0	0	0	0	0	2	2										4
9	VT8EOX			0	0	0	0	1	0	0										1
9	VT8ERN			0	1	0	1	0	0	0										2
9	VT8ESR			0	1	0	0	0	0	0										1
9	VT94RC			0	1	0	0	0	0	0										1
9	VT94RN			0	1	0	0	0	0	0										1
9	VT97**			0	3	0	0	0	0	1										4
9	VT97A1			0	1	0	0	1	0	0										2
9	VT97A9			0	0	0	0	0	1	1										2
9	VT97BG			0	1	1	1	0	0	0										3
9	VT97D5			0	0	0	0	1	0	0										1
9	Totales VT	0	0	3	27	7	6	12	11	10	0	0	0	0	0	0	0	0	0	76
9	WB8CRN			1	0	0	0	0	0	0										1
9	WB8CSR			1	0	0	0	0	0	0										1
9	Totales WB	0	0	2	0	0	0	0	0	0	0	0	0	0	0	0	0	0	0	2
9	WD4PRN			1	0	0	0	0	0	0										1
9	WD8C**			0	0	0	0	1	0	0										1
9	WD8CRN			0	1	0	1	0	0	0										2
9	Totales WD	0	0	1	1	0	1	1	0	0	0	0	0	0	0	0	0	0	0	4
9	WI08**			0	0	1	0	0	0	0										1
9	WI08OX			0	2	0	0	1	1	0										4
9	WI08RN			2	1	1	0	0	0	1										5
9	WI99B7			0	0	0	0	1	0	0										1
9	WI99BK			0	0	2	0	1	0	1										4
9	WI99N7			1	1	3	1	0	0	2										8
9	Totales WI	0	0	3	4	7	1	3	1	4	0	0	0	0	0	0	0	0	0	23
9	X300C1			0	1	0	0	0	0	0										1
9	X302**			0	1	0	0	2	0	0										3
9	X302BR			0	3	3	1	3	0	0										10
9	X302RN			0	0	1	1	0	0	0										2
9	X302RS			0	1	1	1	0	1	0										4
9	X32RM5			0	0	0	0	1	1	0										2
9	X32RR5			1	1	0	0	0	1	0										3
9	X332AZ			0	1	0	0	1	0	0										2
9	X332CD			0	0	1	0	1	0	0										2
9	X332MD			0	0	1	1	1	0	0										3
9	X343CU			0	2	1	1	1	1	0										6
9	X343RN			0	1	0	0	1	0	0										2
9	X352SR			1	2	0	0	0	0	0										3
9	X355AS			0	0	0	0	0	2	0										2
9	X355BL			0	0	0	0	0	1	0										1
9	X355CR			0	1	1	0	1	0	0										3
9	X355SR			0	1	1	0	2	0	0										4
9	X355VM			0	2	0	0	1	1	1										5
9	X356RC			1	1	0	0	0	0	0										2
9	X356RN			1	1	0	0	0	0	0										2
9	X360BG			1	2	0	0	0	0	0										3
9	X360RG			0	2	0	0	0	0	2										4
9	X36Y**			0	0	1	0	0	0	0										1
9	X376**			0	0	0	0	0	1	0										1
9	X376A5			1	0	0	1	0	0	0										2
9	X376AS			0	1	0	1	0	1	0										3
9	X376F5			0	1	0	0	0	0	0										1
9	X376N3			0	1	1	1	0	0	0										3
9	X37CB8			0	0	0	1	0	0	0										1
9	X37CBG			0	1	0	0	1	0	0										2
9	X37CM8			0	4	0	0	0	0	0										4
9	X37CN8			0	0	0	0	0	0	1										1
9	Totales X3	0	0	6	31	12	9	16	10	4	0	0	0	0	0	0	0	0	0	88
9	YD1DRM			0	2	2	2	0	1	0										7
9	YD1MRM			0	2	2	0	0	0	0										4
9	YD1MRN			0	0	0	0	0	0	2										2
9	YD40AG			1	0	0	0	0	0	0										1
9	YD40HR			1	1	0	0	0	1	0										3
9	YD40RM			2	1	0	0	0	0	0										3
9	YD91AB			1	1	3	0	0	1	0										6
9	YD91RC			0	1	2	0	2	1	0										6
9	YD91RN			0	1	0	0	0	0	0										1
9	YD9E**			1	0	0	0	0	0	0										1
9	YD9EEC			1	2	0	1	1	0	0										5
9	YD9ERM			0	1	2	0	0	0	0										3
9	Totales YD	0	0	7	12	11	3	3	4	2	0	0	0	0	0	0	0	0	0	42
9	YK0PN1			0	3	1	1	0	0	1										6
9	YK0PR1			1	2	0	0	0	0	0										3
9	YK1CVM			2	2	1	0	0	1	1										7
9	YK1MRM			1	0	0	0	0	0	1										2
9	YK20RN			1	0	0	0	0	0	0										1
9	YK2YMA			0	1	2	0	0	0	0										3
9	YK2YN5			1	2	0	0	0	0	0										3
9	YK2YRN			0	2	0	0	0	0	0										2
9	YK361T			0	0	1	3	0	0	1										5
9	YK36G1			0	0	0	0	0	0	1										1
9	YK36R5			0	1	0	0	0	0	0										1
9	YK38RM			1	2	0	0	0	0	0										3
9	YK38RN			1	4	0	0	0	0	0										5
9	YK4RRN			1	1	0	0	0	0	0										2
9	YK4RRT			0	2	1	0	0	0	0										3
9	YK6B**			1	0	0	1	0	0	0										2
9	YK6BM1			0	0	0	1	1	1	0										3
9	YK6BMB			0	1	2	0	1	0	0										4
9	YK6BR1			1	2	0	0	2	0	0										5
9	YK8NM2			0	0	0	0	1	0	0										1
9	YK8NN2			0	2	0	0	0	0	1										3
9	YK8NNM			0	3	0	0	2	0	0										5
9	Totales YK	0	0	11	30	8	6	7	2	6	0	0	0	0	0	0	0	0	0	70
9	Z113CF			0	2	2	1	0	1	0										6
9	Z113NE			1	1	1	1	1	0	0										5
9	Totales Z1	0	0	1	3	3	2	1	1	0	0	0	0	0	0	0	0	0	0	11
9	Z202MB			0	2	0	0	0	0	0										2
9	Z203NE			0	1	0	0	0	1	0										2
9	Z203XO			0	1	2	0	2	0	0										5
9	Z204HF			0	0	0	0	0	1	0										1
9	Z206NE			0	0	0	0	0	2	0										2
9	Z207MB			1	0	0	2	0	0	0										3
9	Z207RO			0	1	0	0	0	1	0										2
9	Z208**			0	1	3	0	0	1	0										5
9	Z208CF			0	2	1	0	0	2	0										5
9	Z208MB			0	0	0	0	0	4	0										4
9	Z210MB			1	2	0	1	0	2	0										6
9	Z210NE			0	0	0	0	1	0	0										1
9	Z211MI			0	3	2	2	2	1	0										10
9	Z211NE			0	3	0	0	0	0	0										3
9	Z213BG			0	1	0	0	1	0	0										2
9	Totales Z2	0	0	2	17	8	5	6	15	0	0	0	0	0	0	0	0	0	0	53
9	Z329RO			0	1	0	0	0	0	0										1
9	Z332NE			1	0	0	0	1	1	2										5
9	Z336HF			0	1	0	0	0	1	0										2
9	Z342NE			0	0	0	0	0	1	2										3
9	Z342RO			0	1	3	1	4	2	0										11
9	Z344AZ			0	0	0	2	1	2	0										5
9	Z344MI			0	2	2	1	0	0	0										5
9	Totales Z3	0	0	1	5	5	4	6	7	4	0	0	0	0	0	0	0	0	0	32
9	Z402GN			0	1	3	0	1	0	0										5
9	Z404CF			0	3	0	0	0	0	0										3
9	Z404NE			0	0	4	0	0	0	0										4
9	Z451BR			0	1	2	3	1	2	0										9
9	Z451NE			0	1	0	2	0	1	0										4
9	Totales Z4	0	0	0	6	9	5	2	3	0	0	0	0	0	0	0	0	0	0	25
9	Z501HF			0	0	0	1	0	1	0										2
9	Z501NE			0	0	0	0	0	0	1										1
9	Z590AZ			0	1	0	0	1	0	0										2
9	Z590NE			0	1	0	0	1	0	0										2
9	Z591HF			0	3	0	0	0	2	0										5
9	Z591RO			0	3	1	4	2	2	0										12
9	Totales Z5	0	0	0	8	1	5	4	5	1	0	0	0	0	0	0	0	0	0	24
9	Z618MI			0	3	1	2	3	2	1										12
9	Z618RO			1	3	3	2	1	1	0										11
9	Totales Z6	0	0	1	6	4	4	4	3	1	0	0	0	0	0	0	0	0	0	23
9	Z701GR			0	0	2	3	0	0	0										5
9	Z703DO			0	1	2	1	1	1	0										6
9	Z704NE			0	1	2	2	0	0	0										5
9	Z705BR			1	1	2	1	0	1	0										6
9	Z706NE			2	1	0	2	0	0	1										6
9	Z706RO			0	2	1	0	0	0	0										3
9	Z708RO			0	0	0	1	1	1	0										3
9	Z709DO			0	1	3	3	1	1	0										9
9	Z709NE			0	1	1	1	0	1	0										4
9	Totales Z7	0	0	3	8	13	14	3	5	1	0	0	0	0	0	0	0	0	0	47
9	ZA14NE			1	0	0	0	1	0	0										2
9	ZA15CF			0	2	0	0	2	2	1										7
9	ZA16NE			0	0	0	0	0	1	0										1
9	ZA17AZ			0	0	0	0	3	0	0										3
9	ZA17MB			0	1	2	1	2	1	0										7
9	ZA18MI			0	2	1	0	2	0	0										5
9	ZA19WI			0	1	1	1	0	0	0										3
9	ZA26WI			0	0	0	0	1	1	0										2
9	ZA30B*			0	1	1	0	1	0	0										3
9	ZA31BG			0	1	0	0	0	0	0										1
9	ZA31CF			0	0	1	2	1	0	0										4
9	ZA32WB			0	0	0	0	0	0	1										1
9	ZA33AZ			0	1	1	1	1	0	1										5
9	ZA33BR			0	1	1	1	1	0	0										4
9	ZA45RO			0	0	0	0	0	1	1										2
9	ZA78WI			0	2	0	0	0	0	1										3
9	ZA79MI			0	0	0	0	0	1	0										1
9	ZA79NE			0	1	0	0	0	0	0										1
9	ZA81WI			1	0	0	0	1	2	0										4
9	Totales ZA	0	0	2	13	8	6	16	9	5	0	0	0	0	0	0	0	0	0	59
9	ZB52BG			0	0	0	0	1	1	0										2
9	ZB52NR			0	0	0	0	2	1	0										3
9	ZB52VE			1	0	0	0	1	0	0										2
9	ZB55AZ			0	1	0	0	2	1	1										5
9	ZB55FS			1	0	0	0	0	1	0										2
9	Totales ZB	0	0	2	1	0	0	6	4	1	0	0	0	0	0	0	0	0	0	14
9	ZCD1B*			0	1	2	1	1	1	0										6
9	ZCD1NE			0	2	0	1	2	0	0										5
9	ZCD2BR			0	2	1	1	0	1	0										5
9	ZCD2NE			0	2	0	0	1	1	0										4
9	Totales ZC	0	0	0	7	3	3	4	3	0	0	0	0	0	0	0	0	0	0	20
9	ZD10WI			1	0	0	0	2	0	0										3
9	ZD11AZ			0	0	0	0	1	0	0										1
9	ZD12CA			2	3	2	0	2	2	0										11
9	ZD12NE			0	0	0	0	1	0	0										1
9	ZD17MI			0	0	0	1	0	0	0										1
9	ZD19BG			0	0	1	4	0	0	0										5
9	ZD19BL			0	0	1	0	1	0	0										2
9	ZD20NE			0	0	0	0	0	1	0										1
9	ZD20RO			0	0	0	1	1	0	0										2
9	ZD29MI			0	0	0	1	6	0	0										7
9	ZD29RO			1	0	1	5	0	2	0										9
9	ZD30HF			0	1	0	5	5	0	0										11
9	ZD30MB			0	1	1	3	2	0	0										7
9	ZD31HF			0	1	0	0	0	0	0										1
9	ZD32NE			0	0	0	0	0	0	1										1
9	ZD32RO			1	1	0	0	1	1	1										5
9	ZD33HF			1	3	1	3	2	0	1										11
9	ZD33NE			0	2	0	0	0	0	0										2
9	ZD34NE			2	0	0	1	0	0	0										3
9	ZD35WI			0	2	0	0	1	0	0										3
9	ZD37BR			0	1	2	0	1	0	0										4
9	ZD37NE			0	1	3	2	0	1	0										7
9	ZD38RO			0	1	0	1	0	1	0										3
9	ZD41CR			0	1	2	1	1	1	0										6
9	ZD41DO			0	1	2	2	1	1	0										7
9	ZD57RO			0	1	0	0	0	0	0										1
9	ZD78RO			1	0	1	0	0	1	0										3
9	Totales ZD	0	0	9	20	17	30	28	11	3	0	0	0	0	0	0	0	0	0	118
9	ZF46HF			1	1	1	0	0	0	0										3
9	ZF50C*			0	1	0	0	0	0	0										1
9	ZF51OR			0	1	0	0	1	0	0										2
9	ZF54BR			0	1	0	0	0	0	0										1
9	ZF54CF			0	1	0	0	0	0	0										1
9	ZF55LU			0	1	0	0	0	0	0										1
9	ZF57NE			0	0	1	0	0	1	0										2
9	ZF72NE			0	1	0	0	0	0	0										1
9	ZF72RO			0	0	0	1	1	0	0										2
9	ZF87MI			0	0	0	0	0	1	0										1
9	ZF87RO			0	0	0	0	0	2	0										2
9	ZF88RO			0	0	0	0	0	0	1										1
9	Totales ZF	0	0	1	7	2	1	2	4	1	0	0	0	0	0	0	0	0	0	18
9	ZG06RO			0	0	0	0	0	2	0										2
9	ZG11CA			0	1	2	0	0	0	0										3
9	ZG11MB			0	1	0	1	0	0	0										2
9	ZG11NE			0	2	0	0	0	0	0										2
9	ZG13RR			0	1	0	0	0	0	0										1
9	ZG17CA			0	2	0	0	0	0	0										2
9	ZG18AZ			0	1	0	0	0	0	0										1
9	ZG20LU			0	2	2	0	3	0	0										7
9	ZG20MI			1	3	3	0	0	0	0										7
9	ZG20NE			0	1	0	0	0	0	0										1
9	ZG22AZ			0	0	0	0	2	0	0										2
9	ZG22RO			0	3	0	0	0	5	0										8
9	ZG23AZ			0	2	1	0	0	0	0										3
9	ZG23BG			0	1	0	0	0	0	0										1
9	ZG23NE			0	0	1	0	0	0	0										1
9	ZG24MB			2	3	1	1	0	2	0										9
9	ZG24NE			0	0	1	0	1	0	0										2
9	ZG24SR			0	1	0	1	1	3	0										6
9	ZG25AS			0	0	0	0	1	2	0										3
9	ZG25NE			0	2	1	0	0	1	0										4
9	ZG25OX			0	1	2	0	0	0	0										3
9	ZG26NE			0	0	2	1	0	0	0										3
9	ZG26VI			0	2	2	2	1	0	0										7
9	ZG42SA			0	0	0	0	0	1	0										1
9	ZG70WB			0	0	0	0	0	1	0										1
9	ZG74MI			1	1	0	5	3	2	0										12
9	Totales ZG	0	0	4	30	18	11	12	19	0	0	0	0	0	0	0	0	0	0	94
9	ZJ01HR			0	1	1	0	0	0	0										2
9	ZJ01MB			0	1	0	1	1	0	0										3
9	ZJ01ML			0	3	1	0	0	0	0										4
9	ZJ01RN			0	1	3	2	0	0	0										6
9	ZJ02RM			2	3	0	0	0	0	0										5
9	ZJ02RN			0	1	1	0	0	0	0										2
9	ZJ03ML			0	1	0	0	0	0	0										1
9	ZJ06XO			1	0	0	0	0	0	0										1
9	ZJ07MB			0	1	1	1	1	0	0										4
9	ZJ07RN			0	0	3	0	0	0	0										3
9	ZJ10HR			0	2	0	0	0	0	0										2
9	ZJ10RM			0	2	1	0	0	0	0										3
9	ZJ10RN			0	1	3	0	0	0	0										4
9	ZJ12HR			2	4	0	0	0	0	0										6
9	ZJ13CF			0	1	1	0	1	1	0										4
9	ZJ13RN			0	0	0	1	0	1	0										2
9	ZJ15NE			0	2	3	0	0	0	0										5
9	ZJ16BR			1	1	1	0	2	0	0										5
9	ZJ16RN			0	1	0	0	0	1	0										2
9	ZJ17HR			0	2	1	0	0	1	0										4
9	ZJ17MB			0	1	1	0	0	1	0										3
9	ZJ18AZ			0	0	1	0	1	0	0										2
9	ZJ18CF			0	1	0	1	0	0	0										2
9	ZJ19RN			0	2	0	0	0	1	1										4
9	ZJ19XO			0	1	0	0	0	0	0										1
9	ZJ20BR			0	1	0	1	0	0	1										3
9	ZJ20MB			0	1	3	0	0	0	0										4
9	ZJ21BR			0	1	1	0	0	1	0										3
9	ZJ21RN			0	0	1	0	0	0	0										1
9	ZJ30FS			2	1	3	0	1	4	0										11
9	ZJ30TU			1	1	0	0	2	0	0										4
9	ZJ31AS			0	1	0	0	1	0	0										2
9	ZJ31AZ			0	2	0	0	0	3	0										5
9	ZJ32BR			0	2	2	4	0	0	0										8
9	ZJ32DO			0	2	0	0	0	1	0										3
9	ZJ34CR			0	1	1	0	1	0	0										3
9	ZJ35AZ			0	1	1	1	0	0	0										3
9	ZJ42CF			0	0	1	1	1	0	0										3
9	ZJ50BR			0	1	0	1	1	0	0										3
9	Totales ZJ	0	0	9	48	35	14	13	15	2	0	0	0	0	0	0	0	0	0	136
9	ZÑ01HF			0	0	0	0	3	2	0										5
9	ZÑ01MI			0	0	0	0	0	2	0										2
9	ZÑ05NE			0	0	0	0	0	1	0										1
9	Totales ZÑ	0	0	0	0	0	0	3	5	0	0	0	0	0	0	0	0	0	0	8
9	ZO12WN			1	1	0	0	0	0	1										3
9	ZO14MA			0	3	0	0	0	0	0										3
9	Totales ZO	0	0	1	4	0	0	0	0	1	0	0	0	0	0	0	0	0	0	6
9	ZQ04BR			0	3	2	1	1	2	1										10
9	ZQ04OR			0	2	3	1	0	1	0										7
9	ZQ07TU			0	1	0	1	0	0	0										2
9	ZQ10AZ			0	1	0	0	1	0	0										2
9	ZQ10BG			0	1	1	0	0	2	0										4
9	ZQ10BR			0	0	0	0	0	1	0										1
9	ZQ11RO			0	0	1	1	0	1	0										3
9	ZQ12RO			0	0	0	0	0	3	0										3
9	ZQ14BR			0	0	0	1	0	0	0										1
9	ZQ15RO			0	2	1	0	1	1	0										5
9	ZQ20RO			0	1	2	0	1	0	1										5
9	ZQ21BR			0	1	0	1	0	0	0										2
9	ZQ24RO			0	1	1	1	1	0	0										4
9	ZQ25BR			0	1	0	1	0	0	0										2
9	ZQ29RO			0	0	0	0	0	1	0										1
9	ZQ30BR			0	0	0	0	0	1	0										1
9	ZQ31C*			0	1	0	0	1	0	0										2
9	ZQ34RO			0	1	0	2	1	2	0										6
9	ZQ37VE			0	1	0	0	0	0	0										1
9	ZQ40NE			0	1	1	0	2	0	0										4
9	Totales ZQ	0	0	0	18	12	10	9	15	2	0	0	0	0	0	0	0	0	0	66
9	ZUA1BR			0	0	0	0	1	0	0										1
9	ZUA1GR			0	2	0	1	1	0	0										4
9	Totales ZU	0	0	0	2	0	1	2	0	0	0	0	0	0	0	0	0	0	0	5
9	ZV06CA			0	3	0	0	0	0	0										3
9	ZV14LU			0	0	3	0	0	1	0										4
9	ZV54BG			0	3	1	2	0	1	0										7
9	ZV55BR			0	0	2	0	0	0	0										2
9	ZV56BG			0	0	1	3	0	0	0										4
9	ZV58NR			0	0	2	1	1	0	0										4
9	ZV60RO			0	1	1	1	0	1	0										4
9	ZV61BR			0	0	2	0	1	0	0										3
9	ZV61NE			0	2	4	4	2	3	0										15
9	Totales ZV	0	0	0	9	16	11	4	6	0	0	0	0	0	0	0	0	0	0	46
9	ZW57NE			0	1	0	0	0	0	0										1
9	ZW58CA			0	1	1	0	0	0	0										2
9	ZW80RO			0	1	0	0	1	0	0										2
9	ZWP1AZ			0	0	2	0	1	1	0										4
9	ZWP1MA			0	1	2	2	2	1	0										8
9	ZWP1NE			0	1	2	1	0	1	0										5
9	ZWP1RO			0	1	2	1	1	1	0										6
9	ZWP1VI			0	1	2	2	1	0	0										6
9	ZWP2BG			0	0	2	1	2	1	0										6
9	ZWP2GR			0	1	1	0	1	1	0										4
9	ZWP2MA			0	1	2	2	2	0	0										7
9	ZWP2NE			0	1	2	2	3	0	0										8
9	Totales ZW	0	0	0	10	18	11	14	6	0	0	0	0	0	0	0	0	0	0	59
9	CREMA**	32																		32
9	CREMAMA	1																		1
9	CREMARO	2																		2
9	Totales CR	35	0	0	0	0	0	0	0	0	0	0	0	0	0	0	0	0	0	35
9	ODC2BR	1																		1
9	Totales OD	1	0	0	0	0	0	0	0	0	0	0	0	0	0	0	0	0	0	1
9	OI16HF	1																		1
9	Totales OI	1	0	0	0	0	0	0	0	0	0	0	0	0	0	0	0	0	0	1
9	OJ11RO	1																		1
9	Totales OJ	1	0	0	0	0	0	0	0	0	0	0	0	0	0	0	0	0	0	1
9	OK03NE	1																		1
9	OK33NE	1																		1
9	Totales OK	2	0	0	0	0	0	0	0	0	0	0	0	0	0	0	0	0	0	2
9	OM38CF	2																		2
9	Totales OM	2	0	0	0	0	0	0	0	0	0	0	0	0	0	0	0	0	0	2
9	ON01MI	1																		1
9	ON01NE	1																		1
9	ON23MB	1																		1
9	ON23NE	2																		2
9	ON59HF	1																		1
9	ON68HF	2																		2
9	ON90WB	1																		1
9	ONMU**	1																		1
9	Totales ON	10	0	0	0	0	0	0	0	0	0	0	0	0	0	0	0	0	0	10
9	OO27CF	1																		1
9	OO27PL	1																		1
9	Totales OO	2	0	0	0	0	0	0	0	0	0	0	0	0	0	0	0	0	0	2
9	OS11RO	1																		1
9	Totales OS	1	0	0	0	0	0	0	0	0	0	0	0	0	0	0	0	0	0	1
9	OU16RO	1																		1
9	OU17HF	1																		1
9	OU17NE	2																		2
9	OU19CF	1																		1
9	Totales OU	5	0	0	0	0	0	0	0	0	0	0	0	0	0	0	0	0	0	5
9	OV09AZ	1																		1
9	OV10AS	1																		1
9	OV10NE	1																		1
9	Totales OV	3	0	0	0	0	0	0	0	0	0	0	0	0	0	0	0	0	0	3
9	OY15M*	1																		1
9	OY18MB	1																		1
9	OY44RO	2																		2
9	Totales OY	4	0	0	0	0	0	0	0	0	0	0	0	0	0	0	0	0	0	4
9	OZ67GR	1																		1
9	Totales OZ	1	0	0	0	0	0	0	0	0	0	0	0	0	0	0	0	0	0	1
9	TARJETA	9																		9
9	Totales TA	9	0	0	0	0	0	0	0	0	0	0	0	0	0	0	0	0	0	9
9	ZI56CN	1																		1
9	ZI56HF	3																		3
9	ZI56NE	1																		1
9	Totales ZI	5	0	0	0	0	0	0	0	0	0	0	0	0	0	0	0	0	0	5
9	ZS27HF	1																		1
9	ZS72LU	2																		2
9	ZS76VE	1																		1
9	ZS79MI	1																		1
9	ZS89NR	2																		2
9	ZS90FS	3																		3
9	ZS90VE	2																		2
9	Totales ZS	12	0	0	0	0	0	0	0	0	0	0	0	0	0	0	0	0	0	12
9	ZT54RO	1																		1
9	ZT77NR	1																		1
9	ZT89AL	1																		1
9	ZT94RO	1																		1
9	ZT95HF	1																		1
9	Totales ZT	5	0	0	0	0	0	0	0	0	0	0	0	0	0	0	0	0	0	5
9	O403HF		0	0		1		0		0		0								1
9	O404HF		0	0		1		0		0		0								1
9	O405CQ		0	0		0		0		1		0								1
9	O406UV		0	0		1		0		0		0								1
9	O407BR		0	0		0		0		1		0								1
9	O407WI		0	0		1		0		1		0								2
9	O408NE		0	0		1		0		1		0								2
9	O408XO		0	0		0		0		1		0								1
9	O409CF		0	0		1		0		1		0								2
9	Totales O4	0	0	0	0	6	0	0	0	6	0	0	0	0	0	0	0	0	0	12
9	OH80MI		0	0		0		0		1		0								1
9	OH80NE		0	0		2		0		0		0								2
9	Totales OH	0	0	0	0	2	0	0	0	1	0	0	0	0	0	0	0	0	0	3
9	OQ02MI		0	0		0		0		1		0								1
9	OQ09CF		0	0		0		0		0		1								1
9	Totales OQ	0	0	0	0	0	0	0	0	1	0	1	0	0	0	0	0	0	0	2
9	OUC1HF		0	0		0		0		1		0								1
9	OUC2MI		1	1		0		0		0		1								3
9	OUC2TA		1	0		2		0		1		0								4
9	OUC3HF		0	0		0		1		1		0								2
9	OUC4HF		0	0		0		1		1		0								2
9	Totales OU	0	2	1	0	2	0	2	0	4	0	1	0	0	0	0	0	0	0	12
9	ZE25**		0	1		0		0		0		0								1
9	ZE25AL		0	1		0		0		0		0								1
9	ZE74AL		0	0		0		1		1		0								2
9	ZE74HF		0	1		1		1		0		0								3
9	ZE74WB		0	1		1		4		0		0								6
9	ZE76AL		0	0		1		1		0		0								2
9	ZE77MB		0	0		0		1		0		0								1
9	Totales ZE	0	0	4	0	3	0	8	0	1	0	0	0	0	0	0	0	0	0	16
9	ZY97AL		0	0		0		1		0		0								1
9	ZYHHCF		0	0		1		0		1		0								2
9	Totales ZY	0	0	0	0	1	0	1	0	1	0	0	0	0	0	0	0	0	0	3
9	O421A*														1	1	0	0		2
9	O421C*														1	1	0	0		2
9	O422N*														1	1	0	0		2
9	O422R*														1	1	0	0		2
9	O451AZ														1	1	0	0		2
9	O451TA														1	0	0	0		1
9	O452CF														1	1	0	0		2
9	O452NE														0	1	0	0		1
9	Totales O4	0	0	0	0	0	0	0	0	0	0	0	0	0	7	7	0	0	0	14
9	OA06HF														0	1	0	0		1
9	OA06WB														0	0	1	0		1
9	OA09BG														3	5	0	0		8
9	OA10RO														0	0	0	1		1
9	OA11NE														1	0	0	0		1
9	OA28CF														0	0	1	0		1
9	OA28MI														1	0	0	0		1
9	OA30BR														2	2	1	0		5
9	OA30NE														0	0	1	0		1
9	OA31GR														0	1	0	0		1
9	OA31RO														1	0	0	0		1
9	OA32NE			1	0	2	0	2	0	0					0	0	0	0		5
9	OA32VE														1	0	1	0		2
9	OA46WI														1	0	0	1		2
9	OA58HF														1	0	0	0		1
9	OA75CF														1	0	0	1		2
9	Totales OA	0	0	1	0	2	0	2	0	0	0	0	0	0	12	9	5	3	0	34
9	OD04MI														0	0	0	1		1
9	OD05MI														0	0	0	1		1
9	OD06GR														0	2	1	0		3
9	Totales OD	0	0	0	0	0	0	0	0	0	0	0	0	0	0	2	1	2	0	5
9	OP07NE														1	0	0	0		1
9	OP20NE														1	0	0	0		1
9	OP35CF														0	1	0	0		1
9	Totales OP	0	0	0	0	0	0	0	0	0	0	0	0	0	2	1	0	0	0	3
9	OQ01NE														0	1	0	0		1
9	OQ04MI														0	2	0	0		2
9	OQ05CF														0	1	1	0		2
9	OQ05HF														0	0	0	1		1
9	Totales OQ	0	0	0	0	0	0	0	0	0	0	0	0	0	0	4	1	1	0	6
9	OV02CN														0	1	0	0		1
9	OV02NE														0	3	0	0		3
9	Totales OV	0	0	0	0	0	0	0	0	0	0	0	0	0	0	4	0	0	0	4
9	ZER220														1	0	0	0		1
9	Totales ZE	0	0	0	0	0	0	0	0	0	0	0	0	0	1	0	0	0	0	1
9	Total	99	2	205	680	454	297	408	377	241	78	98	24	3	22	27	7	6	0	3028
26	A703NA			0	1	1	0	0	0	0										2
26	A703NV			0	1	1	1	0	0	0										3
26	A714RN			0	1	0	0	1	0	0										2
26	A71AN*			0	1	1	1	0	0	0										3
26	A738NA			0	1	0	0	0	0	0										1
26	Totales A7	0	0	0	5	3	2	1	0	0	0	0	0	0	0	0	0	0	0	11
26	BY35RM			0	0	1	1	1	0	0										3
26	BY35RN			0	1	1	1	0	0	0										3
26	BY39RM			0	0	1	1	1	0	0										3
26	BY39RN			0	1	1	1	0	0	0										3
26	BY50MN			0	1	0	1	0	0	0										2
26	BY50NX			0	1	1	1	1	0	0										4
26	Totales BY	0	0	0	4	5	6	3	0	0	0	0	0	0	0	0	0	0	0	18
26	CG0AMB			0	1	0	1	1	0	0										3
26	CG0ARN			0	0	1	0	1	0	0										2
26	CG26RN			0	1	1	0	0	0	0										2
26	CG28LA			0	1	0	0	2	0	0										3
26	CG28RN			0	1	1	1	0	0	0										3
26	CG58SN			0	1	1	1	0	0	1										4
26	CG58SR			1	1	1	1	1	0	0										5
26	CG9XIP			0	1	0	1	1	0	0										3
26	CG9XRC			0	1	0	1	0	1	0										3
26	CG9XRN			0	1	1	0	1	0	0										3
26	Totales CG	0	0	1	9	6	6	7	1	1	0	0	0	0	0	0	0	0	0	31
26	EO44IA			0	1	1	1	1	0	0										4
26	EO44RN			0	1	1	1	0	0	0										3
26	EO46RN			0	1	1	1	1	0	0										4
26	EO46SR			0	1	1	1	1	0	0										4
26	EO73IA			0	1	1	1	1	0	0										4
26	EO73RN			0	1	0	0	1	0	0										2
26	Totales EO	0	0	0	6	5	5	5	0	0	0	0	0	0	0	0	0	0	0	21
26	FB42RM			0	1	0	0	0	0	0										1
26	FB4XN5			0	1	0	0	0	0	0										1
26	FB4XP1			0	1	1	1	1	0	0										4
26	FB78MB			0	0	1	1	0	0	0										2
26	FB78RN			0	1	1	1	0	0	0										3
26	FB82IP			0	1	1	1	1	0	0										4
26	FB82OX			0	1	0	0	0	0	0										1
26	FB82X0			0	1	1	1	0	0	0										3
26	FB84OX			0	0	0	1	0	0	0										1
26	Totales FB	0	0	0	7	5	6	2	0	0	0	0	0	0	0	0	0	0	0	20
26	G714TO			0	1	1	1	1	1	0										5
26	G722CE			0	1	1	1	1	0	0										4
26	G722EY			0	1	1	1	1	1	0										5
26	G722MN			0	0	0	0	1	0	0										1
26	Totales G7	0	0	0	3	3	3	4	2	0	0	0	0	0	0	0	0	0	0	15
26	IX25EL			0	1	0	0	1	0	0										2
26	IX25GR			0	1	0	0	1	0	0										2
26	IX5WNI			0	1	1	0	1	0	0										3
26	IX5WOX			1	0	0	0	0	0	1										2
26	IX7DCR			0	1	1	1	1	0	0										4
26	Totales IX	0	0	1	4	2	1	4	0	1	0	0	0	0	0	0	0	0	0	13
26	LP01*F			0	1	1	1	0	0	0										3
26	LP01*N			0	1	1	1	0	1	0										4
26	LP01CR			0	0	1	1	0	0	0										2
26	LP01D1			0	1	1	0	1	0	0										3
26	LP01DO			0	1	0	0	1	0	0										2
26	LP01RN			0	1	1	1	1	0	0										4
26	LP01T5			0	1	1	0	1	0	0										3
26	LP09CR			0	1	1	1	1	0	0										4
26	LP09N6			0	1	0	1	1	0	0										3
26	LP09VI			0	1	0	1	1	0	0										3
26	LP0CIA			0	1	0	0	0	0	0										1
26	LP0CRC			0	1	1	0	1	0	0										3
26	LP0CRN			0	1	3	0	0	0	0										4
26	LP0EA2			0	0	1	0	0	0	0										1
26	LP0EN2			0	1	0	1	0	0	0										2
26	LP0MCR			0	1	0	1	0	0	0										2
26	LP0MRN			0	1	1	0	0	1	0										3
26	LP1CBR			0	0	1	0	1	0	0										2
26	LP1CRN			0	1	1	1	0	0	0										3
26	LP1DR1			0	1	1	1	1	0	0										4
26	LP1NIA			0	1	0	0	1	0	0										2
26	LP1NRM			0	1	0	0	0	1	0										2
26	LP1NRN			0	0	1	0	0	0	0										1
26	LP1NSR			0	1	0	0	1	0	0										2
26	LP29PL			0	1	0	0	1	1	0										3
26	LP29RN			0	1	1	1	0	0	0										3
26	LP3PEB			0	1	0	0	0	0	0										1
26	LP3PRM			0	1	1	0	0	0	0										2
26	LP3PRN			0	1	1	0	1	0	0										3
26	LP3PSR			0	1	0	0	0	0	0										1
26	LP62RN			0	1	1	0	0	0	0										2
26	LP6WRC			0	1	0	1	1	0	0										3
26	LP6WRN			0	0	1	1	1	0	0										3
26	LP71OX			0	0	1	1	0	0	0										2
26	LP71PL			0	1	0	0	1	0	0										2
26	LP74RC			0	1	0	0	0	0	0										1
26	LP74RN			0	1	1	1	0	0	0										3
26	LP8PRM			0	1	1	1	1	0	0										4
26	LP8PRN			0	1	0	0	0	0	0										1
26	Totales LP	0	0	0	33	25	17	18	4	0	0	0	0	0	0	0	0	0	0	97
26	NU3MN8			0	1	0	1	0	0	0										2
26	Totales NU	0	0	0	1	0	1	0	0	0	0	0	0	0	0	0	0	0	0	2
26	P62DRN			0	1	0	0	0	0	0										1
26	P644RC			0	1	0	0	0	0	0										1
26	P644RN			0	1	0	0	0	0	0										1
26	P679RC			0	0	1	1	1	0	0										3
26	P679RN			0	1	0	1	0	0	0										2
26	P686RM			0	2	0	0	0	0	0										2
26	Totales P6	0	0	0	6	1	2	1	0	0	0	0	0	0	0	0	0	0	0	10
26	QR1PNI			0	1	1	0	1	0	0										3
26	QR2CRN			0	1	0	0	0	0	0										1
26	QR2PRC			0	1	1	1	1	0	0										4
26	QR2PRN			0	1	1	1	0	0	0										3
26	QR2WIA			0	1	1	0	1	0	0										3
26	QR2WRN			0	1	0	0	0	1	0										2
26	QR3RN3			0	1	1	0	1	0	1										4
26	Totales QR	0	0	0	7	5	2	4	1	1	0	0	0	0	0	0	0	0	0	20
26	R214SR			0	0	1	1	0	1	0										3
26	R214XO			0	0	1	1	0	0	0										2
26	Totales R2	0	0	0	0	2	2	0	1	0	0	0	0	0	0	0	0	0	0	5
26	R480RO			0	0	1	1	1	0	0										3
26	Totales R4	0	0	0	0	1	1	1	0	0	0	0	0	0	0	0	0	0	0	3
26	RA03NE			0	1	1	1	1	0	0										4
26	RA03RM			0	1	1	1	1	0	0										4
26	RA05NR			0	1	1	0	1	0	0										3
26	RA05RM			0	1	1	2	0	0	0										4
26	RA07NE			0	1	2	1	0	1	0										5
26	RA07RO			0	1	1	1	0	0	0										3
26	RA07XO			0	1	1	1	1	1	0										5
26	RA15NE			0	1	1	1	0	0	0										3
26	RA15XO			0	1	0	1	1	0	0										3
26	RA21GR			0	1	2	1	1	0	0										5
26	RA21RO			0	1	1	1	1	0	1										5
26	RA47XO			0	1	2	0	2	1	1										7
26	RA90XM			0	1	1	1	0	0	0										3
26	RA90XO			0	1	1	0	0	0	0										2
26	RA94NE			0	1	1	1	1	1	0										5
26	RA94XO			0	1	1	1	1	0	0										4
26	RA95NE			0	0	1	1	0	0	0										2
26	RA95RO			0	0	1	0	1	1	0										3
26	RA95XO			0	1	2	2	0	1	0										6
26	RA96NE			0	1	0	0	0	1	0										2
26	RA96RO			0	1	1	0	0	0	0										2
26	RA96XO			0	2	0	1	0	0	0										3
26	RA98MI			0	0	0	0	1	0	0										1
26	RA98N*			0	1	1	1	1	0	0										4
26	RA98NE			0	2	1	0	1	1	0										5
26	RA98RO			1	1	2	1	0	1	0										6
26	RA98XO			0	1	1	0	1	1	0										4
26	Totales RA	0	0	1	26	28	20	16	10	2	0	0	0	0	0	0	0	0	0	103
26	RB45AN			0	1	1	0	1	0	0										3
26	RB45SN			0	0	1	1	0	0	0										2
26	Totales RB	0	0	0	1	2	1	1	0	0	0	0	0	0	0	0	0	0	0	5
26	RC30MA			0	1	1	1	1	0	0										4
26	RC30NE			0	1	2	0	1	1	0										5
26	RC30RO			0	0	2	2	1	1	1										7
26	RC35AZ			0	1	0	0	0	0	0										1
26	RC35NE			1	1	1	0	1	1	1										6
26	RC36RO			0	1	0	2	0	0	0										3
26	Totales RC	0	0	1	5	6	5	4	3	2	0	0	0	0	0	0	0	0	0	26
26	RD68NE			0	1	1	1	1	1	0										5
26	RD68XO			0	0	1	0	1	0	0										2
26	Totales RD	0	0	0	1	2	1	2	1	0	0	0	0	0	0	0	0	0	0	7
26	RG59CF			0	1	0	1	1	0	0										3
26	RG59MI			0	1	0	0	1	1	0										3
26	RG59NE			0	0	1	0	1	0	0										2
26	RG67NE			0	1	0	1	1	1	0										4
26	RG67XO			0	1	1	1	1	0	0										4
26	RG70AZ			0	1	0	1	1	1	0										4
26	RG70LU			0	0	1	0	1	1	0										3
26	RG88NE			0	1	0	1	2	1	0										5
26	RG88RO			0	1	1	1	1	1	0										5
26	Totales RG	0	0	0	7	4	6	10	6	0	0	0	0	0	0	0	0	0	0	33
26	RS00CR			0	1	0	1	1	0	0										3
26	RS00RN			0	1	0	0	1	0	0										2
26	RS06MB			0	0	0	0	1	0	0										1
26	RS06RN			0	1	0	0	0	0	0										1
26	RS0X*C			0	1	1	2	2	1	0										7
26	RS0XIA			0	0	0	0	1	0	0										1
26	RS0XRN			0	1	0	2	1	1	0										5
26	RS17RN			0	1	0	1	1	0	0										3
26	RS27RC			0	1	0	0	0	0	0										1
26	RS27RN			1	1	0	1	0	0	0										3
26	RS37M3			0	1	1	1	1	1	0										5
26	RS37N3			0	0	0	0	1	0	0										1
26	RS3BBG			0	1	1	0	0	0	0										2
26	RS3BN1			0	0	0	1	1	0	0										2
26	RS3NRN			0	1	0	0	0	1	0										2
26	RS3WRC			0	1	0	0	1	0	0										2
26	RS3WRN			0	1	1	0	0	1	0										3
26	RS48BR			0	1	1	0	1	0	0										3
26	RS48DO			0	1	0	0	1	1	0										3
26	RS48MB			0	1	1	0	1	1	0										4
26	RS48RN			0	1	1	1	1	0	0										4
26	RS49C1			0	1	1	1	1	0	0										4
26	RS4NML			0	1	1	1	1	1	0										5
26	RS4NRN			0	1	1	1	1	1	0										5
26	RS4NSR			0	1	0	0	0	0	0										1
26	RS57RT			0	1	1	1	1	0	0										4
26	RS57SR			0	1	1	1	1	0	0										4
26	RS5BN1			0	0	2	0	1	0	0										3
26	RS5BRN			0	0	0	1	0	0	0										1
26	RS61L1			0	0	0	1	1	0	0										2
26	RS61N1			0	1	1	1	1	0	0										4
26	RS64OX			0	1	0	1	0	0	0										2
26	RS64RN			1	1	1	1	1	1	1										7
26	RS64SR			0	0	0	1	1	0	1										3
26	RS72PL			0	1	1	1	0	0	0										3
26	RS72RN			0	1	1	1	1	0	0										4
26	RS87LA			0	1	1	0	0	0	0										2
26	RS87RN			0	1	1	1	1	1	0										5
26	RS9YMB			0	1	1	1	1	0	0										4
26	RS9YRN			0	1	1	1	1	0	1										5
26	RS9YSR			0	1	1	0	1	1	0										4
26	Totales RS	0	0	2	33	23	26	31	12	3	0	0	0	0	0	0	0	0	0	130
26	T52BRM			0	1	0	0	0	0	0										1
26	T52BRN			0	0	1	0	1	0	0										2
26	T589RC			0	2	0	0	0	0	0										2
26	T589RN			0	0	0	0	0	1	0										1
26	Totales T5	0	0	0	3	1	0	1	1	0	0	0	0	0	0	0	0	0	0	6
26	UN2XLA			0	1	1	1	1	0	0										4
26	UN2XRN			0	2	1	1	3	0	0										7
26	UN4BG2			0	1	1	1	1	0	0										4
26	UN6DC2			0	1	1	0	1	0	0										3
26	UN6DN3			0	1	1	1	0	0	0										3
26	Totales UN	0	0	0	6	5	4	6	0	0	0	0	0	0	0	0	0	0	0	21
26	VT1BIA			0	0	0	2	1	0	0										3
26	VT1BRN			0	1	1	0	2	1	0										5
26	VT4ARM			0	1	1	1	1	0	0										4
26	VT4ARN			0	1	1	0	1	0	0										3
26	VT4ASR			0	0	1	1	0	0	0										2
26	VT6AIA			0	2	1	0	1	0	0										4
26	VT6ARN			0	1	1	0	0	1	0										3
26	VT7R05			0	1	0	0	0	0	0										1
26	VT8EOX			0	1	0	1	0	0	0										2
26	VT8ERN			0	0	1	0	1	0	0										2
26	VT8ESR			0	0	0	0	1	0	0										1
26	VT94BR			0	1	0	0	1	0	0										2
26	VT94RC			0	1	1	1	1	0	0										4
26	VT94RN			0	1	1	1	1	1	0										5
26	VT97A9			0	1	0	0	1	0	0										2
26	VT97BG			0	1	0	0	0	0	0										1
26	Totales VT	0	0	0	13	9	7	12	3	0	0	0	0	0	0	0	0	0	0	44
26	WD8CRM			0	1	0	1	2	0	0										4
26	WD8CRN			0	2	1	0	0	0	0										3
26	Totales WD	0	0	0	3	1	1	2	0	0	0	0	0	0	0	0	0	0	0	7
26	X302RN			0	0	0	0	0	0	1										1
26	X32RT6			0	1	1	1	1	0	0										4
26	X332AD			0	0	0	1	0	0	0										1
26	X332AZ			0	1	1	0	1	0	0										3
26	X332MD			0	1	1	1	1	0	0										4
26	X332NG			0	1	0	1	0	0	0										2
26	X355RN			0	0	1	1	0	0	0										2
26	X36Y*F			0	0	0	0	1	0	0										1
26	X36YR1			0	1	1	1	0	1	0										4
26	X376N3			0	1	1	1	0	0	0										3
26	Totales X3	0	0	0	6	6	7	4	1	1	0	0	0	0	0	0	0	0	0	25
26	Z150BG			0	1	2	1	0	1	1										6
26	Z151NE			0	1	0	1	0	1	0										3
26	Z151RO			0	1	2	0	1	1	0										5
26	Totales Z1	0	0	0	3	4	2	1	3	1	0	0	0	0	0	0	0	0	0	14
26	Z203NE			0	0	1	2	0	0	0										3
26	Z203XO			0	0	1	0	0	1	0										2
26	Z207MB			0	1	1	0	1	0	0										3
26	Z210NE			0	1	0	1	0	0	0										2
26	Totales Z2	0	0	0	2	3	3	1	1	0	0	0	0	0	0	0	0	0	0	10
26	Z451BR			0	1	1	0	0	0	0										2
26	Z451NE			0	0	1	0	1	0	0										2
26	Z452DO			0	1	0	0	1	0	0										2
26	Z452RO			0	1	0	1	1	0	0										3
26	Z453CF			0	1	1	0	1	0	0										3
26	Z454AZ			0	0	1	1	1	0	0										3
26	Z454MA			0	1	1	0	0	0	0										2
26	Z455CF			0	1	1	1	1	0	0										4
26	Z455NE			0	1	1	1	0	0	0										3
26	Z456MI			0	0	1	1	1	0	0										3
26	Z456NE			0	1	1	1	1	1	0										5
26	Totales Z4	0	0	0	8	9	6	8	1	0	0	0	0	0	0	0	0	0	0	32
26	Z592BR			0	1	1	2	0	0	0										4
26	Z592NE			0	1	1	0	0	0	0										2
26	Z593BG			0	1	1	0	1	0	0										3
26	Z593RO			0	1	1	1	1	1	0										5
26	Z594NE			0	1	0	0	0	0	0										1
26	Z595AZ			0	0	1	0	0	0	0										1
26	Z595CF			0	1	1	1	0	0	0										3
26	Totales Z5	0	0	0	6	6	4	2	1	0	0	0	0	0	0	0	0	0	0	19
26	Z703DO			0	1	1	0	0	0	0										2
26	Z704DO			0	2	1	2	0	0	0										5
26	Z704NE			0	1	1	1	1	0	0										4
26	Z707MA			0	1	1	0	1	0	0										3
26	Z707NE			0	1	0	1	0	1	0										3
26	Z708BG			0	1	0	1	1	0	0										3
26	Totales Z7	0	0	0	7	4	5	3	1	0	0	0	0	0	0	0	0	0	0	20
26	ZA13BR			0	1	2	2	0	0	0										5
26	ZA14TA			0	1	0	1	0	0	0										2
26	ZA19BR			0	1	0	0	1	1	0										3
26	ZA19RO			0	0	0	0	1	1	0										2
26	ZA25NE			0	0	1	0	0	0	0										1
26	ZA28AZ			0	1	2	1	0	0	0										4
26	ZA28OX			0	1	0	1	1	0	0										3
26	ZA30B*			0	1	0	1	1	0	0										3
26	ZA31BG			0	1	1	0	1	0	0										3
26	ZA31CF			0	1	0	2	1	0	0										4
26	ZA33AZ			0	0	1	1	1	0	0										3
26	ZA33BR			0	1	1	1	1	0	0										4
26	Totales ZA	0	0	0	9	8	10	8	2	0	0	0	0	0	0	0	0	0	0	37
26	ZCD2BR			0	0	1	0	0	0	0										1
26	ZCD3XO			0	0	1	0	1	0	0										2
26	ZCD5NE			0	1	0	1	0	0	0										2
26	Totales ZC	0	0	0	1	2	1	1	0	0	0	0	0	0	0	0	0	0	0	5
26	ZD34NE			0	1	0	1	0	0	0										2
26	ZD35NE			0	1	0	0	0	0	0										1
26	ZD35WI			0	0	1	1	0	0	0										2
26	ZD36MB			0	0	2	1	0	1	0										4
26	ZD36NE			0	1	1	1	1	0	0										4
26	ZD37BR			0	1	1	1	1	1	0										5
26	ZD37NE			0	1	1	0	1	1	0										4
26	ZD38NE			0	1	0	0	1	0	0										2
26	ZD38RO			0	1	0	1	1	1	0										4
26	ZD39MB			0	1	1	1	1	0	0										4
26	ZD39NE			0	1	1	1	1	0	0										4
26	ZD40AZ			0	1	1	0	0	0	0										2
26	ZD41CR			0	1	1	1	1	0	0										4
26	Totales ZD	0	0	0	11	10	9	8	4	0	0	0	0	0	0	0	0	0	0	42
26	ZF26BR			0	1	1	1	1	1	0										5
26	ZF26C*			0	1	1	1	1	0	0										4
26	ZF27MO			0	0	2	2	0	0	0										4
26	ZF34NE			0	1	2	2	1	0	0										6
26	ZF34XO			0	1	2	1	1	1	0										6
26	ZF35BR			0	1	2	0	1	1	0										5
26	ZF38B*			0	1	1	1	1	1	0										5
26	ZF45OR			0	1	0	0	0	0	0										1
26	ZF50C*			0	0	3	0	1	1	0										5
26	ZF50NE			0	1	2	1	0	1	0										5
26	ZF51OR			0	1	2	2	0	1	0										6
26	ZF72NE			0	1	1	0	1	0	0										3
26	ZF72RO			0	1	2	2	1	1	0										7
26	Totales ZF	0	0	0	11	21	13	9	8	0	0	0	0	0	0	0	0	0	0	62
26	ZH80NE			0	1	0	1	1	1	0										4
26	ZH83BR			0	1	1	0	0	0	0										2
26	ZH84MA			0	1	1	0	0	1	0										3
26	ZH84NE			0	1	1	1	1	1	0										5
26	ZH85DO			0	1	0	1	1	1	0										4
26	Totales ZH	0	0	0	5	3	3	3	4	0	0	0	0	0	0	0	0	0	0	18
26	ZJ01HR			0	0	1	0	0	0	0										1
26	ZJ01MB			0	2	1	2	1	0	0										6
26	ZJ01RN			0	1	0	1	0	0	0										2
26	ZJ02RN			0	0	1	0	0	1	0										2
26	ZJ07MB			0	0	1	1	0	1	0										3
26	ZJ08RN			0	0	1	1	0	0	0										2
26	ZJ08RO			0	0	1	1	1	0	0										3
26	ZJ09CF			0	1	0	1	1	0	0										3
26	ZJ09RN			0	1	0	1	1	0	0										3
26	ZJ13CF			0	0	1	1	1	0	0										3
26	ZJ13RN			0	1	0	0	0	1	0										2
26	ZJ15MI			0	1	1	0	0	1	0										3
26	ZJ15NE			0	0	0	1	0	0	0										1
26	ZJ18AZ			0	1	0	1	0	1	0										3
26	ZJ18CF			0	1	1	0	1	0	0										3
26	ZJ33HR			0	1	0	0	0	0	0										1
26	ZJ33VE			0	1	0	0	2	0	0										3
26	ZJ34CR			0	1	1	1	1	0	0										4
26	ZJ34NE			0	1	1	1	0	0	0										3
26	ZJ34RO			0	1	0	0	1	0	0										2
26	ZJ35AZ			0	1	1	0	0	0	0										2
26	ZJ35MI			0	1	0	1	1	0	0										3
26	ZJ40BG			0	1	1	1	1	0	0										4
26	ZJ40BR			0	1	1	0	1	0	0										3
26	ZJ41DO			0	0	1	1	1	1	0										4
26	ZJ41NE			0	1	1	1	1	0	0										4
26	ZJ42CF			0	1	0	1	1	0	0										3
26	ZJ42RN			0	1	2	1	1	0	0										5
26	ZJ50BR			0	1	1	1	0	1	0										4
26	ZJ50PL			0	1	1	0	0	0	0										2
26	Totales ZJ	0	0	0	23	20	20	17	7	0	0	0	0	0	0	0	0	0	0	87
26	ZM56BR			0	1	1	1	1	0	0										4
26	ZM56DO			0	1	1	1	1	0	0										4
26	ZM57NE			0	0	1	1	0	0	0										2
26	ZM57RO			0	1	0	1	1	1	0										4
26	Totales ZM	0	0	0	3	3	4	3	1	0	0	0	0	0	0	0	0	0	0	14
26	ZO16IA			0	1	1	1	0	0	0										3
26	ZO16MI			0	1	1	0	1	0	0										3
26	ZO16RN			0	1	0	1	1	0	0										3
26	ZO16RO			0	1	0	0	1	0	0										2
26	Totales ZO	0	0	0	4	2	2	3	0	0	0	0	0	0	0	0	0	0	0	11
26	ZP20BG			0	1	1	1	1	1	0										5
26	ZP20NE			0	0	1	1	0	0	0										2
26	ZP20RO			0	0	2	1	1	1	0										5
26	ZP21AZ			0	1	1	1	1	1	0										5
26	ZP21MI			0	1	1	2	1	1	0										6
26	Totales ZP	0	0	0	3	6	6	4	4	0	0	0	0	0	0	0	0	0	0	23
26	ZQ06C*			0	1	0	0	0	0	0										1
26	ZQ09NE			0	1	1	0	0	0	0										2
26	ZQ24DO			0	1	1	1	0	0	0										3
26	ZQ35CF			0	1	1	0	1	0	0										3
26	ZQ36DO			0	1	0	0	0	0	0										1
26	ZQ37RS			0	0	1	1	1	0	0										3
26	ZQ40NE			0	0	1	0	0	0	0										1
26	Totales ZQ	0	0	0	5	5	2	2	0	0	0	0	0	0	0	0	0	0	0	14
26	ZU08NE			0	1	0	1	0	0	0										2
26	ZU08RO			0	1	1	1	0	0	0										3
26	ZU09DO			0	1	2	1	0	0	0										4
26	ZU14NE			0	1	2	2	0	0	0										5
26	ZU14TA			0	1	1	2	1	0	0										5
26	ZU15BR			0	2	0	0	0	0	0										2
26	ZU15MI			0	1	0	2	0	0	0										3
26	Totales ZU	0	0	0	8	6	9	1	0	0	0	0	0	0	0	0	0	0	0	24
26	ZV52RS			0	1	1	1	0	0	0										3
26	ZV52XM			0	0	1	1	1	1	0										4
26	ZV57LU			1	1	0	0	0	0	0										2
26	ZV58CF			0	1	1	0	0	1	0										3
26	ZV61NE			0	0	2	0	0	1	0										3
26	ZV62AZ			0	1	2	0	1	0	0										4
26	ZV62DO			0	1	1	1	1	1	0										5
26	ZV63BR			0	0	2	2	1	0	0										5
26	ZV63RO			0	1	2	2	1	0	0										6
26	Totales ZV	0	0	1	6	12	7	5	4	0	0	0	0	0	0	0	0	0	0	35
26	ZWP1AZ			1	2	3	3	0	1	0										10
26	ZWP1MA			0	0	2	1	2	0	0										5
26	ZWP1NE			1	2	3	3	0	1	0										10
26	ZWP1NR			0	0	0	1	0	0	0										1
26	ZWP1RO			0	1	1	2	1	1	0										6
26	ZWP1VI			0	1	2	2	1	1	0										7
26	ZWP2BG			0	1	1	3	3	0	0										8
26	ZWP2GR			0	2	2	2	0	0	0										6
26	ZWP2MA			1	2	1	1	0	1	0										6
26	ZWP2NE			1	2	2	1	0	1	1										8
26	Totales ZW	0	0	4	13	17	19	7	6	1	0	0	0	0	0	0	0	0	0	67
26	ZX35NE			0	1	1	1	1	0	0										4
26	ZX35XO			0	1	1	0	1	0	0										3
26	ZX36NE			0	1	0	0	0	0	0										1
26	ZX36UV			0	1	1	0	1	0	0										3
26	ZX38BR			0	0	1	0	0	0	0										1
26	ZX38NE			0	1	1	0	1	0	0										3
26	Totales ZX	0	0	0	5	5	1	4	0	0	0	0	0	0	0	0	0	0	0	15
26	ZY80NE			0	1	0	0	0	0	0										1
26	ZY80RO			0	1	1	0	1	0	0										3
26	ZY81NE			0	1	1	1	1	0	0										4
26	ZY82BG			0	1	1	1	0	0	0										3
26	Totales ZY	0	0	0	4	3	2	2	0	0	0	0	0	0	0	0	0	0	0	11
26	CREMA**	26																		26
26	CREMACE	1																		1
26	CREMAES	1																		1
26	CREMAIM	1																		1
26	CREMAMA	4																		4
26	CREMARO	3																		3
26	CREMASP	1																		1
26	CREMAUV	2																		2
26	CREMAXO	1																		1
26	Totales CR	40	0	0	0	0	0	0	0	0	0	0	0	0	0	0	0	0	0	40
26	O3B1NE	1																		1
26	O3B2AZ	1																		1
26	O3B3MI	1																		1
26	O3C1AZ	1																		1
26	O3C1MI	1																		1
26	O3C1NE	1																		1
26	Totales O3	6	0	0	0	0	0	0	0	0	0	0	0	0	0	0	0	0	0	6
26	OC05CF	1																		1
26	OC05NE	1																		1
26	OC09BR	1																		1
26	OC17NE	1																		1
26	OC54DO	1																		1
26	OC63BR	1																		1
26	OC76NE	1																		1
26	Totales OC	7	0	0	0	0	0	0	0	0	0	0	0	0	0	0	0	0	0	7
26	OD30NE	1																		1
26	Totales OD	1	0	0	0	0	0	0	0	0	0	0	0	0	0	0	0	0	0	1
26	OEB1R1	1																		1
26	OEB1RO	1																		1
26	OEB2R2	1																		1
26	OEC1RO	1																		1
26	OEM1RO	1																		1
26	Totales OE	5	0	0	0	0	0	0	0	0	0	0	0	0	0	0	0	0	0	5
26	OF17AS	1																		1
26	OF17AZ	1																		1
26	OF17RO	1																		1
26	OF18BR	1																		1
26	OF19BR	1																		1
26	OF19RO	1																		1
26	OFC2BR	2																		2
26	OFC2RO	2																		2
26	OFL2BR	2																		2
26	OFL2RO	2																		2
26	OFT2BR	-1																		-1
26	OFT2RO	1																		1
26	Totales OF	14	0	0	0	0	0	0	0	0	0	0	0	0	0	0	0	0	0	14
26	OG01DO	1																		1
26	OG01NE	1																		1
26	OG02CF	1																		1
26	OG02NE	1																		1
26	OG12HF	1																		1
26	OG29NE	2																		2
26	Totales OG	7	0	0	0	0	0	0	0	0	0	0	0	0	0	0	0	0	0	7
26	OHL1UV	1																		1
26	Totales OH	1	0	0	0	0	0	0	0	0	0	0	0	0	0	0	0	0	0	1
26	OK01NE	1																		1
26	OK35NE	1																		1
26	OK35OR	1																		1
26	OK37BR	1																		1
26	OKB1RS	1																		1
26	OKB3RO	1																		1
26	OKB4NR	1																		1
26	OKB5NR	1																		1
26	OKC1RS	1																		1
26	OKC2RO	1																		1
26	OKC2XO	1																		1
26	OKL1AL	1																		1
26	OKL1RS	2																		2
26	OKL2VE	1																		1
26	OKP2RO	1																		1
26	OKP2VE	1																		1
26	OKP2XO	1																		1
26	OKT1AL	1																		1
26	OKT2RO	1																		1
26	OKT2VE	1																		1
26	OKT2XO	1																		1
26	OKT4NR	1																		1
26	Totales OK	23	0	0	0	0	0	0	0	0	0	0	0	0	0	0	0	0	0	23
26	OM36NE	1																		1
26	OM42NE	1																		1
26	Totales OM	2	0	0	0	0	0	0	0	0	0	0	0	0	0	0	0	0	0	2
26	ON28BR	1																		1
26	ON31MI	1																		1
26	ON31PL	1																		1
26	ON34CF	1																		1
26	ON46MB	1																		1
26	ON46NE	1																		1
26	Totales ON	6	0	0	0	0	0	0	0	0	0	0	0	0	0	0	0	0	0	6
26	OO26BG	1																		1
26	OO27PL	1																		1
26	Totales OO	2	0	0	0	0	0	0	0	0	0	0	0	0	0	0	0	0	0	2
26	OP56NE	1																		1
26	OP58CF	1																		1
26	OP58WB	1																		1
26	OP59NE	1																		1
26	OP60NE	1																		1
26	OP61DO	1																		1
26	OP61NE	1																		1
26	Totales OP	7	0	0	0	0	0	0	0	0	0	0	0	0	0	0	0	0	0	7
26	OQ57R*	1																		1
26	OQ57RO	2																		2
26	OQ58RO	1																		1
26	OQ59NE	1																		1
26	OQ60CF	1																		1
26	OQ67CF	1																		1
26	OQ68NE	1																		1
26	OQC1RO	1																		1
26	OQC2R*	1																		1
26	OQC2RO	2																		2
26	OQL1R*	1																		1
26	OQT1R*	1																		1
26	OQT1RO	1																		1
26	Totales OQ	15	0	0	0	0	0	0	0	0	0	0	0	0	0	0	0	0	0	15
26	OT39DO	1																		1
26	OT39NE	1																		1
26	OT40BG	1																		1
26	OT44AZ	1																		1
26	OT46NE	1																		1
26	OT51CF	1																		1
26	OT51RO	1																		1
26	OT52CF	1																		1
26	OT52RO	1																		1
26	OT54CQ	1																		1
26	OT54PL	1																		1
26	OT56CQ	1																		1
26	OT56PL	1																		1
26	OT57FS	1																		1
26	OT57MB	1																		1
26	OT58FS	1																		1
26	OT58MB	1																		1
26	OT64NE	1																		1
26	OT65AS	1																		1
26	OT65HF	1																		1
26	OT66HF	1																		1
26	OT68D*	1																		1
26	OT69D*	1																		1
26	OT76RS	1																		1
26	OTC*CQ	2																		2
26	OTC*PL	2																		2
26	OTC2C1	1																		1
26	OTC4CF	2																		2
26	OTC4RO	1																		1
26	OTC5RS	1																		1
26	OTC7NE	1																		1
26	OTC8AS	1																		1
26	OTC9D*	1																		1
26	OTL1CF	1																		1
26	OTL1PL	1																		1
26	OTL9D*	1																		1
26	OTM*CF	2																		2
26	OTM*RO	1																		1
26	OTM9D*	1																		1
26	OTP1N*	1																		1
26	OTP2MB	1																		1
26	OTP2NE	1																		1
26	OTP2RO	1																		1
26	OTP6CF	1																		1
26	OTP6CQ	1																		1
26	OTP6RO	1																		1
26	OTP7RO	1																		1
26	OTP8HF	1																		1
26	OTT6CF	1																		1
26	OTT6CQ	1																		1
26	OTT6RO	1																		1
26	OTT8HF	1																		1
26	Totales OT	56	0	0	0	0	0	0	0	0	0	0	0	0	0	0	0	0	0	56
26	OU21BG	1																		1
26	OU22CF	1																		1
26	OU22NE	1																		1
26	OU23CF	1																		1
26	OU23NE	1																		1
26	Totales OU	5	0	0	0	0	0	0	0	0	0	0	0	0	0	0	0	0	0	5
26	OV03CF	1																		1
26	OVB4NE	1																		1
26	OVB6BG	1																		1
26	OVC6BG	1																		1
26	Totales OV	4	0	0	0	0	0	0	0	0	0	0	0	0	0	0	0	0	0	4
26	OW95**	3																		3
26	OW96**	1																		1
26	OWES**	4																		4
26	Totales OW	8	0	0	0	0	0	0	0	0	0	0	0	0	0	0	0	0	0	8
26	OX11NE	1																		1
26	OX12AZ	1																		1
26	OX12HF	1																		1
26	OX13DO	1																		1
26	OX24NE	1																		1
26	Totales OX	5	0	0	0	0	0	0	0	0	0	0	0	0	0	0	0	0	0	5
26	OY19RO	1																		1
26	OY97MI	1																		1
26	OY97NE	1																		1
26	Totales OY	3	0	0	0	0	0	0	0	0	0	0	0	0	0	0	0	0	0	3
26	OZB1RO	1																		1
26	OZB2TA	1																		1
26	OZM2RO	1																		1
26	Totales OZ	3	0	0	0	0	0	0	0	0	0	0	0	0	0	0	0	0	0	3
26	TARJETA	12																		12
26	Totales TA	12	0	0	0	0	0	0	0	0	0	0	0	0	0	0	0	0	0	12
26	ZP29**	3																		3
26	Totales ZP	3	0	0	0	0	0	0	0	0	0	0	0	0	0	0	0	0	0	3
26	ZS95NE	1																		1
26	ZS96NE	1																		1
26	Totales ZS	2	0	0	0	0	0	0	0	0	0	0	0	0	0	0	0	0	0	2
26	ZT16MA	1																		1
26	ZT17BR	1																		1
26	Totales ZT	2	0	0	0	0	0	0	0	0	0	0	0	0	0	0	0	0	0	2
26	O201HF														0	0	1	0		1
26	O202MI														0	0	1	0		1
26	O202NE														1	1	1	0		3
26	O202RO														1	1	1	0		3
26	O203NE														0	1	0	0		1
26	O205GR														1	1	1	0		3
26	O208GR														0	1	1	0		2
26	Totales O2	0	0	0	0	0	0	0	0	0	0	0	0	0	3	5	6	0	0	14
26	O421A*														1	1	0	0		2
26	O421C*														1	1	0	0		2
26	O421N*														1	1	0	0		2
26	O421R*														1	0	0	0		1
26	O422A*														1	1	0	0		2
26	O422C*														0	1	0	0		1
26	O422N*														1	0	0	0		1
26	O422R*														1	1	0	0		2
26	O451AZ														0	1	0	0		1
26	O451TA														1	1	0	0		2
26	O452CF														1	1	0	0		2
26	Totales O4	0	0	0	0	0	0	0	0	0	0	0	0	0	9	9	0	0	0	18
26	OA30BR														1	1	1	0		3
26	OA31GR														1	0	0	0		1
26	OA32NE			0	0	0	0	1	0	0					0	0	0	0		1
26	OA58HF														1	0	0	0		1
26	OA61AS														0	0	1	0		1
26	OA61AZ														0	1	0	0		1
26	OA62BG														1	0	1	0		2
26	OA62NE														1	0	0	0		1
26	OA63AZ														1	0	0	0		1
26	Totales OA	0	0	0	0	0	0	1	0	0	0	0	0	0	6	2	3	0	0	12
26	OD05NE														0	1	0	0		1
26	OD06BG														0	0	1	0		1
26	OD06CF														0	1	1	1		3
26	OD07HF														1	0	0	0		1
26	OD08NE														0	1	0	0		1
26	OD08RO														0	0	0	1		1
26	OD09NE														0	1	1	0		2
26	OD09RO														0	1	1	1		3
26	OD10LU														0	1	1	0		2
26	OD10NE														0	1	0	0		1
26	Totales OD	0	0	0	0	0	0	0	0	0	0	0	0	0	1	7	5	3	0	16
26	OH52AZ														1	0	0	0		1
26	OH52RO														1	1	0	0		2
26	Totales OH	0	0	0	0	0	0	0	0	0	0	0	0	0	2	1	0	0	0	3
26	OQ01RO														0	0	0	1		1
26	OQ08NE														0	0	0	1		1
26	Totales OQ	0	0	0	0	0	0	0	0	0	0	0	0	0	0	0	0	2	0	2
26	Total	239	0	11	326	299	260	232	93	13	0	0	0	0	21	24	14	5	0	1537
17	0D18JL					0	0	1	2	1	1	1	0	0					0	6
17	0D58RC					0	1	1	2	2	1	0	0	0					0	7
17	0D70EB					0	0	1	1	2	0	0	0	0					0	4
17	0D70N8					0	0	0	2	0	1	1	0	0					0	4
17	Totales 0D	0	0	0	0	0	1	3	7	5	3	2	0	0	0	0	0	0	0	21
17	3B15XJ					0	0	1	1	2	1	1	0	0						6
17	3B15XN					0	1	1	1	1	1	1	0	0						6
17	3B22XN					0	0	0	0	1	0	1	0	0					0	2
17	3B26TL					0	0	2	2	2	0	1	0	0						7
17	3B26TN					0	0	1	1	2	0	0	0	0						4
17	3B28TJ					0	0	0	1	0	0	1	0	0						2
17	3B28TN					0	0	1	1	1	1	1	1	0						6
17	3B49XC					0	0	0	0	0	1	1	0	0						2
17	3B95XC					0	0	0	0	2	0	1	0	0					0	3
17	3B95XN					0	0	1	2	1	1	1	0	0					0	6
17	Totales 3B	0	0	0	0	0	1	7	9	12	5	9	1	0	0	0	0	0	0	44
17	4H62XC					0	0	1	0	2	1	1	0	0					0	5
17	4H62XN					0	0	0	1	1	1	1	0	0					0	4
17	4H65XC					0	0	0	1	0	1	1	0	0					0	3
17	4H65XN					0	0	0	0	0	0	1	0	0					0	1
17	4H66XJ					0	0	0	2	1	1	1	0	0					0	5
17	4H66XN					0	0	0	0	1	0	1	0	0					0	2
17	4H72XM					0	0	0	2	2	1	1	0	0					0	6
17	4H72XN					0	0	1	1	1	1	0	0	0					0	4
17	4H77XN					0	0	0	0	1	0	0	0	0					0	1
17	4H96XN					0	0	0	0	0	1	0	0	0					0	1
17	4H97IA					0	0	1	1	1	1	0	0	0					0	4
17	4H97XN					0	0	0	1	1	0	0	0	0					0	2
17	4H98XJ					0	1	1	1	1	1	0	0	0					0	5
17	4H98XN					0	0	0	0	1	0	1	0	0					0	2
17	Totales 4H	0	0	0	0	0	1	4	10	13	9	8	0	0	0	0	0	0	0	45
17	6F03TJ					0	0	1	0	1	0	1	0	0						3
17	6F03TM					0	1	1	2	1	1	0	0	0						6
17	6F17TJ					0	0	0	0	0	1	0	0	0						1
17	6F17TM					0	0	0	0	0	1	0	0	0						1
17	6F24TJ					0	0	1	1	3	1	1	0	0						7
17	6F24TN					0	0	0	2	2	2	1	0	0						7
17	6F34TJ					0	0	1	1	0	1	1	0	0					0	4
17	6F34TN					0	1	1	2	1	1	1	0	0					0	7
17	6F39TJ					0	0	0	1	0	0	0	0	0						1
17	6F39TN					0	0	1	0	0	0	1	0	0						2
17	6F50TN					0	0	0	1	2	1	1	0	0						5
17	6F67TL					0	0	1	3	1	0	0	1	0						6
17	6F67TN					0	0	1	1	1	0	1	0	0						4
17	Totales 6F	0	0	0	0	0	2	8	14	12	9	8	1	0	0	0	0	0	0	54
17	BH40XC					0	0	0	2	0	2	0	0	0					0	4
17	BH40XN					0	0	0	0	0	0	1	0	0					0	1
17	BH74IA					0	0	1	2	1	0	1	0	0					0	5
17	BH74XC					0	0	0	2	2	1	1	0	0					0	6
17	BH74XN					0	0	0	1	0	0	1	0	0					0	2
17	Totales BH	0	0	0	0	0	0	1	7	3	3	4	0	0	0	0	0	0	0	18
17	M411ZC					0	1	1	2	1	1	0	0	0					0	6
17	M412J7					0	1	1	2	1	1	0	0	0					0	6
17	Totales M4	0	0	0	0	0	2	2	4	2	2	0	0	0	0	0	0	0	0	12
17	OU70CF					0	0	1	0	2	1	1	0	0					0	5
17	OU70NE					0	0	1	1	2	1	1	0	0					0	6
17	OU71CF					0	0	1	1	2	0	0	0	0					0	4
17	OU71NE					0	0	1	2	2	1	1	0	0					0	7
17	OU72AZ					0	0	0	2	2	0	1	0	0					0	5
17	OU72TA					0	0	1	2	2	1	1	0	0					0	7
17	Totales OU	0	0	0	0	0	0	5	8	12	4	5	0	0	0	0	0	0	0	34
17	R606XO					0	0	0	1	1	1	0	0	0						3
17	R622OR					0	0	0	1	1	1	1	0	0						4
17	R638XM					0	0	1	1	1	0	0	0	0						3
17	R638XO					0	1	0	2	1	1	0	0	0						5
17	Totales R6	0	0	0	0	0	1	1	5	4	3	1	0	0	0	0	0	0	0	15
17	R765XN					0	0	0	1	0	1	0	1	0						3
17	R765XO					0	1	1	0	1	1	2	0	0						6
17	R766XO					0	2	1	0	2	1	0	0	0						6
17	R767XM					0	0	0	1	0	0	0	0	0						1
17	R767XO					0	1	1	0	0	1	1	0	0						4
17	Totales R7	0	0	0	0	0	4	3	2	3	4	3	1	0	0	0	0	0	0	20
17	Z351XM					0	0	1	1	2	1	0	0	0					0	5
17	Z351XN					0	0	1	1	2	1	1	0	0					0	6
17	Z352XC					0	0	0	1	2	1	1	0	0					0	5
17	Z352XN					0	0	0	1	2	1	1	0	0					0	5
17	Z353XC					0	0	0	1	2	1	1	0	0					0	5
17	Z354XM					0	0	1	1	1	1	1	0	0					0	5
17	Z354XN					0	0	0	1	1	1	0	0	0					0	3
17	Z355XC					0	0	0	1	2	0	1	0	0					0	4
17	Z355XN					0	0	0	1	2	1	0	0	0					0	4
17	Z356XC					0	0	1	2	2	0	1	0	0					0	6
17	Z356XN					0	0	1	2	2	1	1	0	0					0	7
17	Z357XM					0	0	1	1	2	1	1	0	0					0	6
17	Z357XN					0	0	0	0	2	1	1	0	0					0	4
17	Totales Z3	0	0	0	0	0	0	6	14	24	11	10	0	0	0	0	0	0	0	65
17	ZN70UV					0	0	0	0	1	1	0	0	0						2
17	ZN82NE					0	0	0	0	1	1	1	0	0					0	3
17	ZN82UV					0	0	0	0	1	1	0	0	0					0	2
17	ZN85NE					0	0	1	0	0	1	0	0	0						2
17	ZN92MA					0	1	1	1	2	1	1	0	0					0	7
17	ZN92NE					0	0	1	2	1	1	1	0	0					0	6
17	Totales ZN	0	0	0	0	0	1	3	3	6	6	3	0	0	0	0	0	0	0	22
17	ZO71XM					0	0	1	1	2	1	1	0	0					0	6
17	ZO72MB					0	0	0	0	1	0	1	0	0						2
17	ZO72XN					0	0	1	1	1	2	0	0	0						5
17	ZO72XO					0	0	1	1	1	0	0	0	0						3
17	ZO74XM					0	0	1	1	2	1	1	0	0					0	6
17	ZO74XN					0	0	1	1	2	1	1	0	0					0	6
17	ZO79MI					0	0	1	0	1	0	0	1	0						3
17	ZO79NE					0	0	1	1	1	0	0	0	0						3
17	Totales ZO	0	0	0	0	0	0	7	6	11	5	4	1	0	0	0	0	0	0	34
17	ZR52GR					0	0	0	0	0	0	1	0	0					0	1
17	ZR52MI					0	0	0	0	1	0	0	0	0					0	1
17	ZR53XO					0	0	0	0	0	0	1	0	0					0	1
17	ZR54AZ					0	0	0	1	2	1	1	0	0					0	5
17	ZR54CF					0	0	0	2	1	1	0	0	0					0	4
17	ZR55MB					0	0	1	0	0	0	0	0	0					0	1
17	ZR55MI					0	0	1	0	1	0	1	0	0					0	3
17	ZR56AZ					0	0	0	1	2	0	1	1	0					0	5
17	ZR56CF					0	0	1	2	1	1	1	0	0					0	6
17	ZR57MI					0	0	1	1	1	1	1	0	0					0	5
17	ZR58MA					0	0	0	0	1	0	1	0	0					0	2
17	ZR58MI					0	0	1	1	1	0	1	0	0					0	4
17	ZR59NN					0	0	1	0	2	1	1	0	0					0	5
17	ZR59NT					0	0	1	1	2	1	1	0	0					0	6
17	Totales ZR	0	0	0	0	0	0	7	9	15	6	11	1	0	0	0	0	0	0	49
17	A703NA			0	1	1	0	0	0	0										2
17	A703NV			0	1	0	0	1	0	0										2
17	A714MD			0	1	0	2	1	0	0										4
17	A714RN			0	1	0	0	1	0	0										2
17	A71AN*			0	0	0	0	1	1	0										2
17	A71AV*			0	0	1	0	0	1	0										2
17	Totales A7	0	0	0	4	2	2	4	2	0	0	0	0	0	0	0	0	0	0	14
17	BY35RM			0	1	0	1	1	1	0										4
17	BY35RN			0	1	0	1	1	1	0										4
17	BY39RM			0	0	1	1	1	1	0										4
17	BY39RN			0	2	1	2	1	0	0										6
17	BY50NX			0	1	2	1	1	1	1										7
17	BY68RC			0	0	1	0	0	0	0										1
17	Totales BY	0	0	0	5	5	6	5	4	1	0	0	0	0	0	0	0	0	0	26
17	CG0AMB			0	1	1	0	0	0	0										2
17	CG0ARN			0	2	0	2	0	1	0										5
17	CG26EL			1	1	0	0	0	0	0										2
17	CG26RN			0	1	0	0	0	0	0										1
17	CG28LA			0	0	1	1	1	0	1										4
17	CG28RN			0	1	2	1	1	1	0										6
17	CG58SN			1	0	1	2	0	1	1										6
17	CG58SR			0	1	1	1	1	0	0										4
17	CG9XIP			0	1	1	0	1	1	0										4
17	CG9XRC			0	1	1	2	1	0	0										5
17	CG9XRN			0	1	0	2	1	1	0										5
17	Totales CG	0	0	2	10	8	11	6	5	2	0	0	0	0	0	0	0	0	0	44
17	DZ15RC			0	1	0	0	0	1	0										2
17	DZ15RN			0	2	0	0	0	2	1										5
17	DZ59RN			0	0	0	0	0	1	0										1
17	Totales DZ	0	0	0	3	0	0	0	4	1	0	0	0	0	0	0	0	0	0	8
17	EO44IA			0	1	0	1	1	1	0										4
17	EO44RN			0	1	1	1	0	1	0										4
17	EO46RN			0	0	2	1	0	1	0										4
17	EO46SR			0	1	2	1	1	0	0										5
17	EO73IA			0	1	1	0	1	0	0										3
17	EO73RN			0	1	1	2	1	1	0										6
17	EO83NS			0	1	0	1	0	0	1										3
17	Totales EO	0	0	0	6	7	7	4	4	1	0	0	0	0	0	0	0	0	0	29
17	FB42RM			0	1	0	1	0	0	0										2
17	FB4XN5			0	0	2	0	0	2	0										4
17	FB4XP1			0	0	0	1	0	0	0										1
17	FB4XVI			0	0	0	0	0	1	0										1
17	FB78MB			0	0	0	0	0	1	0										1
17	FB78RN			0	0	1	0	0	1	1										3
17	FB82IP			0	1	3	0	0	1	0										5
17	FB82OX			0	0	1	0	0	1	0										2
17	FB82X0			0	1	1	0	0	1	0										3
17	Totales FB	0	0	0	3	8	2	0	8	1	0	0	0	0	0	0	0	0	0	22
17	G714TO			0	1	2	1	1	1	0										6
17	G722CE			0	1	2	1	1	1	0										6
17	G722EY			0	1	2	1	1	1	0										6
17	G722MN			0	1	0	1	0	1	0										3
17	Totales G7	0	0	0	4	6	4	3	4	0	0	0	0	0	0	0	0	0	0	21
17	IX25EL			0	0	0	1	0	1	0										2
17	IX5WNI			0	1	1	0	1	0	0										3
17	IX5WOX			0	0	1	0	0	1	1										3
17	IX5WRN			1	2	0	1	1	0	0										5
17	IX7DCR			0	1	1	2	1	1	0										6
17	Totales IX	0	0	1	4	3	4	3	3	1	0	0	0	0	0	0	0	0	0	19
17	LP01*F			0	1	0	0	1	0	0										2
17	LP01*N			0	0	0	1	0	0	0										1
17	LP01CR			0	1	1	1	0	1	0										4
17	LP01D1			0	1	2	1	1	0	0										5
17	LP01DO			0	1	1	0	1	0	0										3
17	LP01RN			0	1	1	2	0	1	0										5
17	LP01T5			0	0	0	1	1	0	0										2
17	LP09CR			0	0	1	2	1	1	0										5
17	LP09M6			0	0	0	0	1	0	0										1
17	LP09VI			1	1	1	1	1	0	0										5
17	LP0CIA			0	1	2	3	1	1	0										8
17	LP0CRC			0	2	2	3	1	0	0										8
17	LP0CRN			0	1	1	0	0	0	0										2
17	LP0EA2			0	1	0	1	0	2	0										4
17	LP0MCR			0	0	1	1	0	0	0										2
17	LP0MRN			0	1	1	2	0	1	0										5
17	LP0PR1			0	0	0	0	0	1	0										1
17	LP0WEB			0	0	1	0	0	1	0										2
17	LP1CBR			0	0	1	0	0	0	0										1
17	LP1CRN			0	1	1	0	0	0	0										2
17	LP1DR1			0	1	2	0	1	1	0										5
17	LP1NIA			0	0	0	0	1	0	0										1
17	LP1NRM			0	1	0	2	1	0	0										4
17	LP1NRN			0	0	0	1	1	1	0										3
17	LP1XXN			0	1	0	2	1	0	1										5
17	LP29PL			0	1	0	0	0	0	0										1
17	LP29RN			0	1	0	0	0	1	0										2
17	LP29SN			0	1	0	1	0	1	0										3
17	LP3PRM			0	1	0	0	0	1	0										2
17	LP3PRN			0	0	1	1	1	1	0										4
17	LP62RN			0	2	0	1	0	1	0										4
17	LP6WRC			0	0	1	1	0	2	0										4
17	LP6WRN			0	1	1	0	0	0	0										2
17	LP71OX			0	0	0	2	1	1	0										4
17	LP71PL			0	0	0	0	0	1	0										1
17	LP74RC			0	1	1	0	0	1	0										3
17	LP74RN			0	1	0	0	0	0	0										1
17	LP8PRM			0	0	0	2	0	0	0										2
17	LP91RC			0	1	0	1	0	1	0										3
17	Totales LP	0	0	1	26	23	33	16	22	1	0	0	0	0	0	0	0	0	0	122
17	NU3MM8			0	1	0	0	0	1	0										2
17	NU3MN8			0	0	1	1	0	0	1										3
17	Totales NU	0	0	0	1	1	1	0	1	1	0	0	0	0	0	0	0	0	0	5
17	P62DRM			0	1	1	0	0	0	0										2
17	P644RC			0	0	0	1	0	1	1										3
17	P644RN			0	0	1	1	1	0	0										3
17	P646RM			0	1	0	0	1	0	0										2
17	P679RC			0	0	1	0	0	0	0										1
17	P686RM			1	1	0	0	0	0	0										2
17	P686RN			0	2	0	0	0	0	0										2
17	Totales P6	0	0	1	5	3	2	2	1	1	0	0	0	0	0	0	0	0	0	15
17	QR1PCD			0	0	0	0	1	1	0										2
17	QR1PNI			0	0	1	0	1	0	0										2
17	QR1PPL			0	0	1	1	0	0	0										2
17	QR2ABN			0	1	1	2	1	0	0										5
17	QR2CRN			0	0	0	0	0	1	1										2
17	QR2PRC			0	1	1	0	0	1	0										3
17	QR2PRN			0	1	0	0	1	0	0										2
17	QR2WIA			0	1	0	0	0	0	0										1
17	QR2WRN			1	0	0	0	1	0	0										2
17	QR3RN3			0	0	1	0	1	1	0										3
17	Totales QR	0	0	1	4	5	3	6	4	1	0	0	0	0	0	0	0	0	0	24
17	R214SN			0	0	1	1	0	1	0										3
17	R214SR			1	0	1	1	1	1	0										5
17	R214XO			0	0	2	0	0	2	0										4
17	Totales R2	0	0	1	0	4	2	1	4	0	0	0	0	0	0	0	0	0	0	12
17	R480RO			1	0	1	1	0	0	1										4
17	R480VE			0	1	0	0	0	1	1										3
17	Totales R4	0	0	1	1	1	1	0	1	2	0	0	0	0	0	0	0	0	0	7
17	RA03NE			0	0	0	1	1	1	0										3
17	RA03RM			0	1	1	1	1	1	0										5
17	RA05RM			0	1	0	1	0	0	0										2
17	RA07NE			0	1	0	1	0	0	0										2
17	RA07RO			0	1	1	1	1	0	0										4
17	RA07XO			0	1	1	2	0	0	0										4
17	RA15NE			0	1	1	0	1	1	0										4
17	RA15XO			0	0	0	1	0	0	0										1
17	RA21GR			0	1	2	1	1	0	1										6
17	RA21RO			0	0	3	1	1	0	0										5
17	RA47BR			0	0	0	0	1	1	0										2
17	RA47XO			1	0	1	0	1	1	0										4
17	RA90XM			0	1	0	1	0	0	1										3
17	RA90XO			0	1	1	1	1	0	0										4
17	RA94NE			0	1	1	1	1	0	0										4
17	RA94XO			0	1	1	1	1	0	0										4
17	RA95NE			0	1	2	2	0	0	0										5
17	RA95RO			0	2	1	2	0	0	0										5
17	RA95XO			0	1	1	1	1	1	0										5
17	RA96NE			0	1	0	1	0	0	1										3
17	RA96RO			0	1	1	1	1	0	0										4
17	RA96XO			1	0	2	1	0	0	1										5
17	RA98MI			0	0	0	2	0	1	1										4
17	RA98NE			0	2	2	1	1	1	0										7
17	RA98RO			0	0	1	1	2	1	0										5
17	RA98XO			0	1	0	1	1	1	0										4
17	Totales RA	0	0	2	20	23	27	17	10	5	0	0	0	0	0	0	0	0	0	104
17	RB45AN			0	1	1	0	0	0	0										2
17	RB45SN			0	1	3	0	0	0	0										4
17	Totales RB	0	0	0	2	4	0	0	0	0	0	0	0	0	0	0	0	0	0	6
17	RC30MA			0	1	1	1	1	1	0										5
17	RC30NE			0	1	1	1	1	0	0										4
17	RC30RO			1	1	2	0	1	1	0										6
17	RC35AZ			0	1	0	2	1	0	0										4
17	RC35NE			0	1	0	2	1	0	0										4
17	RC36NR			0	0	0	1	0	0	1										2
17	RC36RO			0	1	2	1	0	1	1										6
17	Totales RC	0	0	1	6	6	8	5	3	2	0	0	0	0	0	0	0	0	0	31
17	RD68NE			0	1	2	1	1	1	1										7
17	RD68XO			0	1	1	0	1	2	0										5
17	Totales RD	0	0	0	2	3	1	2	3	1	0	0	0	0	0	0	0	0	0	12
17	RG59CF			0	0	0	1	0	1	0										2
17	RG59MI			0	1	1	2	0	0	0										4
17	RG59NE			0	0	0	0	0	1	0										1
17	RG67NE			1	0	1	1	0	0	0										3
17	RG67XO			0	1	1	0	1	0	0										3
17	RG70AZ			0	0	1	0	0	1	1										3
17	RG70LU			0	2	1	2	1	0	0										6
17	RG88NE			0	1	1	2	0	1	0										5
17	RG88RO			0	1	1	1	0	1	0										4
17	Totales RG	0	0	1	6	7	9	2	5	1	0	0	0	0	0	0	0	0	0	31
17	RS00CR			0	1	0	0	1	0	0										2
17	RS00RN			0	1	0	1	1	0	0										3
17	RS06MB			0	0	0	0	1	2	0										3
17	RS06RN			0	0	0	1	0	1	0										2
17	RS0X*C			0	1	0	1	1	0	0										3
17	RS0XIA			0	1	1	2	0	1	0										5
17	RS0XRN			0	0	1	1	1	1	0										4
17	RS17RN			0	1	0	2	2	1	0										6
17	RS27RC			0	1	0	0	0	0	0										1
17	RS37M3			0	1	0	2	1	1	0										5
17	RS37N3			0	0	0	0	0	1	0										1
17	RS3BBG			0	1	0	0	0	1	0										2
17	RS3BN1			0	1	0	0	0	1	0										2
17	RS3NRN			0	0	0	1	1	1	1										4
17	RS3WRC			0	1	0	0	0	0	0										1
17	RS48BR			0	1	0	0	0	0	1										2
17	RS48DO			0	0	0	0	1	0	1										2
17	RS48MB			0	0	0	3	0	1	1										5
17	RS48RN			1	2	1	1	1	1	1										8
17	RS49C1			0	1	0	0	0	0	0										1
17	RS4NML			0	0	0	1	1	1	0										3
17	RS4NRN			0	0	0	2	1	1	0										4
17	RS4NSR			0	0	0	0	0	1	0										1
17	RS57RT			0	1	0	0	1	0	0										2
17	RS57SR			0	1	0	1	1	1	0										4
17	RS5BF5			0	0	0	0	0	1	0										1
17	RS5BN1			0	1	0	1	0	1	0										3
17	RS61N1			0	1	0	1	1	1	0										4
17	RS64OX			0	1	1	2	1	1	0										6
17	RS64RN			1	1	1	2	1	1	0										7
17	RS64SR			0	0	0	1	1	1	0										3
17	RS72PL			0	0	1	1	1	1	0										4
17	RS72RN			0	1	1	2	0	1	0										5
17	RS87LA			0	0	0	0	1	1	0										2
17	RS87N8			0	0	1	0	1	0	0										2
17	RS87RN			0	1	1	1	0	1	0										4
17	RS9YMB			0	1	2	0	1	1	0										5
17	RS9YRN			0	2	1	1	0	0	0										4
17	RS9YSR			0	1	1	1	1	1	0										5
17	Totales RS	0	0	2	26	13	32	24	29	5	0	0	0	0	0	0	0	0	0	131
17	T52BRM			0	0	0	0	1	1	0										2
17	T52BRN			0	0	0	1	2	2	0										5
17	T589RC			0	1	1	2	1	1	1										7
17	T589RN			0	0	1	0	1	1	0										3
17	Totales T5	0	0	0	1	2	3	5	5	1	0	0	0	0	0	0	0	0	0	17
17	UN2XLA			0	1	0	1	1	1	0										4
17	UN2XRN			0	1	1	1	0	0	0										3
17	UN4BG2			0	1	1	2	0	1	0										5
17	UN4CDC			0	1	0	1	1	1	0										4
17	UN6DC2			0	1	0	2	1	1	0										5
17	UN6DN3			0	1	2	2	0	1	0										6
17	Totales UN	0	0	0	6	4	9	3	5	0	0	0	0	0	0	0	0	0	0	27
17	VT1BIA			1	1	0	0	1	1	0										4
17	VT1BMB			0	1	1	0	0	1	0										3
17	VT1BRN			0	1	0	0	0	0	0										1
17	VT4ARM			0	1	0	1	1	1	0										4
17	VT6AIA			0	1	0	0	0	0	0										1
17	VT6ARN			0	1	1	1	0	1	0										4
17	VT7R05			0	1	1	0	2	0	0										4
17	VT7RN3			0	1	0	0	0	0	0										1
17	VT8EMB			0	0	0	1	0	0	0										1
17	VT8EOX			0	0	0	2	0	1	0										3
17	VT8ERN			0	0	0	1	0	1	0										2
17	VT8ESR			0	1	0	1	1	1	1										5
17	VT94BR			0	1	1	1	0	0	0										3
17	VT94RC			0	1	0	0	0	1	0										2
17	VT94RN			0	1	2	2	1	0	0										6
17	VT97A9			0	1	0	0	1	0	0										2
17	VT97BG			0	1	0	0	1	0	0										2
17	Totales VT	0	0	1	14	6	10	8	8	1	0	0	0	0	0	0	0	0	0	48
17	WD8CRM			0	2	0	2	1	1	0										6
17	WD8CRN			0	2	0	0	0	0	0										2
17	Totales WD	0	0	0	4	0	2	1	1	0	0	0	0	0	0	0	0	0	0	8
17	X302BR			0	0	1	0	1	0	0										2
17	X302RN			0	0	1	0	0	1	0										2
17	X32RT6			0	1	0	1	1	0	0										3
17	X332AZ			0	1	2	0	0	1	0										4
17	X332CD			1	0	0	0	0	0	0										1
17	X332MD			0	0	1	1	2	0	0										4
17	X332NG			0	0	1	1	0	0	0										2
17	X355AS			0	3	1	0	2	0	0										6
17	X355CR			0	0	1	0	0	0	0										1
17	X355RN			0	1	1	1	0	0	0										3
17	X36YR1			0	1	1	0	1	1	0										4
17	X376AS			0	2	0	2	0	1	1										6
17	X376N3			0	0	0	1	1	0	0										2
17	Totales X3	0	0	1	9	10	7	8	4	1	0	0	0	0	0	0	0	0	0	40
17	Z150BG			0	1	2	1	1	1	0										6
17	Z150BR			0	1	0	0	1	0	0										2
17	Z151NE			0	1	1	1	1	2	0										6
17	Z151RO			0	1	0	0	0	1	0										2
17	Totales Z1	0	0	0	4	3	2	3	4	0	0	0	0	0	0	0	0	0	0	16
17	Z203NE			0	1	1	1	1	0	0										4
17	Z207MB			0	0	0	0	0	1	0										1
17	Z210MB			0	1	0	0	0	1	0										2
17	Z211MI			0	1	0	0	1	0	0										2
17	Z212NE			0	0	1	2	0	1	0										4
17	Totales Z2	0	0	0	3	2	3	2	3	0	0	0	0	0	0	0	0	0	0	13
17	Z451BR			0	1	0	1	0	1	0										3
17	Z451NE			0	1	1	0	0	0	0										2
17	Z452DO			0	0	2	1	1	0	0										4
17	Z452RO			0	1	0	0	1	0	0										2
17	Z453CF			0	0	0	1	0	0	0										1
17	Z454AZ			0	1	1	1	1	0	0										4
17	Z454MA			0	1	0	0	0	0	0										1
17	Z455CF			0	1	0	1	0	0	0										2
17	Z455NE			0	0	0	1	1	1	0										3
17	Z456MI			0	0	2	0	1	0	0										3
17	Z456NE			0	1	1	0	0	1	0										3
17	Totales Z4	0	0	0	7	7	6	5	3	0	0	0	0	0	0	0	0	0	0	28
17	Z590AZ			0	0	1	0	1	0	0										2
17	Z590NE			0	0	0	0	0	1	0										1
17	Z592BR			0	1	0	1	0	0	0										2
17	Z592NE			0	1	1	1	0	0	0										3
17	Z593BG			0	1	1	1	0	0	0										3
17	Z593RO			0	1	1	2	1	0	0										5
17	Z594NE			0	1	0	0	0	0	0										1
17	Z595AZ			0	1	1	0	1	0	0										3
17	Z595CF			0	0	1	2	1	1	0										5
17	Totales Z5	0	0	0	6	6	7	4	2	0	0	0	0	0	0	0	0	0	0	25
17	Z701CF			0	1	1	0	1	0	0										3
17	Z703DO			0	1	2	1	1	0	0										5
17	Z704DO			0	1	1	0	0	1	0										3
17	Z704NE			0	1	1	1	0	0	0										3
17	Z705BR			0	1	1	1	1	1	0										5
17	Z706RO			0	1	3	1	0	1	0										6
17	Z707MA			0	1	0	1	0	0	0										2
17	Z707NE			0	1	1	2	1	0	0										5
17	Z708BG			0	1	1	1	0	1	0										4
17	Z708RO			0	1	2	0	0	1	0										4
17	Z709DO			0	1	1	1	1	1	0										5
17	Z709NE			0	1	2	2	0	1	0										6
17	Totales Z7	0	0	0	12	16	11	5	7	0	0	0	0	0	0	0	0	0	0	51
17	ZA13BR			0	1	2	2	0	1	0										6
17	ZA14NE			0	0	0	0	0	1	0										1
17	ZA14TA			0	0	0	0	0	1	0										1
17	ZA19BR			0	0	1	0	0	0	1										2
17	ZA19RO			0	0	1	0	0	0	0										1
17	ZA26NE			0	0	0	1	0	0	0										1
17	ZA26WI			0	0	0	0	0	1	1										2
17	ZA28AZ			0	1	1	1	1	1	0										5
17	ZA28OX			0	0	1	2	1	1	0										5
17	ZA29RO			0	1	0	0	1	1	0										3
17	ZA30B*			0	1	2	2	0	0	0										5
17	ZA31BG			0	1	2	2	0	1	0										6
17	ZA31CF			0	0	2	2	0	1	0										5
17	ZA33AZ			0	1	1	1	1	1	0										5
17	ZA33BR			0	1	0	2	1	1	0										5
17	Totales ZA	0	0	0	7	13	15	5	11	2	0	0	0	0	0	0	0	0	0	53
17	ZCD1B*			0	1	2	0	0	1	0										4
17	ZCD1NE			0	1	0	0	0	1	0										2
17	ZCD2BR			0	1	0	1	0	1	0										3
17	ZCD3AZ			0	1	2	1	0	0	0										4
17	ZCD3BR			0	1	1	2	0	1	0										5
17	ZCD3VI			0	1	1	2	1	1	0										6
17	ZCD3XO			0	1	2	2	1	1	0										7
17	ZCD4BR			0	1	0	2	0	0	0										3
17	ZCD4MB			0	0	1	0	0	0	0										1
17	ZCD5NE			0	0	0	2	1	1	0										4
17	ZCD5XO			0	1	0	2	1	1	0										5
17	Totales ZC	0	0	0	9	9	14	4	8	0	0	0	0	0	0	0	0	0	0	44
17	ZD36MB			0	0	0	1	1	0	0										2
17	ZD36NE			0	1	0	0	1	1	0										3
17	ZD37BR			0	1	0	3	2	0	0										6
17	ZD37NE			0	0	0	0	0	1	0										1
17	ZD38RO			0	0	0	2	1	0	1										4
17	ZD39MB			0	1	2	1	0	0	0										4
17	ZD39NE			0	0	0	0	0	1	0										1
17	ZD40AZ			0	1	2	1	0	1	0										5
17	ZD40MA			0	0	1	2	0	0	0										3
17	ZD41DO			0	1	1	2	0	0	0										4
17	Totales ZD	0	0	0	5	6	12	5	4	1	0	0	0	0	0	0	0	0	0	33
17	ZF26BR			0	2	0	0	1	1	0										4
17	ZF26C*			0	0	1	0	1	1	0										3
17	ZF27MO			0	1	2	2	0	1	0										6
17	ZF34NE			0	1	2	2	1	1	0										7
17	ZF34XO			0	1	1	0	1	1	0										4
17	ZF35BR			0	0	2	2	1	1	0										6
17	ZF38B*			0	0	1	2	1	0	0										4
17	ZF39AZ			0	0	0	1	1	1	0										3
17	ZF39RO			0	0	0	0	1	1	0										2
17	ZF46HF			0	1	0	1	0	0	0										2
17	ZF48BG			0	0	1	3	0	0	0										4
17	ZF49BR			0	1	2	2	2	0	0										7
17	ZF50C*			0	1	1	2	1	0	0										5
17	ZF50NE			0	0	0	1	1	0	0										2
17	ZF72NE			0	1	2	1	1	0	0										5
17	ZF72RO			0	0	2	0	0	1	0										3
17	Totales ZF	0	0	0	9	17	19	13	9	0	0	0	0	0	0	0	0	0	0	67
17	ZG23AZ			0	1	0	0	0	0	0										1
17	ZG23BG			0	0	0	1	1	0	0										2
17	ZG23NE			0	1	0	0	1	1	0										3
17	ZG24NE			0	0	0	0	1	0	0										1
17	ZG25NE			0	1	1	0	0	1	0										3
17	ZG26VI			0	0	1	0	1	0	0										2
17	Totales ZG	0	0	0	3	2	1	4	2	0	0	0	0	0	0	0	0	0	0	12
17	ZH80LU			0	0	1	0	0	1	0										2
17	ZH80NE			0	0	1	0	1	1	0										3
17	ZH81RO			0	1	0	3	1	0	0										5
17	ZH84MA			0	1	2	1	1	0	0										5
17	ZH84NE			0	1	2	2	1	1	0										7
17	ZH85DO			0	0	0	3	1	1	0										5
17	Totales ZH	0	0	0	3	6	9	5	4	0	0	0	0	0	0	0	0	0	0	27
17	ZJ01HR			0	0	1	0	2	0	0										3
17	ZJ01MB			0	0	1	0	1	0	0										2
17	ZJ01RN			0	1	2	1	0	0	0										4
17	ZJ02RN			0	0	1	0	0	1	0										2
17	ZJ08RN			0	0	0	0	0	1	0										1
17	ZJ08RO			0	0	0	0	1	1	0										2
17	ZJ09CF			0	0	1	1	1	1	0										4
17	ZJ09RN			0	1	1	2	1	1	0										6
17	ZJ13CF			0	0	1	0	1	1	0										3
17	ZJ13RN			0	0	0	1	1	0	0										2
17	ZJ15MI			0	0	1	0	0	1	0										2
17	ZJ16BR			0	1	0	0	1	1	0										3
17	ZJ18AZ			2	0	1	0	0	0	0										3
17	ZJ18CF			1	0	0	0	2	0	0										3
17	ZJ21RN			1	0	0	0	0	1	1										3
17	ZJ32BR			0	0	0	0	1	1	0										2
17	ZJ32DO			0	0	0	0	0	1	0										1
17	ZJ33HR			0	1	0	0	1	0	0										2
17	ZJ33VE			0	1	0	0	1	1	0										3
17	ZJ34CR			0	0	2	1	0	0	0										3
17	ZJ34NE			0	1	2	1	1	1	0										6
17	ZJ34RO			0	0	2	1	1	0	0										4
17	ZJ35AZ			0	0	2	2	0	1	0										5
17	ZJ35MI			0	1	1	0	0	1	0										3
17	ZJ40BG			0	0	2	0	1	1	0										4
17	ZJ40BR			0	1	2	0	0	1	0										4
17	ZJ41NE			0	0	2	1	1	1	0										5
17	ZJ42CF			0	0	0	1	1	1	1										4
17	ZJ42RN			0	0	2	1	0	0	0										3
17	ZJ50BR			0	0	0	0	1	0	0										1
17	ZJ50PL			0	1	0	1	1	1	0										4
17	Totales ZJ	0	0	4	9	27	14	21	20	2	0	0	0	0	0	0	0	0	0	97
17	ZM56BR			0	0	0	0	0	1	0										1
17	ZM56DO			0	0	0	0	1	1	0										2
17	ZM57NE			0	0	1	1	0	1	0										3
17	ZM57RO			0	0	1	1	0	0	0										2
17	Totales ZM	0	0	0	0	2	2	1	3	0	0	0	0	0	0	0	0	0	0	8
17	ZO16IA			0	0	1	0	0	1	0										2
17	ZO16MI			0	1	1	0	1	0	0										3
17	ZO16RN			0	0	1	0	0	0	0										1
17	ZO16RO			0	1	1	0	0	0	0										2
17	Totales ZO	0	0	0	2	4	0	1	1	0	0	0	0	0	0	0	0	0	0	8
17	ZP20BG			0	1	0	1	0	0	0										2
17	ZP20RO			0	1	2	1	1	0	0										5
17	ZP21AZ			0	1	1	1	1	1	0										5
17	ZP21MI			0	1	1	1	0	1	0										4
17	Totales ZP	0	0	0	4	4	4	2	2	0	0	0	0	0	0	0	0	0	0	16
17	ZQ06C*			0	1	0	0	0	0	0										1
17	ZQ09NE			0	0	1	1	0	0	0										2
17	ZQ24DO			0	0	0	0	1	0	0										1
17	ZQ24RO			0	1	2	0	0	1	0										4
17	ZQ25BR			0	1	0	1	0	0	0										2
17	ZQ31C*			0	1	0	0	0	0	0										1
17	ZQ34RO			0	0	2	0	0	1	0										3
17	ZQ35CF			0	1	1	0	0	0	0										2
17	ZQ36DO			0	1	1	2	0	0	0										4
17	ZQ37RS			0	1	0	1	0	0	0										2
17	ZQ37VE			0	0	2	0	0	0	0										2
17	ZQ41CF			0	1	2	2	1	1	0										7
17	Totales ZQ	0	0	0	8	11	7	2	3	0	0	0	0	0	0	0	0	0	0	31
17	ZU08NE			0	0	1	1	1	0	0										3
17	ZU08RO			0	1	2	2	0	1	0										6
17	ZU09AZ			1	1	1	1	0	0	0										4
17	ZU09DO			0	1	1	1	0	0	0										3
17	ZU14NE			0	1	1	1	1	0	0										4
17	ZU14TA			0	0	2	2	1	0	0										5
17	ZU15BR			0	0	1	1	0	0	0										2
17	ZU15MI			0	1	1	1	0	0	0										3
17	Totales ZU	0	0	1	5	10	10	3	1	0	0	0	0	0	0	0	0	0	0	30
17	ZV52RS			0	0	0	0	1	0	0										1
17	ZV52XM			0	1	0	1	2	1	0										5
17	ZV57LU			0	0	0	1	0	0	0										1
17	ZV58CF			0	1	0	2	0	0	0										3
17	ZV58NR			0	1	1	1	0	1	0										4
17	ZV60LU			0	0	1	1	0	0	0										2
17	ZV60RO			0	1	1	1	1	1	0										5
17	ZV61BR			0	0	0	1	1	1	0										3
17	ZV61NE			0	1	1	1	1	0	0										4
17	ZV62AZ			0	1	2	1	1	1	0										6
17	ZV62DO			0	1	1	0	1	1	0										4
17	ZV63BR			0	0	2	2	1	1	0										6
17	ZV63RO			0	1	1	2	1	0	0										5
17	Totales ZV	0	0	0	8	10	14	10	7	0	0	0	0	0	0	0	0	0	0	49
17	ZWP1AZ			0	2	3	4	1	1	0										11
17	ZWP1MA			0	1	3	3	2	1	0										10
17	ZWP1NE			0	2	3	3	3	1	1										13
17	ZWP1NR			0	1	0	1	0	1	0										3
17	ZWP1RO			0	1	0	3	2	1	0										7
17	ZWP1VI			0	1	3	3	2	0	1										10
17	ZWP2BG			0	2	3	3	2	1	1										12
17	ZWP2GR			0	2	2	3	2	1	1										11
17	ZWP2MA			0	1	2	2	2	1	0										8
17	ZWP2NE			0	2	2	4	3	1	1										13
17	Totales ZW	0	0	0	15	21	29	19	9	5	0	0	0	0	0	0	0	0	0	98
17	ZX35NE			0	1	0	0	0	0	0										1
17	ZX35XO			0	0	2	1	0	0	0										3
17	ZX36NE			0	0	1	1	0	0	0										2
17	ZX36UV			1	0	2	1	0	0	0										4
17	ZX38BR			0	0	0	0	1	0	0										1
17	ZX38NE			0	1	1	1	1	0	0										4
17	Totales ZX	0	0	1	2	6	4	2	0	0	0	0	0	0	0	0	0	0	0	15
17	ZY80NE			0	0	1	1	0	1	0										3
17	ZY80RO			0	0	1	2	0	0	0										3
17	ZY81NE			0	1	1	2	1	1	0										6
17	ZY82BG			0	0	1	2	0	0	0										3
17	ZY82MA			0	1	0	2	1	1	0										5
17	Totales ZY	0	0	0	2	4	9	2	3	0	0	0	0	0	0	0	0	0	0	20
17	CREMA**	19																		19
17	CREMAES	1																		1
17	CREMAUV	1																		1
17	CREMAXO	4																		4
17	Totales CR	25	0	0	0	0	0	0	0	0	0	0	0	0	0	0	0	0	0	25
17	O301NE	1																		1
17	O302BG	1																		1
17	O321HF	2																		2
17	O321NE	2																		2
17	O322CF	2																		2
17	O322NE	2																		2
17	O323HF	1																		1
17	O323NE	2																		2
17	O350CN	1																		1
17	O350NE	1																		1
17	O3B1NE	2																		2
17	O3B1RO	2																		2
17	O3B2AZ	2																		2
17	O3B3MI	1																		1
17	O3B4A*	1																		1
17	O3B4N*	1																		1
17	O3B5A*	1																		1
17	O3B5N*	1																		1
17	O3B6NE	1																		1
17	O3B6VE	1																		1
17	O3B7NE	2																		2
17	O3B7VE	1																		1
17	O3C1AZ	2																		2
17	O3C1MI	2																		2
17	O3C1NE	2																		2
17	O3C1RO	1																		1
17	O3C2A*	1																		1
17	O3C2N*	2																		2
17	O3C3VE	2																		2
17	O3M1AZ	2																		2
17	O3M1MI	1																		1
17	O3M1NE	1																		1
17	O3M2A*	2																		2
17	O3M2N*	1																		1
17	O3M3NE	1																		1
17	O3M3VE	3																		3
17	O3T1NE	1																		1
17	O3T2A*	1																		1
17	O3T2N*	1																		1
17	Totales O3	57	0	0	0	0	0	0	0	0	0	0	0	0	0	0	0	0	0	57
17	OC05CF	1																		1
17	OC09BR	1																		1
17	OC09NE	1																		1
17	OC17NE	1																		1
17	OC54CE	1																		1
17	OC63BR	1																		1
17	OC68MI	1																		1
17	OC76DO	1																		1
17	OC97DO	1																		1
17	OC97NE	1																		1
17	Totales OC	10	0	0	0	0	0	0	0	0	0	0	0	0	0	0	0	0	0	10
17	OD30BR	1																		1
17	OD30NE	1																		1
17	OD31BG	1																		1
17	OD31NE	1																		1
17	Totales OD	4	0	0	0	0	0	0	0	0	0	0	0	0	0	0	0	0	0	4
17	OE20HF	1																		1
17	OE22HF	1																		1
17	OE23NE	1																		1
17	OE23WB	1																		1
17	OEC2R2	1																		1
17	OEL2R2	1																		1
17	OET1NE	1																		1
17	OET1TA	1																		1
17	Totales OE	8	0	0	0	0	0	0	0	0	0	0	0	0	0	0	0	0	0	8
17	OF15CF	1																		1
17	OF16HF	1																		1
17	OF16NE	1																		1
17	OF17AZ	2																		2
17	OF17RO	2																		2
17	OF18BR	1																		1
17	OF18NE	1																		1
17	OF18RO	1																		1
17	OF19BR	1																		1
17	OF19RO	1																		1
17	OFC2BR	2																		2
17	OFC2RO	1																		1
17	OFL1AZ	2																		2
17	OFL2RO	1																		1
17	Totales OF	18	0	0	0	0	0	0	0	0	0	0	0	0	0	0	0	0	0	18
17	OG01DO	1																		1
17	OG02CF	1																		1
17	OG02NE	1																		1
17	OG12HF	1																		1
17	OG12NE	1																		1
17	Totales OG	5	0	0	0	0	0	0	0	0	0	0	0	0	0	0	0	0	0	5
17	OK01NE	1																		1
17	OK1BNE	1																		1
17	OK1TCF	1																		1
17	OK2TCF	1																		1
17	OK2TNE	1																		1
17	OK35OR	1																		1
17	OK37BR	1																		1
17	OK80CF	1																		1
17	OK80NE	1																		1
17	OK81CF	1																		1
17	OKB1RS	1																		1
17	OKB2CF	1																		1
17	OKB2NE	1																		1
17	OKB3RO	1																		1
17	OKB3XO	1																		1
17	OKC2RO	1																		1
17	OKC2XO	1																		1
17	OKC4NR	1																		1
17	OKL2RO	1																		1
17	OKL2XO	1																		1
17	OKL4NR	1																		1
17	OKM2RO	1																		1
17	OKM4NR	1																		1
17	OKP1RS	1																		1
17	OKT2RO	1																		1
17	OKT2XO	1																		1
17	Totales OK	26	0	0	0	0	0	0	0	0	0	0	0	0	0	0	0	0	0	26
17	OL45CF	1																		1
17	OL45NE	1																		1
17	OL65CN	1																		1
17	OL65NE	1																		1
17	Totales OL	4	0	0	0	0	0	0	0	0	0	0	0	0	0	0	0	0	0	4
17	OM37NE	1																		1
17	Totales OM	1	0	0	0	0	0	0	0	0	0	0	0	0	0	0	0	0	0	1
17	ON28BR	1																		1
17	ON28NE	1																		1
17	ON31MI	1																		1
17	ON34CF	1																		1
17	ON46MB	1																		1
17	ON64NE	1																		1
17	Totales ON	6	0	0	0	0	0	0	0	0	0	0	0	0	0	0	0	0	0	6
17	OP56NE	1																		1
17	OP60NE	1																		1
17	Totales OP	2	0	0	0	0	0	0	0	0	0	0	0	0	0	0	0	0	0	2
17	OQ53N*	1																		1
17	OQ54N*	1																		1
17	OQ57R*	1																		1
17	OQ58RO	1																		1
17	OQ59AZ	1																		1
17	OQ60AZ	1																		1
17	OQ67CF	1																		1
17	OQ67NE	1																		1
17	OQ68RO	1																		1
17	OQC1RO	1																		1
17	OQC2R*	1																		1
17	OQC2RO	2																		2
17	OQT1R*	1																		1
17	OQT1RO	1																		1
17	Totales OQ	15	0	0	0	0	0	0	0	0	0	0	0	0	0	0	0	0	0	15
17	OS51MI	1																		1
17	OS51NE	1																		1
17	OS51RO	1																		1
17	Totales OS	3	0	0	0	0	0	0	0	0	0	0	0	0	0	0	0	0	0	3
17	OT20NE	1																		1
17	OT21CF	1																		1
17	OT24CF	1																		1
17	OT25MI	2																		2
17	OT26NE	1																		1
17	OT39NE	1																		1
17	OT40HF	1																		1
17	OT44AZ	1																		1
17	OT51CF	1																		1
17	OT51RO	1																		1
17	OT52CF	1																		1
17	OT52RO	1																		1
17	OT54CQ	1																		1
17	OT54PL	1																		1
17	OT56PL	1																		1
17	OT58AZ	1																		1
17	OT63NE	2																		2
17	OT64NE	1																		1
17	OT66AS	2																		2
17	OT68D*	1																		1
17	OTC*CQ	2																		2
17	OTC*PL	1																		1
17	OTC4CF	2																		2
17	OTC4RO	2																		2
17	OTC7NE	1																		1
17	OTC9D*	1																		1
17	OTL1CF	1																		1
17	OTL1CQ	1																		1
17	OTL1PL	1																		1
17	OTL1RO	1																		1
17	OTM*CF	2																		2
17	OTM*RO	2																		2
17	OTP4NE	1																		1
17	OTP5NE	1																		1
17	OTP6CQ	1																		1
17	OTP6PL	1																		1
17	OTP6RO	1																		1
17	OTP7RO	1																		1
17	OTP8**	2																		2
17	OTP8AS	1																		1
17	OTP8HF	1																		1
17	OTT6CF	1																		1
17	OTT6CQ	1																		1
17	OTT6RO	1																		1
17	OTT7NE	1																		1
17	OTT8AS	1																		1
17	Totales OT	55	0	0	0	0	0	0	0	0	0	0	0	0	0	0	0	0	0	55
17	OU21BG	1																		1
17	OU22CF	1																		1
17	OU22NE	1																		1
17	OU23CF	1																		1
17	OU24NE	1																		1
17	OU24RO	1																		1
17	OU55CF	1																		1
17	OU55NE	1																		1
17	Totales OU	8	0	0	0	0	0	0	0	0	0	0	0	0	0	0	0	0	0	8
17	OVB6BG	1																		1
17	Totales OV	1	0	0	0	0	0	0	0	0	0	0	0	0	0	0	0	0	0	1
17	OW95**	1																		1
17	OWES**	3																		3
17	Totales OW	4	0	0	0	0	0	0	0	0	0	0	0	0	0	0	0	0	0	4
17	OX11NE	2																		2
17	OX12HF	1																		1
17	OX24MI	1																		1
17	OX24NE	1																		1
17	Totales OX	5	0	0	0	0	0	0	0	0	0	0	0	0	0	0	0	0	0	5
17	OY97NE	1																		1
17	OY98BG	1																		1
17	Totales OY	2	0	0	0	0	0	0	0	0	0	0	0	0	0	0	0	0	0	2
17	OZB2RO	1																		1
17	OZB2TA	2																		2
17	OZP4AZ	1																		1
17	OZP5RO	2																		2
17	OZP5TA	2																		2
17	Totales OZ	8	0	0	0	0	0	0	0	0	0	0	0	0	0	0	0	0	0	8
17	TARJETA	75																		75
17	Totales TA	75	0	0	0	0	0	0	0	0	0	0	0	0	0	0	0	0	0	75
17	ZI59AZ	1																		1
17	Totales ZI	1	0	0	0	0	0	0	0	0	0	0	0	0	0	0	0	0	0	1
17	ZS95NE	1																		1
17	Totales ZS	1	0	0	0	0	0	0	0	0	0	0	0	0	0	0	0	0	0	1
17	ZT16BR	1																		1
17	ZT16MA	1																		1
17	ZT17BG	1																		1
17	ZT55BR	1																		1
17	ZT58CF	1																		1
17	ZT98MB	1																		1
17	Totales ZT	6	0	0	0	0	0	0	0	0	0	0	0	0	0	0	0	0	0	6
17	O1C1HF		0	0		1		0		1		0								2
17	O1C2MI		0	0		0		1		0		0								1
17	Totales O1	0	0	0	0	1	0	1	0	1	0	0	0	0	0	0	0	0	0	3
17	O401HF		0	0		0		0		2		0								2
17	O401TA		0	0		1		0		0		0								1
17	O402MI		0	0		2		0		0		0								2
17	O403HF		0	0		1		0		2		0								3
17	O403WI		0	0		0		0		2		0								2
17	O404HF		0	0		2		0		2		0								4
17	O404MI		0	0		1		0		1		0								2
17	O405CQ		0	0		2		0		2		0								4
17	O406UV		0	0		1		0		2		0								3
17	O407BR		0	0		2		0		2		0								4
17	O407WI		0	0		1		0		2		0								3
17	O408NE		0	0		2		0		2		0								4
17	O408XO		0	0		2		0		2		0								4
17	O409CF		0	0		2		0		2		0								4
17	Totales O4	0	0	0	0	19	0	0	0	23	0	0	0	0	0	0	0	0	0	42
17	OH80MI		0	0		2		0		2		0								4
17	OH80NE		0	0		2		0		2		0								4
17	OHC1MI		0	1		0		1		2		0								4
17	Totales OH	0	0	1	0	4	0	1	0	6	0	0	0	0	0	0	0	0	0	12
17	OUC1HF		0	0		1		1		1		0								3
17	OUC3HF		0	1		1		0		0		0								2
17	OUC4HF		0	0		0		1		0		0								1
17	Totales OU	0	0	1	0	2	0	2	0	1	0	0	0	0	0	0	0	0	0	6
17	ZE74WB		0	2		0		0		1		0								3
17	ZE76WB		0	0		0		1		0		0								1
17	ZE77HF		0	0		1		0		1		0								2
17	ZE77MB		0	1		0		2		0		0								3
17	Totales ZE	0	0	3	0	1	0	3	0	2	0	0	0	0	0	0	0	0	0	9
17	O201HF														0	0	1	0		1
17	O202MI														1	0	1	0		2
17	O202NE														0	2	0	0		2
17	O202RO														1	2	0	0		3
17	O203HF														1	2	1	0		4
17	O203NE														0	1	1	0		2
17	O204DO														0	1	0	0		1
17	O204GR														1	1	1	0		3
17	O205DO														1	1	1	0		3
17	O205GR														0	1	1	0		2
17	O208DO														1	0	1	0		2
17	O208GR														1	2	1	0		4
17	Totales O2	0	0	0	0	0	0	0	0	0	0	0	0	0	7	13	9	0	0	29
17	O421A*														1	0	0	0		1
17	O421C*														1	1	0	0		2
17	O421N*														1	1	0	0		2
17	O421R*														1	0	0	0		1
17	O422A*														1	0	0	0		1
17	O422C*														0	1	0	0		1
17	O422N*														1	0	0	0		1
17	O422R*														1	0	0	0		1
17	O451AZ														1	1	0	0		2
17	O451TA														1	0	0	0		1
17	O452CF														1	1	0	0		2
17	O452NE														1	0	0	0		1
17	Totales O4	0	0	0	0	0	0	0	0	0	0	0	0	0	11	5	0	0	0	16
17	OA61AS														1	2	0	0		3
17	OA61AZ														1	2	1	0		4
17	OA62BG														1	2	1	0		4
17	OA62NE														0	1	1	0		2
17	OA63AZ														0	1	0	0		1
17	OA63RO														0	1	0	0		1
17	Totales OA	0	0	0	0	0	0	0	0	0	0	0	0	0	3	9	3	0	0	15
17	OD03AZ														0	1	0	0		1
17	OD06BG														0	2	1	1		4
17	OD06GR														0	2	1	0		3
17	OD08HF														2	1	0	0		3
17	OD08RO														1	1	0	1		3
17	OD09NE														0	2	1	0		3
17	OD09RO														0	1	1	1		3
17	OD10LU														0	2	1	0		3
17	OD10NE														0	1	1	0		2
17	Totales OD	0	0	0	0	0	0	0	0	0	0	0	0	0	3	13	6	3	0	25
17	OH51TA														2	1	0	0		3
17	OH51XO														1	1	0	0		2
17	OH52AZ														2	2	0	0		4
17	OH52RO														2	2	0	0		4
17	Totales OH	0	0	0	0	0	0	0	0	0	0	0	0	0	7	6	0	0	0	13
17	Total	350	0	27	295	367	391	307	344	195	70	68	5	0	31	46	18	3	0	2517
27	0D18JL					0	0	0	1	0	1	2	0	0					0	4
27	0D58RC					0	0	3	5	3	2	2	0	0					0	15
27	0D70EB					0	0	1	1	2	1	0	0	0					0	5
27	0D70N8					0	0	1	1	2	0	0	0	0					0	4
27	Totales 0D	0	0	0	0	0	0	5	8	7	4	4	0	0	0	0	0	0	0	28
27	3B15XJ					0	0	0	1	1	1	1	0	0						4
27	3B15XN					0	0	1	1	1	0	1	0	0						4
27	3B26TL					0	0	0	0	1	1	1	0	0						3
27	3B26TN					0	0	0	2	1	1	1	0	0						5
27	3B28TN					0	0	0	1	1	0	1	0	0						3
27	3B95XN					0	0	0	0	1	1	1	0	0					0	3
27	Totales 3B	0	0	0	0	0	0	1	5	6	4	6	0	0	0	0	0	0	0	22
27	4H62XC					0	0	1	1	1	1	1	0	0					0	5
27	4H62XN					0	0	1	1	2	1	1	0	0					0	6
27	4H65XN					0	0	1	0	0	0	0	0	0					0	1
27	4H66XJ					0	0	0	1	1	0	1	0	0					0	3
27	4H66XN					0	0	0	1	0	0	1	0	0					0	2
27	4H72XM					0	0	0	0	2	1	1	0	0					0	4
27	4H72XN					0	0	1	2	1	0	1	0	0					0	5
27	4H77XN					0	0	1	1	1	1	0	0	0					0	4
27	4H96XN					0	0	1	0	1	0	1	0	0					0	3
27	4H97IA					0	0	1	1	2	1	1	0	0					0	6
27	4H97XN					0	0	1	0	2	1	1	0	0					0	5
27	4H98XJ					0	0	1	0	1	1	1	0	0					0	4
27	4H98XN					0	0	1	1	1	1	2	0	0					0	6
27	Totales 4H	0	0	0	0	0	0	10	9	15	8	12	0	0	0	0	0	0	0	54
27	6F03TJ					0	0	1	0	0	1	1	0	0						3
27	6F03TM					0	0	1	2	1	0	1	0	0						5
27	6F24TJ					0	0	1	1	1	1	2	0	0						6
27	6F24TN					0	0	1	1	2	1	0	0	0						5
27	6F34TJ					0	0	1	1	0	1	1	0	0					0	4
27	6F34TN					0	0	1	1	1	1	1	0	0					0	5
27	6F39TJ					0	0	0	0	1	1	1	0	0						3
27	6F39TN					0	0	0	1	2	1	0	0	0						4
27	6F50TN					0	0	0	2	1	0	1	0	0						4
27	6F67TL					0	0	1	2	1	1	1	0	0						6
27	6F67TN					0	0	2	1	1	0	1	0	0						5
27	Totales 6F	0	0	0	0	0	0	9	12	11	8	10	0	0	0	0	0	0	0	50
27	BH74IA					0	0	1	1	2	0	1	0	0					0	5
27	BH74XC					0	0	0	1	2	1	1	0	0					0	5
27	BH74XN					0	0	0	2	1	1	1	1	0					0	6
27	Totales BH	0	0	0	0	0	0	1	4	5	2	3	1	0	0	0	0	0	0	16
27	M411ZC					0	0	1	2	1	1	1	0	0					0	6
27	M412J7					0	0	0	2	1	1	0	0	0					0	4
27	Totales M4	0	0	0	0	0	0	1	4	2	2	1	0	0	0	0	0	0	0	10
27	OU70NE					0	0	1	1	1	2	0	0	0					0	5
27	OU71NE					0	0	0	1	1	1	1	0	0					0	4
27	OU72AZ					0	0	1	1	1	1	1	0	0					0	5
27	OU72TA					0	0	1	1	1	0	1	0	0					0	4
27	Totales OU	0	0	0	0	0	0	3	4	4	4	3	0	0	0	0	0	0	0	18
27	R622OR					0	0	1	2	1	1	0	0	0						5
27	R638XM					0	0	1	0	1	0	0	0	0						2
27	Totales R6	0	0	0	0	0	0	2	2	2	1	0	0	0	0	0	0	0	0	7
27	R765XN					0	0	1	2	0	0	0	0	0						3
27	R765XO					0	1	0	1	0	1	1	0	0						4
27	R767XM					0	0	1	0	1	1	0	0	0						3
27	R767XO					0	0	1	2	2	0	1	0	0						6
27	Totales R7	0	0	0	0	0	1	3	5	3	2	2	0	0	0	0	0	0	0	16
27	Z351XM					0	0	1	1	0	1	1	0	0					0	4
27	Z351XN					0	0	1	0	1	1	1	0	0					0	4
27	Z352XC					0	0	1	0	1	1	1	0	0					0	4
27	Z352XN					0	0	0	1	1	1	1	0	0					0	4
27	Z353XC					0	0	1	1	1	1	1	0	0					0	5
27	Z354XM					0	0	1	1	2	1	0	0	0					0	5
27	Z354XN					0	0	1	1	2	1	0	0	0					0	5
27	Z355XC					0	0	0	1	2	1	1	0	0					0	5
27	Z355XN					0	0	1	1	2	1	1	0	0					0	6
27	Z356XC					0	0	1	2	2	0	0	0	0					0	5
27	Z356XN					0	0	1	1	2	1	1	0	0					0	6
27	Z357XM					0	0	1	1	2	1	0	0	0					0	5
27	Z357XN					0	0	0	1	2	1	1	0	0					0	5
27	Totales Z3	0	0	0	0	0	0	10	12	20	12	9	0	0	0	0	0	0	0	63
27	ZN82NE					0	0	1	0	0	1	0	0	0					0	2
27	ZN82UV					0	0	1	1	1	1	0	0	0					0	4
27	ZN85NE					0	0	0	0	0	1	0	0	0						1
27	Totales ZN	0	0	0	0	0	0	2	1	1	3	0	0	0	0	0	0	0	0	7
27	ZO71XM					0	0	1	1	1	1	0	0	0					0	4
27	ZO72XN					0	0	1	1	1	1	1	0	0						5
27	ZO72XO					0	0	1	1	1	1	0	0	0						4
27	ZO74XM					0	0	1	1	1	1	0	0	0					0	4
27	ZO74XN					0	0	1	1	1	1	0	0	0					0	4
27	ZO79MI					0	0	1	0	1	0	0	0	0						2
27	Totales ZO	0	0	0	0	0	0	6	5	6	5	1	0	0	0	0	0	0	0	23
27	ZR51MA					0	0	0	0	0	0	1	0	0					0	1
27	ZR52GR					0	0	0	0	1	0	1	0	0					0	2
27	ZR52MI					0	0	0	1	0	0	0	0	0					0	1
27	ZR53DO					0	0	0	1	0	0	0	0	0					0	1
27	ZR53XO					0	0	0	0	0	0	1	0	0					0	1
27	ZR54AZ					0	0	0	1	2	0	1	0	0					0	4
27	ZR54CF					0	0	0	1	1	0	1	0	0					0	3
27	ZR55MB					0	0	0	1	0	0	1	0	0					0	2
27	ZR55MI					0	0	0	1	0	1	0	0	0					0	2
27	ZR56AZ					0	0	1	1	1	1	1	0	0					0	5
27	ZR56CF					0	0	1	1	1	1	1	0	0					0	5
27	ZR57MI					0	0	0	1	0	2	1	0	0					0	4
27	ZR58MA					0	0	0	0	1	0	1	0	0					0	2
27	ZR58MI					0	0	0	0	1	1	1	0	0					0	3
27	ZR59NN					0	0	1	1	1	1	0	0	0					0	4
27	ZR59NT					0	0	1	1	1	1	0	0	0					0	4
27	Totales ZR	0	0	0	0	0	0	4	11	10	8	11	0	0	0	0	0	0	0	44
27	A703NA			0	0	0	0	0	1	0										1
27	A703NV			1	1	1	1	0	0	0										4
27	A714RN			0	1	1	2	1	0	0										5
27	A71AN*			0	1	0	1	1	1	0										4
27	Totales A7	0	0	1	3	2	4	2	2	0	0	0	0	0	0	0	0	0	0	14
27	BY35RM			0	1	2	1	1	0	0										5
27	BY35RN			0	1	0	1	1	0	0										3
27	BY39RM			0	0	1	2	1	0	0										4
27	BY39RN			0	1	1	2	0	0	0										4
27	BY50MN			0	1	0	0	0	1	0										2
27	BY50NX			0	1	1	0	1	0	0										3
27	Totales BY	0	0	0	5	5	6	4	1	0	0	0	0	0	0	0	0	0	0	21
27	CG0AMB			0	1	0	1	0	0	0										2
27	CG0ARN			0	1	1	0	1	0	0										3
27	CG28LA			0	1	0	1	1	0	0										3
27	CG28RN			0	1	0	2	1	1	0										5
27	CG58SN			0	2	0	0	0	0	0										2
27	CG58SR			0	1	1	2	1	1	0										6
27	CG9XIP			0	1	1	1	1	0	0										4
27	CG9XRC			0	0	0	0	1	1	0										2
27	CG9XRN			0	1	1	2	1	1	0										6
27	Totales CG	0	0	0	9	4	9	7	4	0	0	0	0	0	0	0	0	0	0	33
27	DZ59RN			0	1	0	0	0	0	0										1
27	Totales DZ	0	0	0	1	0	0	0	0	0	0	0	0	0	0	0	0	0	0	1
27	EO44IA			0	1	1	2	1	0	0										5
27	EO44RN			0	0	1	2	1	0	0										4
27	EO46RN			0	1	1	2	1	0	0										5
27	EO46SR			0	1	1	2	1	0	0										5
27	EO73IA			0	1	0	0	1	0	0										2
27	EO73RN			0	1	1	2	1	1	0										6
27	EO83NS			0	1	1	0	0	1	0										3
27	Totales EO	0	0	0	6	6	10	6	2	0	0	0	0	0	0	0	0	0	0	30
27	FB4XN5			0	0	0	1	2	0	0										3
27	FB78MB			0	0	1	0	0	1	0										2
27	FB78RN			0	0	0	1	0	0	0										1
27	FB82IP			0	1	1	1	1	0	0										4
27	FB82OX			0	1	0	0	0	0	0										1
27	FB82X0			0	1	0	2	0	0	0										3
27	Totales FB	0	0	0	3	2	5	3	1	0	0	0	0	0	0	0	0	0	0	14
27	G714TO			0	1	1	2	1	1	0										6
27	G722CE			0	1	1	2	1	0	0										5
27	G722EY			0	1	1	2	1	1	0										6
27	G722MN			0	1	1	4	1	0	0										7
27	Totales G7	0	0	0	4	4	10	4	2	0	0	0	0	0	0	0	0	0	0	24
27	IX25EL			0	0	0	2	0	0	0										2
27	IX25GR			0	0	0	0	1	0	0										1
27	IX5WNI			0	1	1	2	1	0	0										5
27	IX5WRN			0	2	1	1	1	0	0										5
27	IX7DCR			0	1	1	2	1	0	0										5
27	Totales IX	0	0	0	4	3	7	4	0	0	0	0	0	0	0	0	0	0	0	18
27	LP01*F			0	1	0	0	0	0	0										1
27	LP01*N			0	0	0	2	2	0	0										4
27	LP01CR			0	1	0	2	1	0	0										4
27	LP01D1			0	1	0	0	1	0	0										2
27	LP01DO			0	1	0	1	1	0	0										3
27	LP01RN			0	1	2	1	0	0	0										4
27	LP01T5			0	0	1	1	0	0	0										2
27	LP09CR			0	1	1	0	0	0	0										2
27	LP09VI			0	1	1	1	0	0	0										3
27	LP0CIA			0	1	1	2	1	1	0										6
27	LP0CRC			0	1	0	2	1	0	0										4
27	LP0CRN			0	0	0	0	0	1	0										1
27	LP0EA2			0	1	0	0	0	0	0										1
27	LP0EN2			0	0	1	1	0	1	0										3
27	LP0MRN			0	1	0	1	1	1	0										4
27	LP0PR1			0	0	0	0	0	1	0										1
27	LP1CBR			0	0	1	0	1	0	0										2
27	LP1CRN			0	1	0	0	0	1	0										2
27	LP1DR1			0	1	1	0	1	0	0										3
27	LP1NIA			0	1	0	1	0	0	0										2
27	LP1NRM			0	1	0	0	0	1	0										2
27	LP1NRN			0	1	1	1	1	1	0										5
27	LP1NSR			0	1	1	3	0	0	0										5
27	LP1XXN			0	0	1	2	0	0	0										3
27	LP29PL			0	0	0	0	0	1	0										1
27	LP29RN			0	0	0	0	1	0	0										1
27	LP3PRM			0	1	0	1	0	1	0										3
27	LP3PRN			0	1	0	1	1	1	0										4
27	LP62RN			0	1	0	1	0	1	0										3
27	LP6WRC			0	1	0	0	0	1	0										2
27	LP6WRN			0	0	1	0	1	1	0										3
27	LP71OX			0	1	0	0	0	1	0										2
27	LP71PL			0	1	1	1	0	0	0										3
27	LP8PRM			0	1	1	2	0	0	0										4
27	LP91RC			0	1	1	1	0	0	0										3
27	Totales LP	0	0	0	25	16	28	14	15	0	0	0	0	0	0	0	0	0	0	98
27	NU3MM8			0	0	0	1	0	0	0										1
27	NU3MN8			0	0	1	0	0	0	0										1
27	Totales NU	0	0	0	0	1	1	0	0	0	0	0	0	0	0	0	0	0	0	2
27	P644RN			0	1	1	0	0	0	0										2
27	P679RC			0	1	1	1	1	1	0										5
27	P679RN			0	0	1	1	0	0	0										2
27	P686RM			0	0	1	0	0	0	0										1
27	P686RN			0	1	1	0	0	0	0										2
27	Totales P6	0	0	0	3	5	2	1	1	0	0	0	0	0	0	0	0	0	0	12
27	QR1PNI			0	1	0	0	0	0	0										1
27	QR2PRC			0	1	1	2	0	1	0										5
27	QR2PRN			0	1	0	1	0	0	0										2
27	QR2WIA			0	0	1	0	1	1	0										3
27	QR2WRN			0	2	1	1	1	0	0										5
27	QR3RN3			0	0	1	0	0	1	0										2
27	Totales QR	0	0	0	5	4	4	2	3	0	0	0	0	0	0	0	0	0	0	18
27	R214SN			0	1	1	1	1	0	0										4
27	R214SR			0	1	2	0	1	0	1										5
27	R214XO			0	0	1	1	1	1	0										4
27	Totales R2	0	0	0	2	4	2	3	1	1	0	0	0	0	0	0	0	0	0	13
27	R480RO			0	1	1	0	0	0	0										2
27	Totales R4	0	0	0	1	1	0	0	0	0	0	0	0	0	0	0	0	0	0	2
27	RA03NE			0	0	1	1	0	0	1										3
27	RA03RM			0	1	1	1	1	0	0										4
27	RA05NR			0	2	2	0	0	0	0										4
27	RA05RM			0	0	0	1	1	0	0										2
27	RA07NE			0	1	1	1	0	0	0										3
27	RA07RO			0	0	1	2	1	0	0										4
27	RA07XO			0	1	1	0	1	1	0										4
27	RA15NE			0	1	2	0	0	0	0										3
27	RA15XO			0	0	0	0	1	0	0										1
27	RA21GR			0	1	2	1	1	1	0										6
27	RA21RO			0	1	0	1	1	1	0										4
27	RA47BR			0	0	0	0	1	0	0										1
27	RA47XO			0	0	3	2	0	2	0										7
27	RA90XM			0	1	1	0	2	0	0										4
27	RA90XO			0	1	0	1	0	1	0										3
27	RA94NE			0	1	1	2	1	1	0										6
27	RA94XO			0	1	1	2	1	0	0										5
27	RA95NE			0	1	1	2	0	1	0										5
27	RA95RO			0	1	1	1	1	1	0										5
27	RA95XO			0	1	1	1	1	1	0										5
27	RA96NE			0	1	1	1	0	0	0										3
27	RA96RO			0	1	2	2	0	1	0										6
27	RA96XO			0	0	1	3	1	0	0										5
27	RA98N*			0	1	1	2	1	0	0										5
27	RA98NE			0	1	1	0	0	0	1										3
27	RA98RO			0	1	1	0	2	1	0										5
27	RA98XO			0	1	1	1	1	0	0										4
27	Totales RA	0	0	0	21	28	28	19	12	2	0	0	0	0	0	0	0	0	0	110
27	RB45AN			0	0	1	1	0	0	0										2
27	RB45SN			0	1	0	1	1	0	0										3
27	Totales RB	0	0	0	1	1	2	1	0	0	0	0	0	0	0	0	0	0	0	5
27	RC30MA			0	1	1	1	1	0	0										4
27	RC30NE			0	2	1	2	0	0	0										5
27	RC30RO			0	1	1	0	0	1	0										3
27	RC35AZ			0	2	0	0	0	0	0										2
27	RC35NE			0	0	1	0	0	1	0										2
27	RC36RO			0	0	0	0	1	0	0										1
27	Totales RC	0	0	0	6	4	3	2	2	0	0	0	0	0	0	0	0	0	0	17
27	RD68NE			1	1	1	0	1	1	0										5
27	RD68XO			0	1	1	0	1	0	0										3
27	Totales RD	0	0	1	2	2	0	2	1	0	0	0	0	0	0	0	0	0	0	8
27	RG59CF			0	1	1	0	1	1	0										4
27	RG59MI			0	0	1	1	0	0	0										2
27	RG59NE			0	1	1	1	0	0	0										3
27	RG67NE			1	1	0	2	0	0	0										4
27	RG67XO			0	0	1	0	0	1	0										2
27	RG70AZ			0	1	2	1	1	0	0										5
27	RG70LU			0	1	2	2	1	1	0										7
27	Totales RG	0	0	1	5	8	7	3	3	0	0	0	0	0	0	0	0	0	0	27
27	RS00CR			0	0	0	2	1	0	0										3
27	RS00RN			0	0	0	1	2	1	0										4
27	RS06MB			0	0	1	1	0	0	0										2
27	RS0X*C			0	0	2	0	2	1	1										6
27	RS0XIA			0	1	0	2	1	1	0										5
27	RS0XRN			0	1	1	0	1	1	0										4
27	RS17RN			0	1	0	1	1	0	0										3
27	RS27RC			0	1	0	0	0	0	0										1
27	RS27RN			0	0	0	1	0	0	0										1
27	RS37M3			0	0	1	2	1	1	0										5
27	RS37N3			0	0	0	0	0	1	0										1
27	RS3BBG			0	1	0	0	0	0	0										1
27	RS3BN1			0	1	0	0	1	1	0										3
27	RS3NRN			0	0	0	0	1	0	0										1
27	RS3WRC			0	1	0	0	0	1	0										2
27	RS3WRN			0	1	0	0	0	1	0										2
27	RS48BR			0	0	0	0	1	2	0										3
27	RS48DO			1	0	0	1	0	0	0										2
27	RS48MB			0	0	0	0	1	0	0										1
27	RS48RN			0	1	1	2	1	1	0										6
27	RS49C1			0	1	2	2	1	0	0										6
27	RS4NML			0	1	1	1	0	0	1										4
27	RS4NRN			0	1	0	3	2	2	0										8
27	RS4NSR			0	1	0	0	1	1	0										3
27	RS57RT			0	1	0	1	2	0	0										4
27	RS57SR			0	0	0	1	0	0	0										1
27	RS5BF5			0	1	0	0	1	0	0										2
27	RS5BN1			0	0	0	1	1	1	0										3
27	RS61L1			0	0	1	1	1	1	0										4
27	RS61N1			0	1	1	2	1	1	1										7
27	RS64OX			0	1	1	2	1	1	0										6
27	RS64RN			0	0	0	2	1	1	1										5
27	RS64SR			0	0	0	1	0	0	0										1
27	RS72PL			0	1	1	2	1	1	0										6
27	RS72RN			0	1	0	1	1	1	0										4
27	RS87LA			0	1	1	0	1	1	0										4
27	RS87RN			0	0	1	0	1	0	0										2
27	RS9YMB			0	1	1	2	0	0	0										4
27	RS9YRN			0	1	1	2	0	1	0										5
27	RS9YSR			0	1	2	1	1	1	0										6
27	Totales RS	0	0	1	23	19	38	31	25	4	0	0	0	0	0	0	0	0	0	141
27	T52BRN			0	1	0	1	1	2	0										5
27	T589RC			0	2	0	1	0	0	0										3
27	T589RN			0	1	1	0	1	0	0										3
27	Totales T5	0	0	0	4	1	2	2	2	0	0	0	0	0	0	0	0	0	0	11
27	UN2XLA			0	1	1	2	1	0	0										5
27	UN2XRN			0	1	0	0	0	1	0										2
27	UN4BG2			0	1	0	2	1	0	0										4
27	UN6DC2			0	1	0	2	1	0	0										4
27	UN6DN3			0	1	1	2	1	0	0										5
27	Totales UN	0	0	0	5	2	8	4	1	0	0	0	0	0	0	0	0	0	0	20
27	VT1BRN			0	0	0	2	0	0	0										2
27	VT4ARM			0	1	1	0	1	0	0										3
27	VT4ARN			0	0	0	0	1	1	0										2
27	VT6AIA			0	0	0	1	1	0	0										2
27	VT6ARN			0	0	0	1	0	1	0										2
27	VT7R05			0	0	0	0	0	1	0										1
27	VT8EOX			0	0	1	0	1	0	0										2
27	VT8ERN			0	1	0	2	1	1	0										5
27	VT8ESR			0	1	1	1	0	1	0										4
27	VT94BR			0	1	0	1	0	0	0										2
27	VT94RC			0	0	1	1	1	1	0										4
27	VT94RN			0	1	1	2	1	1	0										6
27	VT97BG			0	0	1	0	0	0	0										1
27	Totales VT	0	0	0	5	6	11	7	7	0	0	0	0	0	0	0	0	0	0	36
27	WD8CRM			0	1	1	2	1	0	0										5
27	WD8CRN			0	2	0	1	1	1	0										5
27	Totales WD	0	0	0	3	1	3	2	1	0	0	0	0	0	0	0	0	0	0	10
27	X302RN			0	0	0	0	1	0	0										1
27	X32RT6			0	1	0	2	1	0	0										4
27	X332AZ			0	1	1	2	1	0	0										5
27	X332MD			0	1	2	1	0	0	0										4
27	X332NG			0	1	0	1	0	0	0										2
27	X355CR			0	0	0	2	0	0	0										2
27	X355RN			0	1	1	1	0	1	0										4
27	X36Y*F			0	1	0	0	0	0	0										1
27	X36YX1			0	1	2	1	1	1	1										7
27	X376N3			0	1	0	1	1	1	0										4
27	Totales X3	0	0	0	8	6	11	5	3	1	0	0	0	0	0	0	0	0	0	34
27	Z150BG			0	0	2	2	1	1	0										6
27	Z151NE			0	1	2	1	1	1	0										6
27	Z151RO			0	1	2	1	1	0	0										5
27	Totales Z1	0	0	0	2	6	4	3	2	0	0	0	0	0	0	0	0	0	0	17
27	Z212NE			0	1	1	0	0	0	0										2
27	Totales Z2	0	0	0	1	1	0	0	0	0	0	0	0	0	0	0	0	0	0	2
27	Z452RO			0	1	1	0	1	0	0										3
27	Z453CF			0	1	1	0	1	1	0										4
27	Z454AZ			0	1	1	0	0	1	0										3
27	Z454MA			0	1	1	0	0	1	0										3
27	Z455CF			0	0	1	0	1	1	0										3
27	Z455NE			0	1	0	0	0	0	0										1
27	Z456MI			0	1	1	1	0	1	0										4
27	Z456NE			0	1	0	0	0	1	0										2
27	Totales Z4	0	0	0	7	6	1	3	6	0	0	0	0	0	0	0	0	0	0	23
27	Z592BR			0	1	1	0	0	0	0										2
27	Z592NE			0	1	1	0	1	0	0										3
27	Z593BG			0	1	1	0	1	0	0										3
27	Z593RO			0	1	0	1	1	0	0										3
27	Z594AZ			0	1	0	0	0	0	0										1
27	Z594NE			0	1	0	0	0	0	0										1
27	Z595CF			0	1	0	1	1	0	0										3
27	Totales Z5	0	0	0	7	3	2	4	0	0	0	0	0	0	0	0	0	0	0	16
27	Z707MA			0	1	1	0	0	0	0										2
27	Z707NE			0	1	0	0	0	0	0										1
27	Z708BG			0	1	1	1	1	0	0										4
27	Totales Z7	0	0	0	3	2	1	1	0	0	0	0	0	0	0	0	0	0	0	7
27	ZA13BR			0	0	1	0	0	0	0										1
27	ZA14TA			0	1	0	0	1	0	0										2
27	ZA19BR			0	1	2	2	0	0	0										5
27	ZA26NE			0	0	1	0	1	1	0										3
27	ZA28AZ			0	0	0	0	1	1	0										2
27	ZA28OX			0	0	3	1	1	0	0										5
27	ZA30B*			0	1	0	1	0	1	0										3
27	ZA31BG			0	1	1	2	1	0	0										5
27	ZA31CF			0	1	1	1	0	1	0										4
27	ZA33AZ			0	0	1	1	1	1	0										4
27	ZA33BR			0	1	2	2	1	1	0										7
27	Totales ZA	0	0	0	6	12	10	7	6	0	0	0	0	0	0	0	0	0	0	41
27	ZCD3AZ			0	2	2	0	1	1	0										6
27	ZCD3VI			0	1	1	1	1	1	0										5
27	ZCD3XO			0	0	0	1	1	0	0										2
27	ZCD5NE			0	2	1	1	0	0	0										4
27	Totales ZC	0	0	0	5	4	3	3	2	0	0	0	0	0	0	0	0	0	0	17
27	ZD36MB			0	1	0	0	0	0	0										1
27	ZD36NE			0	1	0	0	0	0	0										1
27	ZD38RO			1	0	0	0	0	0	0										1
27	ZD39MB			0	1	2	2	1	0	0										6
27	ZD39NE			0	1	2	0	1	0	0										4
27	ZD40AZ			0	0	0	1	1	0	0										2
27	ZD40MA			0	1	1	2	1	0	0										5
27	Totales ZD	0	0	1	5	5	5	4	0	0	0	0	0	0	0	0	0	0	0	20
27	ZF26BR			0	1	0	0	0	1	0										2
27	ZF27MO			0	0	0	2	0	1	0										3
27	ZF34NE			0	1	2	1	1	1	0										6
27	ZF34XO			0	1	1	2	1	1	0										6
27	ZF35BR			0	1	1	1	0	1	0										4
27	ZF38B*			0	0	1	1	0	0	0										2
27	ZF39AZ			0	1	1	0	1	0	0										3
27	ZF39RO			0	1	1	1	1	1	0										5
27	ZF46HF			0	1	1	1	1	0	0										4
27	ZF49BR			0	1	1	1	1	0	0										4
27	ZF50C*			0	0	0	1	0	0	0										1
27	ZF50NE			0	0	1	0	1	0	0										2
27	ZF72NE			0	1	2	1	0	0	0										4
27	ZF72RO			0	1	1	2	0	1	0										5
27	Totales ZF	0	0	0	10	13	14	7	7	0	0	0	0	0	0	0	0	0	0	51
27	ZH80LU			0	1	1	1	1	0	0										4
27	ZH80NE			0	1	1	1	1	1	0										5
27	ZH81RO			0	1	1	0	1	0	0										3
27	ZH83BR			0	1	1	0	0	1	0										3
27	ZH84MA			0	1	0	0	0	1	0										2
27	ZH84NE			0	1	0	1	1	1	0										4
27	ZH85DO			0	1	1	0	1	1	0										4
27	Totales ZH	0	0	0	7	5	3	5	5	0	0	0	0	0	0	0	0	0	0	25
27	ZJ01HR			0	1	0	0	0	0	0										1
27	ZJ01MB			0	1	0	0	0	0	0										1
27	ZJ01RN			0	1	0	0	1	0	0										2
27	ZJ02RN			0	1	0	1	1	0	0										3
27	ZJ07MB			0	2	0	0	1	1	0										4
27	ZJ08RN			0	1	1	1	2	0	0										5
27	ZJ08RO			0	0	0	0	1	0	0										1
27	ZJ09CF			0	1	0	1	1	1	0										4
27	ZJ09RN			0	1	1	0	1	1	0										4
27	ZJ13CF			0	0	0	1	0	0	0										1
27	ZJ15MI			0	1	0	1	0	1	0										3
27	ZJ18AZ			1	1	1	0	0	1	0										4
27	ZJ18CF			0	1	0	0	0	1	0										2
27	ZJ33HR			0	1	1	1	0	0	0										3
27	ZJ33VE			0	1	1	1	1	0	0										4
27	ZJ34CR			0	0	1	1	0	1	0										3
27	ZJ34NE			0	1	0	1	1	1	0										4
27	ZJ34RO			0	1	0	1	1	1	0										4
27	ZJ35AZ			0	1	1	0	0	1	0										3
27	ZJ35MI			0	1	1	1	0	1	0										4
27	ZJ40BG			0	1	1	0	1	0	0										3
27	ZJ40BR			0	1	1	0	0	1	1										4
27	ZJ41DO			0	1	2	2	1	0	0										6
27	ZJ41NE			0	0	0	1	1	1	0										3
27	ZJ42RN			0	1	0	0	0	1	0										2
27	ZJ50BR			0	2	1	1	2	0	0										6
27	ZJ50PL			0	0	1	1	0	0	0										2
27	Totales ZJ	0	0	1	24	14	16	16	14	1	0	0	0	0	0	0	0	0	0	86
27	ZM56DO			0	1	1	0	1	0	0										3
27	ZM57NE			0	0	0	0	1	0	0										1
27	ZM57RO			0	0	0	0	1	1	0										2
27	Totales ZM	0	0	0	1	1	0	3	1	0	0	0	0	0	0	0	0	0	0	6
27	ZO16MI			0	0	1	1	0	0	0										2
27	ZO16RN			0	1	0	0	0	0	0										1
27	ZO16RO			0	1	0	0	0	0	0										1
27	Totales ZO	0	0	0	2	1	1	0	0	0	0	0	0	0	0	0	0	0	0	4
27	ZP20BG			0	1	0	0	0	0	0										1
27	ZP20RO			0	1	2	2	1	0	0										6
27	ZP21AZ			0	1	0	1	1	1	0										4
27	ZP21MI			0	1	1	2	1	0	0										5
27	Totales ZP	0	0	0	4	3	5	3	1	0	0	0	0	0	0	0	0	0	0	16
27	ZQ06C*			0	1	1	0	0	0	0										2
27	ZQ09NE			0	0	0	0	1	0	0										1
27	ZQ24DO			0	1	1	1	1	1	0										5
27	ZQ35CF			0	0	1	0	0	1	0										2
27	ZQ36DO			0	1	0	0	0	0	0										1
27	ZQ37RS			0	1	0	1	0	0	0										2
27	ZQ41CF			0	1	0	1	1	0	0										3
27	Totales ZQ	0	0	0	5	3	3	3	2	0	0	0	0	0	0	0	0	0	0	16
27	ZU08NE			0	1	1	1	1	0	0										4
27	ZU08RO			0	1	2	1	0	0	0										4
27	ZU09AZ			0	1	2	0	1	0	0										4
27	ZU09DO			0	0	1	1	1	1	0										4
27	ZU14NE			0	1	0	1	1	0	0										3
27	ZU14TA			0	1	0	0	0	1	0										2
27	ZU15BR			0	1	1	1	0	0	0										3
27	ZU15MI			0	0	1	0	0	1	0										2
27	Totales ZU	0	0	0	6	8	5	4	3	0	0	0	0	0	0	0	0	0	0	26
27	ZV52RS			0	1	0	1	0	0	0										2
27	ZV52XM			0	1	0	1	0	0	0										2
27	ZV57LU			0	0	1	1	0	0	0										2
27	ZV58CF			0	1	2	2	0	0	0										5
27	ZV60RO			0	0	0	1	0	0	0										1
27	ZV62AZ			0	1	1	2	1	0	0										5
27	ZV62DO			0	1	1	1	1	1	0										5
27	ZV63BR			0	1	2	2	1	0	0										6
27	ZV63RO			0	0	2	1	0	0	0										3
27	Totales ZV	0	0	0	6	9	12	3	1	0	0	0	0	0	0	0	0	0	0	31
27	ZWP1AZ			1	2	3	2	3	1	0										12
27	ZWP1MA			0	2	3	3	2	1	1										12
27	ZWP1NE			1	1	4	2	3	1	1										13
27	ZWP1RO			0	1	3	2	2	1	0										9
27	ZWP1VI			0	2	3	3	1	1	1										11
27	ZWP2BG			0	2	3	4	3	1	1										14
27	ZWP2GR			0	2	3	2	2	1	1										11
27	ZWP2MA			0	1	3	4	2	1	0										11
27	ZWP2NE			0	2	2	4	3	1	0										12
27	Totales ZW	0	0	2	15	27	26	21	9	5	0	0	0	0	0	0	0	0	0	105
27	ZX35NE			0	1	0	0	1	0	0										2
27	ZX35XO			0	0	1	0	0	0	0										1
27	ZX36NE			0	1	0	1	1	0	0										3
27	ZX36UV			0	0	0	0	1	0	0										1
27	ZX38BR			0	1	0	1	2	0	0										4
27	ZX38NE			0	1	2	0	0	0	0										3
27	Totales ZX	0	0	0	4	3	2	5	0	0	0	0	0	0	0	0	0	0	0	14
27	ZY80NE			0	1	2	1	0	0	0										4
27	ZY80RO			0	1	2	2	1	0	0										6
27	ZY81NE			0	1	1	2	0	0	0										4
27	ZY82BG			0	1	2	1	1	0	0										5
27	Totales ZY	0	0	0	4	7	6	2	0	0	0	0	0	0	0	0	0	0	0	19
27	CREMA**	33																		33
27	CREMABR	1																		1
27	CREMACE	2																		2
27	CREMAIM	1																		1
27	CREMALI	1																		1
27	CREMAMB	4																		4
27	CREMARO	2																		2
27	CREMAUV	3																		3
27	Totales CR	47	0	0	0	0	0	0	0	0	0	0	0	0	0	0	0	0	0	47
27	O301NE	1																		1
27	O303MI	1																		1
27	O304RO	2																		2
27	O321HF	1																		1
27	O321NE	1																		1
27	O322CF	1																		1
27	O322NE	1																		1
27	O323HF	1																		1
27	O323NE	1																		1
27	O350CN	1																		1
27	O3B1NE	1																		1
27	O3B1RO	1																		1
27	O3B1VE	1																		1
27	O3B2AZ	1																		1
27	O3B2NE	1																		1
27	O3B2VE	1																		1
27	O3B3A*	1																		1
27	O3B3MI	1																		1
27	O3B3N*	1																		1
27	O3B4A*	1																		1
27	O3B4N*	2																		2
27	O3C1AZ	1																		1
27	O3C1MI	1																		1
27	O3C1NE	2																		2
27	O3C1VE	2																		2
27	O3C2A*	3																		3
27	O3C2N*	3																		3
27	O3M1MI	1																		1
27	O3M1NE	2																		2
27	O3M1VE	2																		2
27	O3M2A*	3																		3
27	O3T2A*	1																		1
27	Totales O3	44	0	0	0	0	0	0	0	0	0	0	0	0	0	0	0	0	0	44
27	OC09BR	1																		1
27	OC09NE	1																		1
27	OC17NE	1																		1
27	OC54CE	1																		1
27	OC63BR	1																		1
27	OC68MI	1																		1
27	OC76NE	1																		1
27	OC97RO	1																		1
27	Totales OC	8	0	0	0	0	0	0	0	0	0	0	0	0	0	0	0	0	0	8
27	OD30BR	1																		1
27	Totales OD	1	0	0	0	0	0	0	0	0	0	0	0	0	0	0	0	0	0	1
27	OE22HF	1																		1
27	OE22NE	1																		1
27	OE23NE	1																		1
27	OE23WB	1																		1
27	OEB1R1	1																		1
27	OEB2R2	1																		1
27	OEL1NR	1																		1
27	OET1NE	1																		1
27	OET1TA	1																		1
27	OET2NE	1																		1
27	OET2WB	1																		1
27	Totales OE	11	0	0	0	0	0	0	0	0	0	0	0	0	0	0	0	0	0	11
27	OF15CF	1																		1
27	OF17AS	1																		1
27	OF17AZ	1																		1
27	OF17RO	1																		1
27	OF18BR	1																		1
27	OF18NE	2																		2
27	OF18RO	1																		1
27	OF19BR	1																		1
27	OF19RO	1																		1
27	OFC2BR	2																		2
27	OFC2RO	1																		1
27	OFL1AS	1																		1
27	OFL1AZ	1																		1
27	OFL1RO	1																		1
27	OFL2BR	1																		1
27	OFL2RO	2																		2
27	OFM2RO	1																		1
27	OFT2BR	1																		1
27	OFT2RO	1																		1
27	Totales OF	22	0	0	0	0	0	0	0	0	0	0	0	0	0	0	0	0	0	22
27	OG01DO	1																		1
27	OG02NE	1																		1
27	OG12HF	1																		1
27	Totales OG	3	0	0	0	0	0	0	0	0	0	0	0	0	0	0	0	0	0	3
27	OK1TNE	1																		1
27	OK2TCF	1																		1
27	OK2TNE	1																		1
27	OK35OR	1																		1
27	OK36NE	1																		1
27	OK81NE	1																		1
27	OKB1RS	1																		1
27	OKB2CF	1																		1
27	OKB4NR	1																		1
27	OKL4NR	1																		1
27	OKP1RS	1																		1
27	OKP2XO	1																		1
27	OKT1AL	1																		1
27	OKT4NR	1																		1
27	Totales OK	14	0	0	0	0	0	0	0	0	0	0	0	0	0	0	0	0	0	14
27	OL45CF	1																		1
27	OL45NE	1																		1
27	Totales OL	2	0	0	0	0	0	0	0	0	0	0	0	0	0	0	0	0	0	2
27	OM30NE	1																		1
27	OM42RO	1																		1
27	Totales OM	2	0	0	0	0	0	0	0	0	0	0	0	0	0	0	0	0	0	2
27	ON28BR	1																		1
27	ON28NE	1																		1
27	ON31PL	1																		1
27	ON46MB	1																		1
27	Totales ON	4	0	0	0	0	0	0	0	0	0	0	0	0	0	0	0	0	0	4
27	OO26NE	1																		1
27	Totales OO	1	0	0	0	0	0	0	0	0	0	0	0	0	0	0	0	0	0	1
27	OP56BR	1																		1
27	OP56NE	1																		1
27	OP59MB	1																		1
27	OP60NE	1																		1
27	OP60RO	1																		1
27	OP61DO	1																		1
27	Totales OP	6	0	0	0	0	0	0	0	0	0	0	0	0	0	0	0	0	0	6
27	OQ51B*	1																		1
27	OQ54N*	1																		1
27	OQ57RO	1																		1
27	OQ58RO	1																		1
27	OQ59AZ	1																		1
27	OQ59NE	1																		1
27	OQ60AZ	1																		1
27	OQ60CF	1																		1
27	OQ68NE	1																		1
27	OQC1R*	1																		1
27	OQC1RO	1																		1
27	OQC2RO	2																		2
27	OQL1RO	1																		1
27	OQT1R*	1																		1
27	OQT1RO	1																		1
27	Totales OQ	16	0	0	0	0	0	0	0	0	0	0	0	0	0	0	0	0	0	16
27	OT21CF	1																		1
27	OT25MI	2																		2
27	OT26NE	3																		3
27	OT39NE	1																		1
27	OT40BG	1																		1
27	OT51CF	1																		1
27	OT51RO	1																		1
27	OT52CF	1																		1
27	OT52RO	1																		1
27	OT54CQ	1																		1
27	OT54PL	1																		1
27	OT56CQ	1																		1
27	OT56PL	1																		1
27	OT65AS	1																		1
27	OT65HF	1																		1
27	OT69D*	1																		1
27	OTC*CQ	2																		2
27	OTC*PL	2																		2
27	OTC4CF	2																		2
27	OTC4RO	2																		2
27	OTC7NE	1																		1
27	OTC8HF	1																		1
27	OTC9D*	1																		1
27	OTL1CQ	1																		1
27	OTL1PL	1																		1
27	OTL1RO	1																		1
27	OTM*CF	2																		2
27	OTM*RO	2																		2
27	OTM1CQ	1																		1
27	OTM1PL	1																		1
27	OTP2MB	1																		1
27	OTP2RO	1																		1
27	OTP4MB	1																		1
27	OTP4NE	2																		2
27	OTP6CF	1																		1
27	OTP6CQ	1																		1
27	OTP6PL	1																		1
27	OTP7RO	1																		1
27	OTP8**	2																		2
27	OTT6CF	1																		1
27	OTT6CQ	1																		1
27	OTT6PL	1																		1
27	OTT6RO	1																		1
27	Totales OT	54	0	0	0	0	0	0	0	0	0	0	0	0	0	0	0	0	0	54
27	OU21BG	1																		1
27	OU22CF	1																		1
27	OU22NE	1																		1
27	OU23CF	1																		1
27	OU55CF	1																		1
27	OU55NE	1																		1
27	Totales OU	6	0	0	0	0	0	0	0	0	0	0	0	0	0	0	0	0	0	6
27	OW95**	2																		2
27	OW96**	1																		1
27	OWES**	7																		7
27	Totales OW	10	0	0	0	0	0	0	0	0	0	0	0	0	0	0	0	0	0	10
27	OX10NE	1																		1
27	OX10RO	1																		1
27	OX11CF	1																		1
27	OX11NE	1																		1
27	OX13DO	1																		1
27	OX24CF	2																		2
27	OX24MI	2																		2
27	OX24NE	1																		1
27	Totales OX	10	0	0	0	0	0	0	0	0	0	0	0	0	0	0	0	0	0	10
27	OY97MI	1																		1
27	OY97NE	1																		1
27	Totales OY	2	0	0	0	0	0	0	0	0	0	0	0	0	0	0	0	0	0	2
27	OZB1AZ	1																		1
27	Totales OZ	1	0	0	0	0	0	0	0	0	0	0	0	0	0	0	0	0	0	1
27	TARJETA	15																		15
27	Totales TA	15	0	0	0	0	0	0	0	0	0	0	0	0	0	0	0	0	0	15
27	ZS95NE	1																		1
27	ZS96RO	1																		1
27	Totales ZS	2	0	0	0	0	0	0	0	0	0	0	0	0	0	0	0	0	0	2
27	ZT16MA	1																		1
27	ZT17BR	1																		1
27	ZT59NE	1																		1
27	ZT98MB	1																		1
27	Totales ZT	4	0	0	0	0	0	0	0	0	0	0	0	0	0	0	0	0	0	4
27	O401HF		0	0		2		0		1		0								3
27	O401TA		0	0		0		0		1		0								1
27	O402MI		0	0		0		0		2		0								2
27	O403HF		0	0		0		0		1		0								1
27	O403WI		0	0		1		0		2		0								3
27	O404HF		0	0		1		0		2		0								3
27	O404MI		0	0		0		0		1		0								1
27	O405CQ		0	0		0		0		1		0								1
27	O406UV		0	0		2		0		2		0								4
27	O407BR		0	0		2		0		2		0								4
27	O407WI		0	0		2		0		2		0								4
27	O408NE		0	0		2		0		2		0								4
27	O408XO		0	0		2		0		2		0								4
27	O409CF		0	0		2		0		2		0								4
27	Totales O4	0	0	0	0	16	0	0	0	23	0	0	0	0	0	0	0	0	0	39
27	OH80MI		0	0		2		0		2		0								4
27	OH80NE		0	0		2		0		2		0								4
27	OHC1MI		0	0		1		0		0		0								1
27	Totales OH	0	0	0	0	5	0	0	0	4	0	0	0	0	0	0	0	0	0	9
27	OUC1HF		0	0		1		0		0		0								1
27	OUC1NE		0	0		0		0		1		0								1
27	OUC3HF		0	0		1		0		0		0								1
27	OUC4HF		0	1		0		0		0		0								1
27	Totales OU	0	0	1	0	2	0	0	0	1	0	0	0	0	0	0	0	0	0	4
27	ZE74WB		0	0		0		0		1		0								1
27	ZE77HF		0	0		0		0		1		0								1
27	ZE77MB		0	0		1		0		0		0								1
27	Totales ZE	0	0	0	0	1	0	0	0	2	0	0	0	0	0	0	0	0	0	3
27	O201HF														0	1	0	0		1
27	O202MI														1	0	0	0		1
27	O202RO														1	0	0	0		1
27	O203HF														0	0	1	0		1
27	O203NE														1	1	1	0		3
27	O204DO														0	0	1	0		1
27	O204GR														0	0	2	0		2
27	O205GR														1	1	0	0		2
27	Totales O2	0	0	0	0	0	0	0	0	0	0	0	0	0	4	3	5	0	0	12
27	O421A*														1	1	0	0		2
27	O421C*														1	1	0	0		2
27	O421N*														1	1	0	0		2
27	O421R*														0	2	0	0		2
27	O422A*														0	1	0	0		1
27	O422C*														1	1	0	0		2
27	O422N*														1	1	0	0		2
27	O422R*														1	0	0	0		1
27	O451AZ														1	1	0	0		2
27	O451TA														1	1	0	0		2
27	O452CF														1	0	0	0		1
27	O452NE														1	0	0	0		1
27	Totales O4	0	0	0	0	0	0	0	0	0	0	0	0	0	10	10	0	0	0	20
27	OA62BG														0	0	1	0		1
27	OA62NE														1	0	1	0		2
27	OA63RO														1	1	1	0		3
27	Totales OA	0	0	0	0	0	0	0	0	0	0	0	0	0	2	1	3	0	0	6
27	OD06BG														0	1	0	1		2
27	OD06CF														0	0	1	0		1
27	OD08NE														0	0	0	1		1
27	OD09NE														0	1	0	0		1
27	OD09RO														0	1	1	1		3
27	OD10LU														0	1	1	0		2
27	Totales OD	0	0	0	0	0	0	0	0	0	0	0	0	0	0	4	3	3	0	10
27	OH51TA														2	2	0	0		4
27	OH51XO														2	2	0	0		4
27	OH52AZ														1	2	0	0		3
27	OH52RO														1	0	0	0		1
27	Totales OH	0	0	0	0	0	0	0	0	0	0	0	0	0	6	6	0	0	0	12
27	Total	285	0	9	278	292	321	282	230	136	63	62	1	0	22	24	11	3	0	2019
29	0D18JL					0	1	1	2	2	0	0	0	0					0	6
29	0D58RC					0	1	1	2	2	1	1	0	0					0	8
29	0D70EB					0	0	1	2	2	0	0	0	0					0	5
29	0D70N8					0	0	0	2	2	1	1	0	0					0	6
29	Totales 0D	0	0	0	0	0	2	3	8	8	2	2	0	0	0	0	0	0	0	25
29	2N75CL					0	0	0	0	0	0	1	0	0					0	1
29	Totales 2N	0	0	0	0	0	0	0	0	0	0	1	0	0	0	0	0	0	0	1
29	3B15XJ					0	1	0	2	2	0	1	0	0						6
29	3B15XN					0	0	1	2	2	1	1	0	0						7
29	3B22XN					0	0	0	2	0	1	1	0	0					0	4
29	3B26TL					0	0	1	2	2	2	1	0	0						8
29	3B26TN					0	1	1	2	2	0	0	0	0						6
29	3B28TJ					0	1	0	1	1	0	1	0	0						4
29	3B28TN					0	0	1	0	2	0	0	0	0						3
29	3B95XC					0	1	0	1	1	1	0	0	0					0	4
29	3B95XN					0	0	0	2	2	0	0	0	0					0	4
29	Totales 3B	0	0	0	0	0	4	4	14	14	5	5	0	0	0	0	0	0	0	46
29	4H62XC					0	0	1	2	2	1	1	0	0					0	7
29	4H62XN					0	0	1	0	1	1	1	0	0					0	4
29	4H65XC					0	0	0	0	1	1	1	0	0					0	3
29	4H65XN					0	0	1	1	0	1	0	0	0					0	3
29	4H66XJ					0	1	1	2	2	1	1	0	0					0	8
29	4H66XN					0	0	0	0	0	0	1	0	0					0	1
29	4H72XM					0	0	1	2	2	1	1	0	0					0	7
29	4H72XN					0	0	1	2	2	1	1	0	0					0	7
29	4H77XN					0	1	0	2	1	0	1	0	0					0	5
29	4H89XN					0	0	0	0	0	1	1	0	0					0	2
29	4H96XN					0	1	1	1	1	1	1	0	0					0	6
29	4H97IA					0	1	0	1	3	1	1	0	0					0	7
29	4H97XN					0	0	0	2	1	1	0	0	0					0	4
29	4H98XJ					0	0	1	2	2	1	1	0	0					0	7
29	4H98XN					0	0	1	0	0	1	2	0	0					0	4
29	Totales 4H	0	0	0	0	0	4	9	17	18	13	14	0	0	0	0	0	0	0	75
29	6F03TM					0	1	0	1	2	1	1	1	0						7
29	6F17TM					0	0	1	0	0	0	0	1	0						2
29	6F24TJ					0	1	1	2	2	1	1	0	0						8
29	6F24TN					0	1	1	2	2	1	1	0	0						8
29	6F34TJ					0	0	0	0	0	0	1	0	0					0	1
29	6F34TN					0	0	1	2	2	0	1	0	0					0	6
29	6F39TJ					0	1	1	1	3	1	1	0	0						8
29	6F39TN					0	1	0	1	1	0	0	0	0						3
29	6F50TJ					0	0	0	2	0	1	1	0	0					0	4
29	6F50TN					0	1	1	1	2	1	1	0	0						7
29	6F67TL					0	1	1	1	2	1	1	0	0						7
29	6F67TN					0	1	0	2	2	1	1	0	0						7
29	Totales 6F	0	0	0	0	0	8	7	15	18	8	10	2	0	0	0	0	0	0	68
29	8D37TM					0	0	1	0	0	0	2	0	0						3
29	Totales 8D	0	0	0	0	0	0	1	0	0	0	2	0	0	0	0	0	0	0	3
29	BH40XC					0	0	0	2	2	1	1	0	0					0	6
29	BH40XN					0	0	0	0	0	1	1	0	0					0	2
29	BH74IA					0	0	1	1	1	1	1	0	0					0	5
29	BH74XC					0	0	1	2	1	0	1	0	0					0	5
29	BH74XN					0	1	1	1	1	0	1	0	0					0	5
29	Totales BH	0	0	0	0	0	1	3	6	5	3	5	0	0	0	0	0	0	0	23
29	BJ51XM					0	0	0	1	0	1	1	0	0						3
29	BJ82XM					0	0	1	1	2	0	2	0	0						6
29	Totales BJ	0	0	0	0	0	0	1	2	2	1	3	0	0	0	0	0	0	0	9
29	M411ZC					0	0	1	2	2	1	0	0	0					0	6
29	M412J7					0	0	1	2	2	1	1	0	0					0	7
29	Totales M4	0	0	0	0	0	0	2	4	4	2	1	0	0	0	0	0	0	0	13
29	OU70CF					0	0	0	0	2	1	0	1	0					0	4
29	OU70NE					0	0	0	1	1	2	1	1	0					0	6
29	OU71CF					0	0	1	1	0	0	0	1	0					0	3
29	OU71NE					0	0	1	0	2	2	1	1	0					0	7
29	OU72AZ					0	0	1	1	1	2	1	1	0					0	7
29	OU72TA					0	0	1	1	2	1	1	1	0					0	7
29	Totales OU	0	0	0	0	0	0	4	4	8	8	4	6	0	0	0	0	0	0	34
29	R033XO					0	0	0	1	2	1	1	0	0						5
29	Totales R0	0	0	0	0	0	0	0	1	2	1	1	0	0	0	0	0	0	0	5
29	R606XO					0	0	1	2	1	1	0	0	0						5
29	R622OR					0	1	1	2	2	1	0	0	0						7
29	R638XM					0	0	0	1	1	1	1	1	0						5
29	R638XO					0	0	0	1	2	1	1	0	0						5
29	Totales R6	0	0	0	0	0	1	2	6	6	4	2	1	0	0	0	0	0	0	22
29	R765XN					0	0	1	1	1	0	1	0	0						4
29	R765XO					0	0	1	2	1	0	1	0	0						5
29	R766XN					0	0	0	0	0	1	1	0	0						2
29	R766XO					0	0	1	1	4	1	0	1	0						8
29	R767XM					0	0	1	1	2	1	1	0	0						6
29	R767XO					0	0	0	2	2	1	1	0	0						6
29	Totales R7	0	0	0	0	0	0	4	7	10	4	5	1	0	0	0	0	0	0	31
29	Z351XM					0	0	1	1	2	1	1	0	0					0	6
29	Z351XN					0	0	0	1	2	1	1	0	0					0	5
29	Z352XC					0	0	1	1	2	1	1	0	0					0	6
29	Z352XN					0	0	1	1	0	0	1	0	0					0	3
29	Z353XC					0	0	1	1	2	1	1	0	0					0	6
29	Z354XM					0	0	1	0	2	1	1	0	0					0	5
29	Z354XN					0	1	0	1	1	1	1	0	0					0	5
29	Z355XC					0	0	1	2	2	1	1	0	0					0	7
29	Z355XN					0	0	0	1	0	1	1	0	0					0	3
29	Z356XC					0	1	1	2	2	0	1	0	0					0	7
29	Z356XN					0	0	0	1	1	0	1	0	0					0	3
29	Z357XM					0	0	1	0	1	0	0	0	0					0	2
29	Z357XN					0	0	1	0	2	1	0	0	0					0	4
29	Totales Z3	0	0	0	0	0	2	9	12	19	9	11	0	0	0	0	0	0	0	62
29	Z904XO					0	0	0	0	2	0	1	0	0						3
29	Totales Z9	0	0	0	0	0	0	0	0	2	0	1	0	0	0	0	0	0	0	3
29	ZN70UV					0	0	0	0	0	1	0	0	0						1
29	ZN82NE					0	0	1	2	1	1	2	0	0					0	7
29	ZN82UV					0	0	1	2	1	1	1	0	0					0	6
29	ZN85NE					0	0	1	0	1	0	0	1	0						3
29	ZN92MA					0	0	1	0	2	1	0	0	0					0	4
29	ZN92NE					0	0	0	0	3	0	0	0	0					0	3
29	Totales ZN	0	0	0	0	0	0	4	4	8	4	3	1	0	0	0	0	0	0	24
29	ZO71XM					0	0	1	1	2	1	1	0	0					0	6
29	ZO72MB					0	0	0	0	0	1	1	0	0						2
29	ZO72XN					0	0	0	0	0	1	1	0	0						2
29	ZO72XO					0	0	2	0	1	1	1	0	0						5
29	ZO74XM					0	0	1	1	2	1	1	0	0					0	6
29	ZO74XN					0	0	1	1	2	1	1	0	0					0	6
29	ZO79MI					0	0	0	1	0	1	0	0	0						2
29	ZO79NE					0	0	1	0	0	0	0	0	0						1
29	Totales ZO	0	0	0	0	0	0	6	4	7	7	6	0	0	0	0	0	0	0	30
29	ZR51MA					0	0	0	0	0	0	2	1	0					0	3
29	ZR52MI					0	0	1	0	0	0	0	1	0					0	2
29	ZR53DO					0	0	0	1	1	1	0	0	0					0	3
29	ZR53XO					0	0	0	1	0	1	1	1	0					0	4
29	ZR54AZ					0	0	2	2	1	1	0	0	0					0	6
29	ZR54CF					0	0	0	0	0	0	1	0	0					0	1
29	ZR55MB					0	0	0	0	1	1	1	1	0					0	4
29	ZR55MI					0	0	0	0	0	0	0	1	0					0	1
29	ZR56AZ					0	0	0	1	1	1	1	0	0					0	4
29	ZR56CF					0	0	0	1	2	1	0	1	0					0	5
29	ZR57MI					0	0	0	0	2	1	1	1	0					0	5
29	ZR58MA					0	0	0	1	0	0	0	1	0					0	2
29	ZR58MI					0	0	0	1	2	0	1	0	0					0	4
29	ZR59NN					0	0	1	2	1	1	1	1	0					0	7
29	ZR59NT					0	0	1	2	2	0	1	1	0					0	7
29	Totales ZR	0	0	0	0	0	0	5	12	13	8	10	10	0	0	0	0	0	0	58
29	A703NA			0	0	1	2	0	0	0										3
29	A703NV			0	0	1	0	0	0	0										1
29	A714MD			1	1	1	0	1	0	0										4
29	A714RN			1	1	2	1	0	0	0										5
29	A71AN*			0	1	2	0	1	1	1										6
29	A738NV			0	0	0	0	0	1	0										1
29	Totales A7	0	0	2	3	7	3	2	2	1	0	0	0	0	0	0	0	0	0	20
29	BY35RM			0	1	2	2	0	1	0										6
29	BY35RN			0	1	0	2	0	1	0										4
29	BY39RM			0	1	1	1	0	1	0										4
29	BY39RN			1	1	2	2	1	1	0										8
29	BY50MN			0	1	1	1	0	0	1										4
29	BY50NX			1	1	2	1	1	1	0										7
29	Totales BY	0	0	2	6	8	9	2	5	1	0	0	0	0	0	0	0	0	0	33
29	CG0AMB			1	1	0	0	0	1	0										3
29	CG0ARN			1	2	2	0	1	0	0										6
29	CG26EL			0	1	0	0	1	1	0										3
29	CG28EL			0	0	0	1	0	0	0										1
29	CG28LA			1	2	2	1	1	1	1										9
29	CG28RN			1	1	0	1	0	1	1										5
29	CG31O2			0	2	0	2	2	2	0										8
29	CG58RC			0	0	0	1	0	0	0										1
29	CG58SN			0	1	1	0	0	0	1										3
29	CG58SR			1	1	1	0	0	1	1										5
29	CG9XIP			1	1	2	2	1	1	0										8
29	CG9XRC			0	1	2	2	0	1	1										7
29	CG9XRN			0	1	2	1	1	1	0										6
29	Totales CG	0	0	6	14	12	11	7	10	5	0	0	0	0	0	0	0	0	0	65
29	DZ59RN			0	1	0	0	0	0	0										1
29	Totales DZ	0	0	0	1	0	0	0	0	0	0	0	0	0	0	0	0	0	0	1
29	EO44IA			0	1	2	2	0	1	0										6
29	EO44RN			0	1	1	2	1	1	0										6
29	EO46RN			1	1	1	1	0	1	0										5
29	EO46SR			1	1	2	2	1	1	0										8
29	EO73IA			1	0	3	1	0	0	0										5
29	EO73RN			1	1	2	0	1	0	1										6
29	EO83NS			1	1	2	0	1	0	0										5
29	Totales EO	0	0	5	6	13	8	4	4	1	0	0	0	0	0	0	0	0	0	41
29	FB4XN5			0	0	0	0	0	0	1										1
29	FB4XP1			0	0	0	2	1	0	1										4
29	FB78MB			0	0	1	1	0	0	0										2
29	FB78RN			0	1	0	0	0	0	0										1
29	FB82IP			2	1	1	3	1	1	1										10
29	FB82OX			0	0	1	1	0	0	1										3
29	FB82X0			1	1	1	2	0	1	0										6
29	Totales FB	0	0	3	3	4	9	2	2	4	0	0	0	0	0	0	0	0	0	27
29	G714TO			0	1	2	1	1	1	1										7
29	G722CE			1	1	2	0	1	1	0										6
29	G722EY			0	1	2	2	1	1	1										8
29	G722MN			0	1	2	2	0	1	0										6
29	Totales G7	0	0	1	4	8	5	3	4	2	0	0	0	0	0	0	0	0	0	27
29	IX19ND			0	2	1	2	1	1	0										7
29	IX19NP			0	0	0	2	1	0	1										4
29	IX25EL			1	1	1	0	0	0	0										3
29	IX25GR			0	0	0	0	0	1	0										1
29	IX5WNI			1	1	0	2	1	1	0										6
29	IX5WOX			0	1	2	2	0	1	0										6
29	IX5WRN			0	0	1	1	0	0	1										3
29	IX7DCR			1	0	2	1	1	1	1										7
29	Totales IX	0	0	3	5	7	10	4	5	3	0	0	0	0	0	0	0	0	0	37
29	K236ET			0	1	1	0	0	0	0										2
29	Totales K2	0	0	0	1	1	0	0	0	0	0	0	0	0	0	0	0	0	0	2
29	LP01*F			0	0	0	2	0	0	0										2
29	LP01*N			0	2	2	1	0	0	0										5
29	LP01CR			0	1	2	2	1	1	0										7
29	LP01D1			1	0	2	2	1	1	0										7
29	LP01N3			0	0	1	0	0	0	0										1
29	LP01RN			0	0	0	0	0	0	1										1
29	LP01T5			1	0	1	2	1	1	0										6
29	LP09CR			0	1	2	1	1	1	1										7
29	LP09N6			0	1	0	0	0	0	0										1
29	LP09VI			1	1	0	0	1	0	0										3
29	LP0CIA			0	1	2	1	1	1	1										7
29	LP0CRC			0	2	4	1	0	0	2										9
29	LP0CRN			0	1	2	1	0	0	0										4
29	LP0EN2			0	1	0	0	0	1	1										3
29	LP0MBR			0	1	2	2	1	1	0										7
29	LP0MCR			0	0	0	0	0	0	1										1
29	LP0MRN			0	0	1	0	0	0	1										2
29	LP0PR1			1	1	0	0	0	0	0										2
29	LP1CBR			0	0	0	0	0	0	1										1
29	LP1CRN			0	1	0	0	0	0	1										2
29	LP1DR1			0	1	2	0	1	0	0										4
29	LP1NIA			0	0	0	0	0	0	1										1
29	LP1NRN			1	1	1	0	0	1	1										5
29	LP1NSR			0	0	1	0	1	1	1										4
29	LP1XXN			1	0	1	2	1	1	0										6
29	LP29IA			0	0	0	0	0	1	1										2
29	LP29PL			0	1	0	0	0	0	0										1
29	LP29SN			0	0	0	0	1	1	0										2
29	LP3PRM			0	1	0	2	0	1	0										4
29	LP3PRN			0	2	1	1	0	0	0										4
29	LP3PSR			0	0	0	0	0	1	0										1
29	LP62RN			0	0	2	0	0	0	0										2
29	LP6WRC			0	1	1	2	1	1	1										7
29	LP6WRN			0	1	2	0	0	1	1										5
29	LP71OX			0	1	1	1	0	1	1										5
29	LP71PL			0	0	2	0	0	0	1										3
29	LP74RC			0	1	1	0	0	1	0										3
29	LP8PRM			0	1	1	0	0	1	0										3
29	LP91RC			0	1	2	2	1	1	0										7
29	Totales LP	0	0	6	26	39	25	13	20	18	0	0	0	0	0	0	0	0	0	147
29	NU3MN8			1	1	0	0	0	1	1										4
29	Totales NU	0	0	1	1	0	0	0	1	1	0	0	0	0	0	0	0	0	0	4
29	P644RN			0	0	0	0	0	1	0										1
29	P679RN			0	1	2	0	0	0	0										3
29	P686RM			0	1	0	0	0	0	0										1
29	P686RN			1	0	0	0	0	0	0										1
29	Totales P6	0	0	1	2	2	0	0	1	0	0	0	0	0	0	0	0	0	0	6
29	QR1PCD			0	0	0	0	0	1	0										1
29	QR1PNI			1	1	0	1	0	0	0										3
29	QR1PPL			0	1	1	0	0	0	1										3
29	QR2ABN			0	1	2	2	1	1	1										8
29	QR2PRC			0	1	1	0	0	1	1										4
29	QR2PRN			0	1	1	0	0	0	1										3
29	QR2WIA			0	0	0	0	1	1	0										2
29	QR2WRN			1	1	0	0	0	1	1										4
29	QR3RN3			0	0	0	0	0	0	1										1
29	Totales QR	0	0	2	6	5	3	2	5	6	0	0	0	0	0	0	0	0	0	29
29	R214CF			0	1	2	2	1	1	0										7
29	R214SN			0	0	1	2	1	0	1										5
29	R214XO			1	2	1	1	2	2	0										9
29	Totales R2	0	0	1	3	4	5	4	3	1	0	0	0	0	0	0	0	0	0	21
29	R480RO			0	0	1	1	1	2	0										5
29	R480VE			1	0	0	0	0	0	0										1
29	Totales R4	0	0	1	0	1	1	1	2	0	0	0	0	0	0	0	0	0	0	6
29	RA03NE			0	1	2	2	2	1	1										9
29	RA03RM			1	1	2	1	1	1	1										8
29	RA05NR			0	1	1	1	1	0	1										5
29	RA05RM			0	0	1	0	0	1	0										2
29	RA07NE			1	1	2	0	1	1	0										6
29	RA07RO			0	1	2	2	1	1	1										8
29	RA07XO			1	0	2	1	1	1	1										7
29	RA15NE			1	1	0	1	0	0	1										4
29	RA15XO			1	1	1	1	0	0	0										4
29	RA21GR			1	1	0	2	1	0	0										5
29	RA21RO			1	1	1	0	1	0	0										4
29	RA47XO			0	1	2	2	2	1	1										9
29	RA90XM			1	1	1	0	0	0	1										4
29	RA90XO			0	0	0	1	0	1	1										3
29	RA94NE			0	1	2	1	1	1	1										7
29	RA94XO			0	1	2	2	1	1	1										8
29	RA95NE			1	2	1	1	0	1	0										6
29	RA95RO			1	1	1	2	1	0	0										6
29	RA95XO			1	1	0	1	1	1	0										5
29	RA96NE			0	0	1	2	0	1	0										4
29	RA96RO			1	0	0	2	0	1	0										4
29	RA96XO			1	0	0	0	1	1	0										3
29	RA98N*			0	1	2	2	0	1	1										7
29	RA98NE			0	1	1	1	0	0	1										4
29	RA98RO			0	1	1	2	1	0	0										5
29	RA98XO			1	0	3	4	1	1	1										11
29	Totales RA	0	0	14	20	31	34	18	17	14	0	0	0	0	0	0	0	0	0	148
29	RB45AN			0	0	2	2	1	1	0										6
29	RB45SN			1	1	2	1	1	1	1										8
29	Totales RB	0	0	1	1	4	3	2	2	1	0	0	0	0	0	0	0	0	0	14
29	RC30MA			0	1	2	1	1	1	0										6
29	RC30NE			0	1	1	1	1	1	1										6
29	RC30RO			1	1	1	2	2	1	0										8
29	RC35AZ			1	0	2	1	1	1	1										7
29	RC35NE			1	0	2	0	1	0	0										4
29	RC36RO			0	0	1	2	1	0	1										5
29	Totales RC	0	0	3	3	9	7	7	4	3	0	0	0	0	0	0	0	0	0	36
29	RD68NE			0	1	1	1	1	0	0										4
29	RD68XO			0	2	1	1	0	0	0										4
29	Totales RD	0	0	0	3	2	2	1	0	0	0	0	0	0	0	0	0	0	0	8
29	RF02LU			1	1	2	2	1	1	0										8
29	Totales RF	0	0	1	1	2	2	1	1	0	0	0	0	0	0	0	0	0	0	8
29	RG59CF			0	1	0	0	0	1	1										3
29	RG59MI			1	1	2	0	0	1	0										5
29	RG59NE			0	1	2	0	0	1	1										5
29	RG67NE			0	0	0	0	0	1	1										2
29	RG67XO			1	0	0	1	1	1	0										4
29	RG70AZ			1	2	1	2	0	1	1										8
29	RG70LU			1	1	2	1	0	1	1										7
29	RG88NE			1	1	0	1	0	1	0										4
29	RG88RO			0	0	1	1	0	1	0										3
29	Totales RG	0	0	5	7	8	6	1	9	5	0	0	0	0	0	0	0	0	0	41
29	RS00CR			0	0	2	2	1	0	0										5
29	RS00RN			0	1	0	0	1	0	1										3
29	RS06MB			0	0	0	0	0	0	1										1
29	RS06RN			0	0	0	0	0	1	1										2
29	RS0X*C			0	1	1	2	1	1	0										6
29	RS0XIA			1	0	2	1	1	1	1										7
29	RS0XRN			1	1	2	1	1	0	1										7
29	RS13DO			1	0	1	0	0	1	1										4
29	RS17RN			1	1	1	2	0	0	1										6
29	RS27RC			0	1	0	0	0	0	0										1
29	RS27RN			0	1	0	0	0	1	0										2
29	RS37M3			0	1	1	0	1	1	1										5
29	RS37N3			0	0	1	0	0	1	1										3
29	RS3BN1			1	0	0	0	0	1	1										3
29	RS3BR1			0	0	0	0	0	0	1										1
29	RS3WRC			0	0	0	0	0	1	0										1
29	RS3WRN			0	0	0	0	0	1	0										1
29	RS48BR			0	0	0	0	1	0	0										1
29	RS48DO			1	1	1	1	1	0	0										5
29	RS48MB			0	0	0	2	0	0	0										2
29	RS48RN			0	1	2	1	1	0	0										5
29	RS49C1			1	1	1	2	0	1	0										6
29	RS49RS			0	0	0	1	0	1	0										2
29	RS4NML			1	1	2	2	1	1	1										9
29	RS4NRN			0	1	1	1	1	1	1										6
29	RS4NSR			0	0	0	0	1	0	1										2
29	RS57RT			1	1	0	2	1	1	1										7
29	RS57SR			1	0	1	0	0	0	1										3
29	RS5BF5			0	0	0	0	1	0	0										1
29	RS5BN1			0	0	0	1	1	0	1										3
29	RS61L1			0	1	0	2	1	1	1										6
29	RS61N1			0	0	2	1	0	1	1										5
29	RS64OX			0	1	2	2	1	1	1										8
29	RS64RN			0	1	2	0	1	0	1										5
29	RS64SR			0	0	0	0	0	0	1										1
29	RS72PL			0	1	2	2	1	1	1										8
29	RS72RN			0	1	1	2	1	1	1										7
29	RS87B8			1	0	0	0	0	0	0										1
29	RS87LA			0	0	2	0	0	1	1										4
29	RS87RN			1	1	0	2	0	1	0										5
29	RS9YMB			1	1	3	2	0	1	0										8
29	RS9YRN			0	0	2	0	1	1	1										5
29	RS9YSR			0	1	2	1	1	2	0										7
29	Totales RS	0	0	13	21	37	35	22	26	26	0	0	0	0	0	0	0	0	0	180
29	T52BRM			0	0	0	0	0	1	0										1
29	T52BRN			0	1	1	1	1	1	0										5
29	T589RC			0	1	1	0	0	1	0										3
29	Totales T5	0	0	0	2	2	1	1	3	0	0	0	0	0	0	0	0	0	0	9
29	UN2XLA			0	1	1	2	0	1	0										5
29	UN2XRN			1	0	1	1	1	1	1										6
29	UN3CPD			0	1	0	1	1	0	0										3
29	UN4BG2			1	0	2	1	0	0	0										4
29	UN4CDC			0	0	1	0	0	1	0										2
29	UN6DC2			0	1	0	1	1	1	0										4
29	UN6DN3			1	1	2	1	1	1	0										7
29	Totales UN	0	0	3	4	7	7	4	5	1	0	0	0	0	0	0	0	0	0	31
29	VT1BIA			0	0	0	0	1	2	1										4
29	VT1BRN			0	0	0	1	1	1	1										4
29	VT4ARM			0	1	1	0	1	1	1										5
29	VT4ARN			0	1	1	0	0	1	0										3
29	VT4ASR			0	0	2	1	2	0	0										5
29	VT6AIA			0	0	2	2	0	0	1										5
29	VT6ARN			1	1	2	1	2	0	0										7
29	VT7R05			0	1	2	0	2	1	0										6
29	VT7RN3			0	1	0	0	0	0	0										1
29	VT8EOX			0	1	2	1	0	1	1										6
29	VT8ERN			0	0	1	0	1	1	0										3
29	VT8ESR			0	1	2	1	0	1	1										6
29	VT94BR			1	1	1	2	1	1	1										8
29	VT94RC			0	1	1	1	0	1	1										5
29	VT94RN			0	0	1	1	0	1	1										4
29	VT97A9			1	0	0	0	0	0	0										1
29	VT97BG			0	0	0	0	1	0	1										2
29	Totales VT	0	0	3	9	18	11	12	12	10	0	0	0	0	0	0	0	0	0	75
29	WD8CRM			0	1	2	1	0	1	1										6
29	WD8CRN			0	2	2	2	1	1	1										9
29	Totales WD	0	0	0	3	4	3	1	2	2	0	0	0	0	0	0	0	0	0	15
29	X302RN			0	1	1	0	0	0	1										3
29	X32RT6			1	1	2	1	0	1	0										6
29	X332AD			0	1	1	1	1	1	0										5
29	X332AZ			1	0	1	0	0	0	1										3
29	X332CD			0	1	0	1	1	0	0										3
29	X332MD			0	0	2	0	0	1	0										3
29	X332NG			1	0	0	0	0	0	0										1
29	X355CR			0	0	0	0	0	0	1										1
29	X355RN			0	1	0	0	0	0	0										1
29	X36Y*F			1	1	0	0	2	1	1										6
29	X36YR1			0	1	2	0	0	1	0										4
29	X36YX1			1	0	0	1	0	0	1										3
29	X376N3			0	0	0	2	0	1	1										4
29	Totales X3	0	0	5	7	9	6	4	6	6	0	0	0	0	0	0	0	0	0	43
29	Z150BG			0	1	2	2	1	1	0										7
29	Z150BR			0	1	1	2	1	1	0										6
29	Z151NE			0	0	1	2	0	1	1										5
29	Z151RO			1	1	2	1	1	1	1										8
29	Totales Z1	0	0	1	3	6	7	3	4	2	0	0	0	0	0	0	0	0	0	26
29	Z203NE			0	1	0	0	0	1	0										2
29	Z203XO			0	0	2	0	1	0	0										3
29	Z207RO			0	1	0	0	0	0	0										1
29	Z211MI			0	0	1	0	0	0	0										1
29	Z212NE			0	1	2	0	1	0	0										4
29	Totales Z2	0	0	0	3	5	0	2	1	0	0	0	0	0	0	0	0	0	0	11
29	Z336HF			0	0	0	0	0	1	0										1
29	Totales Z3	0	0	0	0	0	0	0	1	0	0	0	0	0	0	0	0	0	0	1
29	Z451BR			0	0	1	1	0	1	1										4
29	Z451NE			0	0	0	1	0	0	0										1
29	Z452DO			0	1	0	1	0	0	0										2
29	Z452RO			1	1	1	0	0	1	0										4
29	Z453CF			0	1	0	0	0	1	1										3
29	Z454AZ			1	1	3	1	0	1	0										7
29	Z454MA			0	1	1	0	0	0	0										2
29	Z455CF			0	1	1	0	1	0	0										3
29	Z455NE			0	0	1	0	0	1	0										2
29	Z456MI			0	0	1	0	0	1	0										2
29	Z456NE			0	1	2	1	1	1	0										6
29	Totales Z4	0	0	2	7	11	5	2	7	2	0	0	0	0	0	0	0	0	0	36
29	Z590AZ			0	1	0	0	0	1	0										2
29	Z592BR			0	1	0	0	0	0	0										1
29	Z592NE			1	0	2	0	0	0	0										3
29	Z593RO			1	1	1	2	1	1	0										7
29	Z594AZ			0	0	1	1	0	0	0										2
29	Z595AZ			1	0	2	0	1	0	0										4
29	Z595CF			1	1	2	2	0	1	0										7
29	Totales Z5	0	0	4	4	8	5	2	3	0	0	0	0	0	0	0	0	0	0	26
29	Z701CF			0	0	0	1	0	0	0										1
29	Z703DO			0	0	2	1	0	0	0										3
29	Z704DO			0	0	2	2	2	1	0										7
29	Z704NE			0	2	4	1	1	0	0										8
29	Z705BR			0	1	0	0	0	0	0										1
29	Z706NE			0	1	1	1	0	0	0										3
29	Z706RO			0	1	1	0	0	1	0										3
29	Z707MA			1	1	1	2	1	1	0										7
29	Z707NE			1	1	1	0	0	0	0										3
29	Z708BG			1	0	0	1	0	0	0										2
29	Z708RO			1	1	0	0	1	1	0										4
29	Z709DO			0	0	0	2	0	0	0										2
29	Z709NE			1	1	3	1	0	1	0										7
29	Totales Z7	0	0	5	9	15	12	5	5	0	0	0	0	0	0	0	0	0	0	51
29	ZA13BR			1	0	0	2	1	1	1										6
29	ZA14TA			0	1	1	2	0	0	0										4
29	ZA19BR			0	0	0	0	1	0	1										2
29	ZA19RO			0	0	1	1	0	1	0										3
29	ZA26NE			0	0	0	0	1	0	0										1
29	ZA28AZ			0	0	0	0	1	1	0										2
29	ZA28OX			1	1	0	1	0	1	0										4
29	ZA30B*			0	0	0	0	0	1	0										1
29	ZA31BG			0	1	2	0	0	1	0										4
29	ZA31CF			0	0	0	0	0	1	0										1
29	ZA33AZ			0	0	0	1	0	0	0										1
29	ZA33BR			0	1	0	0	0	1	0										2
29	Totales ZA	0	0	2	4	4	7	4	8	2	0	0	0	0	0	0	0	0	0	31
29	ZB52BG			0	0	0	0	0	1	0										1
29	Totales ZB	0	0	0	0	0	0	0	1	0	0	0	0	0	0	0	0	0	0	1
29	ZCD1B*			0	1	0	1	0	0	1										3
29	ZCD1NE			1	0	0	0	0	0	0										1
29	ZCD2BR			1	0	0	0	0	1	0										2
29	ZCD2NE			0	0	0	0	0	1	0										1
29	ZCD3AZ			0	0	2	0	0	1	0										3
29	ZCD3BR			0	2	2	1	0	1	0										6
29	ZCD3VI			0	1	2	0	1	1	0										5
29	ZCD3XO			0	1	2	1	0	0	0										4
29	ZCD4BR			0	0	1	2	1	0	0										4
29	ZCD4MB			0	0	1	0	1	0	0										2
29	ZCD5NE			0	1	0	1	1	0	0										3
29	ZCD5XO			0	1	2	2	1	1	0										7
29	Totales ZC	0	0	2	7	12	8	5	6	1	0	0	0	0	0	0	0	0	0	41
29	ZD36MB			0	0	0	1	0	1	1										3
29	ZD36NE			0	0	0	0	1	1	0										2
29	ZD37BR			0	0	0	2	1	1	0										4
29	ZD37NE			0	1	1	0	1	0	0										3
29	ZD38NE			0	1	0	0	1	1	1										4
29	ZD38RO			0	1	0	1	0	0	0										2
29	ZD39MB			0	1	2	2	1	0	0										6
29	ZD39NE			0	1	1	1	0	0	0										3
29	ZD40AZ			0	0	2	1	1	0	0										4
29	ZD40MA			0	1	1	0	0	2	0										4
29	ZD41DO			1	0	1	1	1	0	0										4
29	Totales ZD	0	0	1	6	8	9	7	6	2	0	0	0	0	0	0	0	0	0	39
29	ZF26BR			0	0	2	2	1	0	0										5
29	ZF26C*			0	1	2	1	1	0	0										5
29	ZF27MO			1	1	1	1	0	1	0										5
29	ZF34NE			1	1	1	2	0	1	0										6
29	ZF34XO			0	1	2	1	1	1	1										7
29	ZF35BR			0	1	1	2	1	1	1										7
29	ZF38B*			1	1	2	2	1	0	0										7
29	ZF39AZ			0	1	0	0	0	1	0										2
29	ZF39RO			0	1	2	0	1	0	0										4
29	ZF45OR			1	0	0	0	0	0	0										1
29	ZF46HF			0	1	1	2	1	1	0										6
29	ZF48BG			1	1	2	1	1	0	0										6
29	ZF49BR			0	1	1	0	1	0	0										3
29	ZF50C*			1	1	3	2	1	1	0										9
29	ZF50NE			0	1	2	2	1	0	1										7
29	ZF51OR			0	1	0	0	1	0	0										2
29	ZF72NE			1	1	3	1	1	1	0										8
29	ZF72RO			0	1	0	1	1	0	0										3
29	Totales ZF	0	0	7	16	25	20	14	8	3	0	0	0	0	0	0	0	0	0	93
29	ZG24MB			0	1	1	0	2	1	0										5
29	ZG24SR			0	1	0	0	0	0	0										1
29	Totales ZG	0	0	0	2	1	0	2	1	0	0	0	0	0	0	0	0	0	0	6
29	ZH80LU			1	1	1	1	1	1	0										6
29	ZH81RO			0	1	2	2	1	1	1										8
29	ZH83BR			1	1	2	2	1	0	0										7
29	ZH84MA			0	0	1	1	1	1	1										5
29	ZH84NE			1	1	2	2	1	1	0										8
29	ZH85DO			0	1	1	1	0	1	1										5
29	Totales ZH	0	0	3	5	9	9	5	5	3	0	0	0	0	0	0	0	0	0	39
29	ZJ01MB			0	1	2	0	0	1	0										4
29	ZJ01RN			0	1	2	2	2	0	0										7
29	ZJ02RN			0	0	1	0	0	1	0										2
29	ZJ07MB			0	0	2	0	0	0	0										2
29	ZJ08RN			0	0	2	1	1	1	0										5
29	ZJ08RO			0	0	0	0	1	0	0										1
29	ZJ09CF			0	1	0	2	1	1	1										6
29	ZJ09RN			0	1	1	1	0	0	0										3
29	ZJ13CF			0	0	0	2	1	1	0										4
29	ZJ13RN			0	0	0	0	0	0	1										1
29	ZJ15MI			0	1	0	0	0	1	1										3
29	ZJ15NE			0	0	0	0	0	1	0										1
29	ZJ18AZ			0	1	0	0	1	0	0										2
29	ZJ32DO			1	0	0	0	0	0	0										1
29	ZJ33HR			0	0	0	1	0	0	0										1
29	ZJ33VE			0	1	0	0	0	1	0										2
29	ZJ34CR			0	0	2	1	1	0	1										5
29	ZJ34NE			0	1	0	0	1	1	1										4
29	ZJ34RO			0	0	1	2	1	1	0										5
29	ZJ35AZ			0	0	1	1	0	1	0										3
29	ZJ35MI			0	0	1	2	1	1	1										6
29	ZJ40BG			0	0	1	0	0	1	1										3
29	ZJ40BR			0	1	0	3	0	1	0										5
29	ZJ41DO			0	0	0	1	2	0	0										3
29	ZJ41NE			0	0	0	0	1	1	0										2
29	ZJ42CF			0	0	1	0	0	0	1										2
29	ZJ42RN			0	0	0	0	0	1	0										1
29	ZJ50BR			0	0	0	0	0	1	0										1
29	ZJ50PL			0	0	1	1	1	0	0										3
29	Totales ZJ	0	0	1	9	18	20	15	17	8	0	0	0	0	0	0	0	0	0	88
29	ZM56BR			0	0	0	0	0	1	0										1
29	ZM56DO			0	0	1	0	1	1	0										3
29	ZM57NE			0	1	0	0	1	1	0										3
29	ZM57RO			0	0	1	1	0	1	0										3
29	Totales ZM	0	0	0	1	2	1	2	4	0	0	0	0	0	0	0	0	0	0	10
29	ZO16IA			0	0	0	0	1	0	0										1
29	ZO16MI			0	0	1	0	0	1	0										2
29	ZO16RN			1	1	0	0	0	0	0										2
29	Totales ZO	0	0	1	1	1	0	1	1	0	0	0	0	0	0	0	0	0	0	5
29	ZP20BG			0	0	1	2	1	0	1										5
29	ZP20NE			0	0	1	0	0	0	0										1
29	ZP20RO			0	1	1	0	0	1	0										3
29	ZP21AZ			1	0	0	0	0	1	0										2
29	ZP21MI			0	1	0	0	0	1	1										3
29	Totales ZP	0	0	1	2	3	2	1	3	2	0	0	0	0	0	0	0	0	0	14
29	ZQ06C*			0	0	0	0	0	1	0										1
29	ZQ20RO			0	0	1	0	0	0	0										1
29	ZQ24DO			1	1	2	0	1	0	0										5
29	ZQ24RO			0	1	2	1	0	0	1										5
29	ZQ31C*			0	0	1	1	0	0	0										2
29	ZQ34RO			0	1	1	1	0	1	0										4
29	ZQ35CF			0	0	0	0	1	0	1										2
29	ZQ41CF			0	1	1	0	1	1	1										5
29	Totales ZQ	0	0	1	4	8	3	3	3	3	0	0	0	0	0	0	0	0	0	25
29	ZU08NE			0	1	1	2	0	0	0										4
29	ZU08RO			1	0	1	1	0	0	0										3
29	ZU09AZ			0	0	0	0	1	0	0										1
29	ZU09DO			0	1	1	3	0	0	0										5
29	ZU14NE			0	1	2	0	1	1	0										5
29	ZU14TA			0	1	2	1	1	1	0										6
29	ZU15BR			0	1	1	0	0	0	0										2
29	ZU15MI			0	1	1	2	0	1	0										5
29	Totales ZU	0	0	1	6	9	9	3	3	0	0	0	0	0	0	0	0	0	0	31
29	ZV52RS			0	1	0	1	0	1	0										3
29	ZV52XM			0	0	0	0	0	1	1										2
29	ZV57LU			0	1	0	0	2	1	0										4
29	ZV58CF			0	0	2	2	0	0	0										4
29	ZV58NR			0	0	1	1	0	1	0										3
29	ZV60LU			0	0	2	2	1	1	0										6
29	ZV60RO			0	1	1	2	0	0	0										4
29	ZV61BR			0	1	0	1	0	0	0										2
29	ZV62AZ			0	1	1	1	1	1	0										5
29	ZV62DO			0	0	1	2	0	1	0										4
29	ZV63BR			0	1	3	2	2	0	0										8
29	ZV63RO			0	0	3	2	2	1	0										8
29	Totales ZV	0	0	0	6	14	16	8	8	1	0	0	0	0	0	0	0	0	0	53
29	ZWP1AZ			0	0	5	1	1	1	0										8
29	ZWP1MA			1	2	4	4	3	1	1										16
29	ZWP1NE			1	1	3	1	1	2	1										10
29	ZWP1RO			1	1	3	4	2	1	1										13
29	ZWP1VI			1	2	2	2	1	1	1										10
29	ZWP2BG			1	2	3	3	1	1	1										12
29	ZWP2GR			0	2	2	3	3	1	1										12
29	ZWP2MA			0	2	1	0	1	1	1										6
29	ZWP2NE			1	1	3	4	2	1	1										13
29	Totales ZW	0	0	6	13	26	22	15	10	8	0	0	0	0	0	0	0	0	0	100
29	ZX35NE			0	1	0	0	1	1	1										4
29	ZX35XO			1	1	2	2	0	0	0										6
29	ZX36NE			0	1	0	2	0	0	0										3
29	ZX36UV			0	1	1	2	0	1	0										5
29	ZX38BR			0	0	2	1	0	0	1										4
29	ZX38NE			1	2	1	0	0	0	0										4
29	Totales ZX	0	0	2	6	6	7	1	2	2	0	0	0	0	0	0	0	0	0	26
29	ZY80NE			1	1	0	0	0	0	0										2
29	ZY80RO			0	1	1	1	0	1	0										4
29	ZY81NE			0	1	0	0	0	0	0										1
29	ZY82BG			0	0	2	0	0	0	0										2
29	ZY82MA			0	1	3	0	0	0	0										4
29	Totales ZY	0	0	1	4	6	1	0	1	0	0	0	0	0	0	0	0	0	0	13
29	CREMA**	17																		17
29	CREMACE	2																		2
29	CREMAMA	2																		2
29	CREMARO	3																		3
29	CREMAUV	2																		2
29	CREMAXO	2																		2
29	Totales CR	28	0	0	0	0	0	0	0	0	0	0	0	0	0	0	0	0	0	28
29	O303MI	1																		1
29	O304RO	1																		1
29	O321NE	1																		1
29	O322CF	2																		2
29	O323HF	1																		1
29	O323NE	2																		2
29	O3B1NE	2																		2
29	O3B1RO	2																		2
29	O3B3MI	2																		2
29	O3B4A*	1																		1
29	O3B4N*	2																		2
29	O3B6NE	1																		1
29	O3B6VE	1																		1
29	O3B7VE	1																		1
29	O3C1NE	1																		1
29	O3C1RO	2																		2
29	O3C2A*	2																		2
29	O3C2N*	2																		2
29	O3C3VE	1																		1
29	O3M1MI	1																		1
29	O3M1NE	2																		2
29	O3M1RO	2																		2
29	O3M2A*	2																		2
29	O3M2N*	3																		3
29	O3T1NE	1																		1
29	O3T1VE	2																		2
29	O3T2A*	1																		1
29	Totales O3	42	0	0	0	0	0	0	0	0	0	0	0	0	0	0	0	0	0	42
29	OC05CF	1																		1
29	OC09BR	2																		2
29	OC09NE	1																		1
29	OC17NE	2																		2
29	OC63BR	2																		2
29	OC68MI	1																		1
29	OC76DO	1																		1
29	OC76NE	2																		2
29	OC97RO	1																		1
29	Totales OC	13	0	0	0	0	0	0	0	0	0	0	0	0	0	0	0	0	0	13
29	OD30BR	1																		1
29	Totales OD	1	0	0	0	0	0	0	0	0	0	0	0	0	0	0	0	0	0	1
29	OE22HF	2																		2
29	OE22NE	1																		1
29	OE23NE	2																		2
29	OE23WB	1																		1
29	OEL2R2	1																		1
29	OEM2R2	1																		1
29	OET1TA	1																		1
29	OET2NE	2																		2
29	OET2WB	2																		2
29	Totales OE	13	0	0	0	0	0	0	0	0	0	0	0	0	0	0	0	0	0	13
29	OF18RO	1																		1
29	OFC2BR	2																		2
29	OFC2RO	1																		1
29	OFL2BR	2																		2
29	OFL2RO	2																		2
29	OFM2RO	1																		1
29	Totales OF	9	0	0	0	0	0	0	0	0	0	0	0	0	0	0	0	0	0	9
29	OG02CF	1																		1
29	OG02NE	1																		1
29	Totales OG	2	0	0	0	0	0	0	0	0	0	0	0	0	0	0	0	0	0	2
29	OK2TCF	1																		1
29	OK2TNE	1																		1
29	OK35OR	1																		1
29	OK80CF	1																		1
29	OK80NE	1																		1
29	OK81NE	1																		1
29	OKB2NE	1																		1
29	OKB3XO	1																		1
29	OKB4NR	1																		1
29	OKB5NR	1																		1
29	OKC2VE	1																		1
29	OKC2XO	1																		1
29	OKL4NR	1																		1
29	OKM2RO	1																		1
29	OKT2RO	1																		1
29	OKT2XO	1																		1
29	Totales OK	16	0	0	0	0	0	0	0	0	0	0	0	0	0	0	0	0	0	16
29	OL45CF	2																		2
29	OL65CN	1																		1
29	Totales OL	3	0	0	0	0	0	0	0	0	0	0	0	0	0	0	0	0	0	3
29	OM30HF	1																		1
29	OM36MI	1																		1
29	OM42RO	1																		1
29	Totales OM	3	0	0	0	0	0	0	0	0	0	0	0	0	0	0	0	0	0	3
29	ON31MI	1																		1
29	ON64NE	1																		1
29	Totales ON	2	0	0	0	0	0	0	0	0	0	0	0	0	0	0	0	0	0	2
29	OP59MB	1																		1
29	OP61DO	1																		1
29	Totales OP	2	0	0	0	0	0	0	0	0	0	0	0	0	0	0	0	0	0	2
29	OQ51B*	1																		1
29	OQ57RO	2																		2
29	OQ58RO	2																		2
29	OQ59NE	1																		1
29	OQC1R*	1																		1
29	OQC1RO	2																		2
29	OQL1R*	1																		1
29	OQL1RO	2																		2
29	OQT1RO	1																		1
29	Totales OQ	13	0	0	0	0	0	0	0	0	0	0	0	0	0	0	0	0	0	13
29	OS51RO	1																		1
29	Totales OS	1	0	0	0	0	0	0	0	0	0	0	0	0	0	0	0	0	0	1
29	OT20CF	1																		1
29	OT20NE	2																		2
29	OT25MI	3																		3
29	OT26NE	2																		2
29	OT44RS	1																		1
29	OT51CF	2																		2
29	OT52CF	2																		2
29	OT52RO	1																		1
29	OT54CQ	2																		2
29	OT54PL	1																		1
29	OT57FS	1																		1
29	OT58AZ	1																		1
29	OT58FS	1																		1
29	OT63NE	1																		1
29	OT63RO	1																		1
29	OT65HF	1																		1
29	OTC*CQ	2																		2
29	OTC4CF	2																		2
29	OTC4RO	2																		2
29	OTC7NE	1																		1
29	OTC8HF	1																		1
29	OTC9D*	1																		1
29	OTL1CQ	1																		1
29	OTM*CF	2																		2
29	OTM*RO	1																		1
29	OTM1CQ	2																		2
29	OTP6CF	1																		1
29	OTP6CQ	1																		1
29	OTP6PL	1																		1
29	OTP7RO	1																		1
29	OTT6CF	1																		1
29	OTT6CQ	1																		1
29	OTT6PL	1																		1
29	Totales OT	45	0	0	0	0	0	0	0	0	0	0	0	0	0	0	0	0	0	45
29	OU21BG	1																		1
29	OU22CF	1																		1
29	Totales OU	2	0	0	0	0	0	0	0	0	0	0	0	0	0	0	0	0	0	2
29	OV10NE	1																		1
29	OVC6BG	1																		1
29	Totales OV	2	0	0	0	0	0	0	0	0	0	0	0	0	0	0	0	0	0	2
29	OWES**	8																		8
29	Totales OW	8	0	0	0	0	0	0	0	0	0	0	0	0	0	0	0	0	0	8
29	OX10RO	1																		1
29	OX13NE	1																		1
29	Totales OX	2	0	0	0	0	0	0	0	0	0	0	0	0	0	0	0	0	0	2
29	OY13NE	1																		1
29	OY19RO	1																		1
29	OY98BG	1																		1
29	Totales OY	3	0	0	0	0	0	0	0	0	0	0	0	0	0	0	0	0	0	3
29	TARJETA	31																		31
29	Totales TA	31	0	0	0	0	0	0	0	0	0	0	0	0	0	0	0	0	0	31
29	ZS76MO	1																		1
29	ZS90FS	1																		1
29	ZS93BG	1																		1
29	ZS94CF	1																		1
29	ZS96NE	1																		1
29	ZS96RO	1																		1
29	Totales ZS	6	0	0	0	0	0	0	0	0	0	0	0	0	0	0	0	0	0	6
29	ZT16BR	1																		1
29	ZT17BR	1																		1
29	ZT59NE	1																		1
29	Totales ZT	3	0	0	0	0	0	0	0	0	0	0	0	0	0	0	0	0	0	3
29	O401HF		0	0		0		0		2		0								2
29	O401TA		0	0		0		0		1		0								1
29	O402MI		0	0		3		0		2		0								5
29	O403HF		0	0		2		0		1		0								3
29	O403LU		0	0		1		0		1		0								2
29	O403WI		0	0		2		0		1		0								3
29	O404HF		0	0		1		1		1		0								3
29	O404MI		0	0		0		0		3		0								3
29	O405CQ		0	0		1		1		2		0								4
29	O406UV		0	0		2		0		2		0								4
29	O407BR		0	0		2		0		2		0								4
29	O407WI		0	0		1		0		2		0								3
29	O408NE		0	0		2		0		2		0								4
29	O408XO		0	0		2		0		2		0								4
29	O409CF		0	0		2		0		2		0								4
29	Totales O4	0	0	0	0	21	0	2	0	26	0	0	0	0	0	0	0	0	0	49
29	OH80MI		0	0		1		0		2		0								3
29	OH80NE		0	0		1		0		2		0								3
29	Totales OH	0	0	0	0	2	0	0	0	4	0	0	0	0	0	0	0	0	0	6
29	OUC1HF		0	0		1		1		1		0								3
29	OUC1NE		0	1		0		0		1		0								2
29	OUC3HF		0	1		0		1		1		0								3
29	OUC4HF		0	0		2		1		1		0								4
29	Totales OU	0	0	2	0	3	0	3	0	4	0	0	0	0	0	0	0	0	0	12
29	O202MI														1	0	0	1		2
29	O202NE														1	0	1	0		2
29	O202RO														0	1	1	0		2
29	O203HF														1	0	1	0		2
29	O204DO														1	1	1	0		3
29	O204GR														0	1	0	0		1
29	O205GR														0	0	1	0		1
29	O208DO														1	0	0	0		1
29	O208GR														0	1	0	0		1
29	Totales O2	0	0	0	0	0	0	0	0	0	0	0	0	0	5	4	5	1	0	15
29	O421A*														2	2	0	0		4
29	O421C*														2	2	0	0		4
29	O421N*														2	2	0	0		4
29	O421R*														2	2	0	0		4
29	O422A*														1	2	0	0		3
29	O422C*														1	2	0	0		3
29	O422N*														2	1	0	0		3
29	O422R*														2	1	0	0		3
29	O451AZ														1	0	0	0		1
29	O451TA														1	2	0	0		3
29	O452CF														2	1	0	0		3
29	Totales O4	0	0	0	0	0	0	0	0	0	0	0	0	0	18	17	0	0	0	35
29	OA61AZ														0	1	1	0		2
29	OA62BG														1	0	0	0		1
29	Totales OA	0	0	0	0	0	0	0	0	0	0	0	0	0	1	1	1	0	0	3
29	OD06BG														0	2	1	1		4
29	OD06CF														0	1	0	0		1
29	OD09NE														0	0	1	0		1
29	OD09RO														0	0	0	1		1
29	OD10LU														0	1	1	1		3
29	Totales OD	0	0	0	0	0	0	0	0	0	0	0	0	0	0	4	3	3	0	10
29	OH51TA														2	2	0	0		4
29	OH51XO														1	0	0	0		1
29	OH52AZ														1	1	0	0		2
29	OH52RO														2	1	0	0		3
29	Totales OH	0	0	0	0	0	0	0	0	0	0	0	0	0	6	4	0	0	0	10
29	Total	250	0	125	280	467	391	287	375	328	79	86	21	0	30	30	9	4	0	2762
1	0D18JL					0	0	1	2	2	1	1	1	0					0	8
1	0D58RC					0	1	1	3	3	2	1	1	0					0	12
1	0D70EB					0	1	1	4	2	1	1	0	0					0	10
1	0D70N8					0	0	1	0	3	1	1	0	0					0	6
1	Totales 0D	0	0	0	0	0	2	4	9	10	5	4	2	0	0	0	0	0	0	36
1	2N75CL					0	0	0	1	0	0	0	0	0					0	1
1	2N91N7					0	1	1	1	0	1	0	0	0					0	4
1	Totales 2N	0	0	0	0	0	1	1	2	0	1	0	0	0	0	0	0	0	0	5
1	3B15XJ					0	1	1	1	2	0	0	1	0						6
1	3B15XN					0	0	1	2	2	1	1	1	0						8
1	3B22XN					0	0	0	0	0	1	0	0	0					0	1
1	3B26TL					0	2	1	1	2	1	0	0	0						7
1	3B26TN					0	0	1	2	1	2	1	0	0						7
1	3B28TJ					0	1	0	3	0	1	0	1	0						6
1	3B28TN					0	1	1	3	1	1	0	0	0						7
1	3B49XN					0	0	0	0	1	0	0	0	0						1
1	3B95XN					0	1	1	2	0	1	1	0	0					0	6
1	Totales 3B	0	0	0	0	0	6	6	14	9	8	3	3	0	0	0	0	0	0	49
1	4H16XO					0	0	0	1	0	1	1	0	0					0	3
1	4H62XC					0	0	1	0	3	1	2	0	0					0	7
1	4H62XN					0	1	1	1	1	0	1	0	0					0	5
1	4H65XC					0	0	0	1	0	0	0	0	0					0	1
1	4H65XN					0	0	1	2	1	0	0	0	0					0	4
1	4H66XJ					0	1	0	2	2	0	1	2	0					0	8
1	4H66XN					0	0	0	0	0	0	0	1	0					0	1
1	4H72XM					0	0	1	2	0	0	1	0	0					0	4
1	4H72XN					0	1	1	2	2	0	1	1	0					0	8
1	4H77XN					0	0	1	1	2	0	0	0	0					0	4
1	4H96XN					0	0	0	1	0	1	0	0	0					0	2
1	4H97IA					0	1	1	2	2	1	1	0	0					0	8
1	4H97XN					0	0	0	0	1	0	1	1	0					0	3
1	4H98XJ					0	1	0	2	2	1	1	1	0					0	8
1	4H98XN					0	1	1	4	2	1	0	1	0					0	10
1	Totales 4H	0	0	0	0	0	6	8	21	18	6	10	7	0	0	0	0	0	0	76
1	6F03TJ					0	0	0	0	0	2	1	0	0						3
1	6F03TM					0	1	1	2	2	1	1	0	0						8
1	6F17TJ					0	1	1	0	0	1	0	1	0						4
1	6F24TJ					0	1	1	2	0	0	1	0	0						5
1	6F24TN					0	0	1	2	2	2	2	1	0						10
1	6F34TJ					0	0	1	1	2	0	1	1	0					0	6
1	6F34TN					0	0	1	2	2	1	0	0	0					0	6
1	6F39TJ					0	0	1	0	1	0	1	2	0						5
1	6F39TN					0	0	0	1	2	1	0	0	0						4
1	6F50TJ					0	1	1	1	1	0	1	1	0					0	6
1	6F50TN					0	0	1	2	1	0	1	0	0						5
1	6F50XC					0	0	0	1	0	0	1	0	0						2
1	6F67TL					0	1	1	5	5	1	1	1	0						15
1	6F67TN					0	1	1	2	2	1	2	0	0						9
1	Totales 6F	0	0	0	0	0	6	11	21	20	10	13	7	0	0	0	0	0	0	88
1	7M41XM					0	0	0	0	0	1	1	1	0						3
1	7M41XN					0	0	0	0	0	0	1	0	0						1
1	7M42XC					0	0	0	2	1	0	0	0	0					0	3
1	7M45XN					0	1	1	1	1	2	1	0	0						7
1	7M53XN					0	1	0	0	0	0	1	0	0					0	2
1	Totales 7M	0	0	0	0	0	2	1	3	2	3	4	1	0	0	0	0	0	0	16
1	8D04XC					0	2	0	1	0	1	1	0	0					0	5
1	8D06AR					0	0	0	0	0	0	1	1	0						2
1	8D25C8					0	0	1	0	0	0	1	0	0						2
1	8D25M8					0	0	1	1	0	0	1	0	0					0	3
1	8D37TM					0	0	0	0	0	1	1	0	0						2
1	8D37TN					0	0	0	0	1	0	1	0	0						2
1	Totales 8D	0	0	0	0	0	2	2	2	1	2	6	1	0	0	0	0	0	0	16
1	BH40XC					0	0	0	1	1	0	0	1	0					0	3
1	BH40XN					0	0	0	1	0	0	0	0	0					0	1
1	BH74IA					0	0	1	2	2	2	0	0	0					0	7
1	BH74XC					0	0	0	1	0	1	1	0	0					0	3
1	BH74XN					0	0	1	1	1	0	0	1	0					0	4
1	Totales BH	0	0	0	0	0	0	2	6	4	3	1	2	0	0	0	0	0	0	18
1	BJ51XM					0	0	0	0	1	0	1	1	0						3
1	BJ82XM					0	0	0	2	2	0	1	0	0						5
1	Totales BJ	0	0	0	0	0	0	0	2	3	0	2	1	0	0	0	0	0	0	8
1	M401S7					0	1	0	2	2	1	0	1	0					0	7
1	M411ZC					0	1	2	3	2	1	1	0	0					0	10
1	M412J7					0	1	1	2	2	1	1	1	0					0	9
1	Totales M4	0	0	0	0	0	3	3	7	6	3	2	2	0	0	0	0	0	0	26
1	OU70CF					0	0	0	1	1	0	1	0	0					0	3
1	OU70NE					0	0	2	1	2	0	0	1	0					0	6
1	OU71CF					0	0	0	2	2	1	1	0	0					0	6
1	OU71NE					0	0	1	1	1	0	0	0	0					0	3
1	OU72AZ					0	0	0	2	1	1	0	0	0					0	4
1	OU72TA					0	0	0	1	1	1	1	0	0					0	4
1	Totales OU	0	0	0	0	0	0	3	8	8	3	3	1	0	0	0	0	0	0	26
1	R606XO					0	0	1	2	2	1	0	1	0						7
1	R622OR					0	0	2	2	1	2	1	1	0						9
1	R638XM					0	0	0	1	1	1	1	0	0						4
1	R638XO					0	0	1	2	2	0	1	0	0						6
1	Totales R6	0	0	0	0	0	0	4	7	6	4	3	2	0	0	0	0	0	0	26
1	R765XN					0	1	0	1	1	0	0	1	0						4
1	R765XO					0	1	0	0	2	2	1	1	0						7
1	R766XN					0	0	3	2	1	0	0	0	0						6
1	R766XO					0	0	1	1	1	0	1	0	0						4
1	R767XM					0	0	1	1	2	0	1	0	0						5
1	R767XO					0	1	2	1	1	0	0	1	0						6
1	Totales R7	0	0	0	0	0	3	7	6	8	2	3	3	0	0	0	0	0	0	32
1	Z351XM					0	0	0	1	0	1	0	0	0					0	2
1	Z351XN					0	0	0	1	1	1	0	0	0					0	3
1	Z352XC					0	0	0	1	1	1	0	0	0					0	3
1	Z352XN					0	0	1	1	0	1	0	0	0					0	3
1	Z353XC					0	0	1	1	1	0	0	0	0					0	3
1	Z354XM					0	0	1	1	1	1	0	0	0					0	4
1	Z354XN					0	0	1	0	1	1	0	0	0					0	3
1	Z355XC					0	0	1	2	2	1	0	0	0					0	6
1	Z355XN					0	0	0	2	1	1	0	0	0					0	4
1	Z356XC					0	0	1	2	2	0	0	0	0					0	5
1	Z356XN					0	0	1	1	1	0	0	0	0					0	3
1	Z357XM					0	0	0	1	1	1	0	0	0					0	3
1	Z357XN					0	0	0	0	1	0	0	0	0					0	1
1	Totales Z3	0	0	0	0	0	0	7	14	13	9	0	0	0	0	0	0	0	0	43
1	ZN70UV					0	0	0	0	0	1	1	0	0						2
1	ZN82NE					0	0	1	0	1	0	1	0	0					0	3
1	ZN82UV					0	0	0	2	0	1	1	0	0					0	4
1	ZN85NE					0	0	0	0	1	0	0	1	0						2
1	ZN92MA					0	1	1	2	2	1	1	1	0					0	9
1	ZN92NE					0	0	1	1	2	1	1	0	0					0	6
1	Totales ZN	0	0	0	0	0	1	3	5	6	4	5	2	0	0	0	0	0	0	26
1	ZO71XM					0	1	1	1	1	1	1	1	0					0	7
1	ZO72MB					0	0	0	0	0	3	0	0	0						3
1	ZO72XM					0	0	0	0	1	1	1	0	0						3
1	ZO72XN					0	0	1	2	1	1	1	1	0						7
1	ZO72XO					0	0	1	1	2	1	2	1	0						8
1	ZO74XM					0	1	1	1	1	1	1	1	0					0	7
1	ZO74XN					0	1	1	1	1	1	1	1	0					0	7
1	ZO79MB					0	1	1	1	1	1	0	0	0						5
1	ZO79MI					0	0	1	1	0	1	0	0	0						3
1	ZO79NE					0	0	1	0	0	0	0	1	0						2
1	Totales ZO	0	0	0	0	0	4	8	8	8	11	7	6	0	0	0	0	0	0	52
1	ZR51MA					0	0	1	1	0	1	1	1	0					0	5
1	ZR52GR					0	0	0	0	0	1	0	0	0					0	1
1	ZR52MI					0	1	1	0	0	0	0	0	0					0	2
1	ZR53DO					0	0	0	0	1	2	2	1	0					0	6
1	ZR53XO					0	0	0	1	0	1	1	0	0					0	3
1	ZR54AZ					0	0	1	1	0	0	1	0	0					0	3
1	ZR54CF					0	0	1	2	1	1	0	0	0					0	5
1	ZR55MB					0	1	1	0	1	0	1	1	0					0	5
1	ZR55MI					0	0	0	0	1	0	0	0	0					0	1
1	ZR56AZ					0	1	1	2	2	1	1	1	0					0	9
1	ZR56CF					0	0	1	1	2	1	1	1	0					0	7
1	ZR57MI					0	0	1	2	2	0	1	1	0					0	7
1	ZR58MA					0	0	0	0	1	0	0	1	0					0	2
1	ZR58MI					0	0	0	1	2	0	0	0	0					0	3
1	ZR59NN					0	0	1	1	2	0	1	1	0					0	6
1	ZR59NT					0	1	1	2	2	1	1	1	0					0	9
1	Totales ZR	0	0	0	0	0	4	10	14	17	9	11	9	0	0	0	0	0	0	74
1	A703NA			0	1	2	0	0	0	2										5
1	A703NV			1	1	2	0	1	0	0										5
1	A714MD			1	0	1	1	0	0	0										3
1	A714RN			1	1	2	1	0	1	1										7
1	A71AN*			1	1	1	2	0	1	1										7
1	A71AV*			0	0	1	1	0	0	0										2
1	A738NA			1	1	0	0	0	0	0										2
1	A738NL			0	1	0	0	0	0	0										1
1	Totales A7	0	0	5	6	9	5	1	2	4	0	0	0	0	0	0	0	0	0	32
1	BY35RM			1	1	2	2	2	1	0										9
1	BY35RN			1	1	1	1	0	0	2										6
1	BY39RM			1	1	2	2	1	1	1										9
1	BY39RN			1	1	1	2	1	1	0										7
1	BY50MN			0	1	1	2	1	1	1										7
1	BY50NX			1	1	2	2	1	0	1										8
1	Totales BY	0	0	5	6	9	11	6	4	5	0	0	0	0	0	0	0	0	0	46
1	CG0AMB			1	0	0	0	0	1	1										3
1	CG0ARN			1	0	2	0	1	1	0										5
1	CG26EL			1	2	2	1	1	0	1										8
1	CG28LA			1	1	3	4	2	2	1										14
1	CG28RN			1	1	1	1	0	0	1										5
1	CG31N2			0	1	1	3	0	0	1										6
1	CG31O2			1	1	1	2	0	1	1										7
1	CG58SN			0	1	0	1	0	0	0										2
1	CG58SR			1	1	2	1	1	1	1										8
1	CG9XIP			1	1	1	1	1	1	1										7
1	CG9XRC			0	1	1	1	1	0	1										5
1	CG9XRN			1	0	2	2	0	1	1										7
1	Totales CG	0	0	9	10	16	17	7	8	10	0	0	0	0	0	0	0	0	0	77
1	DZ15RC			0	0	2	0	0	0	0										2
1	DZ15RN			0	0	0	1	0	0	0										1
1	DZ59MB			0	1	0	0	1	2	0										4
1	DZ59RN			0	0	0	1	0	1	0										2
1	Totales DZ	0	0	0	1	2	2	1	3	0	0	0	0	0	0	0	0	0	0	9
1	E466T8			0	0	0	2	1	1	1										5
1	E470RN			0	2	2	2	0	0	0										6
1	Totales E4	0	0	0	2	2	4	1	1	1	0	0	0	0	0	0	0	0	0	11
1	EO0DEB			1	1	1	2	1	1	1										8
1	EO44IA			1	0	2	2	0	0	1										6
1	EO44RN			1	1	1	2	0	0	0										5
1	EO46RN			1	0	0	1	1	1	1										5
1	EO46SR			0	1	1	2	1	1	0										6
1	EO73IA			0	1	1	1	0	0	0										3
1	EO73RN			1	1	1	0	0	1	1										5
1	EO83NS			1	1	1	0	1	1	0										5
1	Totales EO	0	0	6	6	8	10	4	5	4	0	0	0	0	0	0	0	0	0	43
1	FB4XN5			0	0	0	1	0	0	0										1
1	FB4XP1			1	0	2	1	1	0	1										6
1	FB4XVI			0	0	0	2	1	1	0										4
1	FB78MB			0	1	1	1	0	1	0										4
1	FB78RN			0	0	1	0	0	0	0										1
1	FB82IP			0	0	1	2	0	1	1										5
1	FB82RS			0	1	0	2	1	0	1										5
1	FB82X0			0	1	1	1	0	1	1										5
1	FB84OX			0	1	0	0	0	1	2										4
1	FB84RN			0	0	0	0	1	0	0										1
1	FB84VI			0	3	1	2	1	0	2										9
1	Totales FB	0	0	1	7	7	12	5	5	8	0	0	0	0	0	0	0	0	0	45
1	G714TO			1	1	1	2	1	0	1										7
1	G71EG7			0	1	2	1	1	0	0										5
1	G722CE			1	1	2	2	1	1	1										9
1	G722EY			1	1	2	2	1	1	1										9
1	G722MN			1	1	1	2	1	1	1										8
1	Totales G7	0	0	4	5	8	9	5	3	4	0	0	0	0	0	0	0	0	0	38
1	IX24RC			0	1	1	2	0	1	1										6
1	IX25EL			1	1	2	1	1	0	0										6
1	IX25GR			1	0	0	0	0	0	1										2
1	IX5WNI			1	1	1	0	0	0	1										4
1	IX5WOX			0	1	1	0	0	0	0										2
1	IX5WRN			1	0	1	0	0	0	1										3
1	IX6ERM			0	2	1	0	0	0	0										3
1	IX7DCR			1	1	2	2	1	1	0										8
1	IX7DRN			0	1	0	0	0	1	0										2
1	Totales IX	0	0	5	8	9	5	2	3	4	0	0	0	0	0	0	0	0	0	36
1	J934EL			1	1	2	2	1	0	1										8
1	Totales J9	0	0	1	1	2	2	1	0	1	0	0	0	0	0	0	0	0	0	8
1	K236EL			0	0	1	0	0	1	1										3
1	K236ET			0	0	0	1	0	0	1										2
1	Totales K2	0	0	0	0	1	1	0	1	2	0	0	0	0	0	0	0	0	0	5
1	KM07RN			0	1	2	2	0	1	1										7
1	KM08EB			0	1	2	2	1	1	1										8
1	Totales KM	0	0	0	2	4	4	1	2	2	0	0	0	0	0	0	0	0	0	15
1	LP01*F			0	1	2	0	1	1	1										6
1	LP01*N			0	1	1	1	1	1	0										5
1	LP01CR			1	1	2	2	1	1	0										8
1	LP01D1			1	1	1	2	1	0	2										8
1	LP01DO			2	0	0	0	1	0	0										3
1	LP01EB			0	0	2	1	0	0	0										3
1	LP01RN			0	1	2	0	1	1	0										5
1	LP01T5			0	0	1	0	0	1	1										3
1	LP09CR			0	1	2	2	1	1	0										7
1	LP09M6			0	0	0	0	1	0	0										1
1	LP09N6			0	0	1	0	0	1	0										2
1	LP09VI			1	0	1	1	0	1	1										5
1	LP0CIA			1	2	0	3	0	1	1										8
1	LP0CRC			0	2	1	3	1	2	0										9
1	LP0CRN			0	0	2	1	0	0	0										3
1	LP0EA2			0	1	0	0	1	0	0										2
1	LP0EN2			1	0	1	0	1	0	0										3
1	LP0MBR			1	1	2	2	1	1	0										8
1	LP0MCR			0	0	0	1	0	1	0										2
1	LP0MRN			1	1	1	2	0	0	1										6
1	LP0PR1			1	1	0	0	1	1	1										5
1	LP0WEB			0	0	0	0	0	0	1										1
1	LP0YEB			1	2	0	0	0	0	0										3
1	LP1CBR			1	1	0	0	0	0	0										2
1	LP1CM8			0	1	2	0	0	0	0										3
1	LP1COX			0	1	0	1	0	0	0										2
1	LP1CRN			0	2	0	0	0	0	0										2
1	LP1DR1			1	1	1	2	0	1	1										7
1	LP1DRM			0	0	0	1	0	0	0										1
1	LP1MRC			0	0	0	0	0	1	0										1
1	LP1NIA			0	1	0	0	0	0	1										2
1	LP1NRM			0	1	0	0	0	0	0										1
1	LP1NRN			0	2	1	0	1	0	0										4
1	LP1NSR			0	0	0	0	0	1	1										2
1	LP1XXN			1	1	2	1	0	1	1										7
1	LP29BR			0	0	2	2	2	0	0										6
1	LP29PL			0	1	0	0	0	0	0										1
1	LP29RN			1	1	1	0	0	1	0										4
1	LP29SN			0	0	0	0	0	0	1										1
1	LP3PEB			1	2	0	0	0	0	0										3
1	LP3PRM			1	1	0	0	0	1	1										4
1	LP3PRN			1	1	2	2	1	1	0										8
1	LP3PSR			2	1	0	0	0	0	0										3
1	LP62RN			0	1	1	1	0	0	0										3
1	LP6WRC			1	0	1	1	0	0	0										3
1	LP6WRN			1	1	0	1	0	1	1										5
1	LP71OX			0	0	1	0	1	2	0										4
1	LP71PL			2	1	1	1	1	1	1										8
1	LP74RC			0	0	1	0	1	0	0										2
1	LP74RN			1	1	0	0	0	0	1										3
1	LP8PRM			0	2	0	0	0	1	0										3
1	LP8PRN			0	1	0	0	0	0	0										1
1	LP91RC			0	2	4	4	0	1	2										13
1	Totales LP	0	0	25	43	42	38	20	27	20	0	0	0	0	0	0	0	0	0	215
1	MQ07BN			0	0	1	1	1	0	0										3
1	MQ08DO			0	2	2	0	0	0	1										5
1	Totales MQ	0	0	0	2	3	1	1	0	1	0	0	0	0	0	0	0	0	0	8
1	NU3MM8			0	1	1	1	0	0	1										4
1	NU3MN8			0	1	2	2	2	2	0										9
1	NU3MRN			1	0	0	0	0	0	0										1
1	Totales NU	0	0	1	2	3	3	2	2	1	0	0	0	0	0	0	0	0	0	14
1	P62DRM			0	0	1	0	0	0	0										1
1	P673GR			1	1	1	1	0	1	2										7
1	P679RC			0	1	2	2	1	0	0										6
1	P679RN			0	1	1	0	0	0	0										2
1	P686RM			1	1	0	0	0	1	0										3
1	P686RN			1	1	0	0	0	0	0										2
1	Totales P6	0	0	3	5	5	3	1	2	2	0	0	0	0	0	0	0	0	0	21
1	QR10C9			1	1	2	1	1	1	1										8
1	QR1PCD			1	0	2	0	1	0	1										5
1	QR1PNI			0	1	1	1	0	0	0										3
1	QR1PPG			1	0	2	1	2	0	1										7
1	QR1PPL			1	1	1	0	1	0	0										4
1	QR2ABN			1	2	0	2	1	1	1										8
1	QR2CRM			1	0	0	0	0	1	0										2
1	QR2PRC			1	0	1	1	1	0	1										5
1	QR2PRN			1	0	0	4	0	0	1										6
1	QR2WIA			0	1	2	0	0	1	0										4
1	QR2WRN			1	0	0	0	0	0	0										1
1	QR3RN3			1	1	0	0	1	1	0										4
1	Totales QR	0	0	10	7	11	10	8	5	6	0	0	0	0	0	0	0	0	0	57
1	R214CF			0	1	2	2	1	1	1										8
1	R214SN			0	1	0	1	2	0	1										5
1	R214SR			0	0	0	1	1	1	0										3
1	R214XO			0	1	1	1	0	1	1										5
1	Totales R2	0	0	0	3	3	5	4	3	3	0	0	0	0	0	0	0	0	0	21
1	R480RO			1	0	1	0	0	0	1										3
1	R480VE			2	0	2	0	0	0	0										4
1	Totales R4	0	0	3	0	3	0	0	0	1	0	0	0	0	0	0	0	0	0	7
1	RA03NE			1	1	4	1	1	1	0										9
1	RA03RM			1	2	2	2	1	0	0										8
1	RA05NR			0	0	1	1	1	1	0										4
1	RA05RM			1	0	1	1	1	1	0										5
1	RA07NE			1	1	1	0	0	1	1										5
1	RA07RO			0	1	1	0	1	0	0										3
1	RA07XO			1	0	2	2	2	1	1										9
1	RA15NE			1	0	1	2	1	1	1										7
1	RA15XO			1	1	2	0	0	1	0										5
1	RA21GR			0	1	2	2	1	1	0										7
1	RA21RO			1	0	2	1	0	0	0										4
1	RA47BR			0	0	2	2	0	1	1										6
1	RA47XO			0	1	1	1	0	1	0										4
1	RA75AN			0	0	0	0	-1	0	0										-1
1	RA90XM			0	1	3	2	1	0	0										7
1	RA90XO			1	1	1	0	0	0	0										3
1	RA94NE			1	1	1	2	2	1	0										8
1	RA94XO			0	1	1	2	2	1	1										8
1	RA95NE			1	1	2	2	2	1	1										10
1	RA95RO			1	1	1	1	1	0	0										5
1	RA95XO			0	1	2	1	0	0	0										4
1	RA96NE			0	0	1	0	1	0	0										2
1	RA96RO			0	1	2	0	1	0	0										4
1	RA96XO			1	0	2	1	0	0	0										4
1	RA98MI			0	1	3	0	0	1	1										6
1	RA98NE			0	1	1	1	1	1	0										5
1	RA98RO			1	1	1	2	1	1	0										7
1	RA98XO			0	0	1	2	1	1	1										6
1	Totales RA	0	0	14	19	44	31	21	17	8	0	0	0	0	0	0	0	0	0	154
1	RB45AN			1	1	0	0	0	0	0										2
1	RB45SN			1	0	1	1	0	1	1										5
1	Totales RB	0	0	2	1	1	1	0	1	1	0	0	0	0	0	0	0	0	0	7
1	RC30MA			0	1	1	1	2	0	1										6
1	RC30NE			0	1	2	3	1	1	0										8
1	RC30RO			0	0	1	1	2	0	0										4
1	RC35AZ			0	0	2	2	1	1	0										6
1	RC35NE			1	1	0	0	1	0	0										3
1	RC36NR			1	1	0	1	0	0	0										3
1	RC36RO			0	1	0	0	0	1	0										2
1	Totales RC	0	0	2	5	6	8	7	3	1	0	0	0	0	0	0	0	0	0	32
1	RD68NE			1	1	0	1	2	0	1										6
1	RD68XO			0	0	1	1	0	0	0										2
1	Totales RD	0	0	1	1	1	2	2	0	1	0	0	0	0	0	0	0	0	0	8
1	RG59MI			0	1	0	1	0	1	1										4
1	RG59NE			0	0	0	0	0	1	0										1
1	RG67NE			1	2	3	1	0	1	0										8
1	RG67XO			0	1	1	1	0	0	0										3
1	RG70AZ			0	1	1	1	0	1	0										4
1	RG70LU			1	1	2	2	1	0	1										8
1	RG88NE			0	1	2	1	2	0	1										7
1	RG88RO			0	1	1	1	1	0	0										4
1	Totales RG	0	0	2	8	10	8	4	4	3	0	0	0	0	0	0	0	0	0	39
1	RS00CR			0	0	1	1	0	1	0										3
1	RS06MB			0	1	1	0	0	2	0										4
1	RS06RN			0	0	0	0	0	0	2										2
1	RS0X*C			1	0	1	1	0	1	0										4
1	RS0XIA			1	1	1	0	1	1	1										6
1	RS0XRN			1	1	1	0	1	1	1										6
1	RS13RC			0	0	0	0	0	1	0										1
1	RS17MB			0	1	0	0	0	0	1										2
1	RS17RN			1	1	2	1	0	0	0										5
1	RS27RC			0	1	0	0	0	0	1										2
1	RS27RN			1	0	0	0	0	0	0										1
1	RS37M3			0	1	1	0	1	0	1										4
1	RS37N3			0	1	1	0	0	1	0										3
1	RS37R3			0	0	0	0	0	0	2										2
1	RS3BBG			0	0	1	0	0	0	0										1
1	RS3BG1			0	0	0	0	2	0	0										2
1	RS3BN1			1	0	1	3	0	0	1										6
1	RS3NRN			0	0	0	1	0	0	1										2
1	RS3WRN			0	0	1	0	1	0	0										2
1	RS48AS			0	1	0	0	2	0	0										3
1	RS48BR			1	2	0	2	0	1	2										8
1	RS48DO			0	1	1	0	1	0	1										4
1	RS48HR			0	1	0	0	0	1	0										2
1	RS48MB			0	1	1	1	0	0	1										4
1	RS48RN			0	0	2	1	1	1	1										6
1	RS49C1			1	0	2	1	0	0	0										4
1	RS4NML			0	1	2	2	1	1	1										8
1	RS4NRN			1	1	1	1	1	2	1										8
1	RS57RT			0	1	0	0	1	0	0										2
1	RS57SR			0	1	0	2	0	0	1										4
1	RS5BF5			0	0	0	0	0	1	1										2
1	RS5BM3			0	1	0	0	0	0	1										2
1	RS5BN1			1	0	0	1	1	1	0										4
1	RS61L1			1	0	1	0	1	0	0										3
1	RS61M1			0	0	0	0	1	0	0										1
1	RS61N1			0	1	2	0	0	1	0										4
1	RS64OX			1	1	2	1	1	1	1										8
1	RS64RN			0	0	2	2	2	1	0										7
1	RS64SR			2	1	1	1	2	1	0										8
1	RS72BR			0	0	0	0	1	0	0										1
1	RS72PL			1	1	1	2	0	1	0										6
1	RS72RN			1	0	2	1	1	1	0										6
1	RS87LA			1	0	2	1	1	0	1										6
1	RS87RN			0	1	1	1	1	1	1										6
1	RS9YMB			1	1	1	2	1	1	1										8
1	RS9YRN			0	1	2	1	1	0	0										5
1	RS9YSR			1	0	0	0	0	0	1										2
1	Totales RS	0	0	19	26	38	30	27	24	26	0	0	0	0	0	0	0	0	0	190
1	T52BRM			0	0	0	0	0	0	1										1
1	T52BRN			0	1	0	2	0	1	0										4
1	T551IA			1	0	0	0	0	0	1										2
1	T551RN			0	0	0	0	0	1	0										1
1	T589RC			2	0	0	1	0	0	1										4
1	Totales T5	0	0	3	1	0	3	0	2	3	0	0	0	0	0	0	0	0	0	12
1	UN2XLA			1	0	1	2	1	1	1										7
1	UN2XRN			1	1	3	1	2	1	1										10
1	UN3CPD			1	1	1	1	1	0	1										6
1	UN4BG2			1	1	2	1	1	1	1										8
1	UN4CDC			2	1	2	1	0	1	0										7
1	UN6DC2			0	1	3	3	0	0	1										8
1	UN6DN3			1	1	2	2	1	1	1										9
1	Totales UN	0	0	7	6	14	11	6	5	6	0	0	0	0	0	0	0	0	0	55
1	VT1BIA			0	1	0	0	0	0	0										1
1	VT1BML			0	0	0	0	0	0	1										1
1	VT1BRN			0	0	0	0	1	0	2										3
1	VT4ARM			1	1	2	2	0	1	1										8
1	VT4ARN			1	0	0	1	1	0	0										3
1	VT4ASR			1	1	1	0	0	0	0										3
1	VT66BS			1	0	0	0	1	1	1										4
1	VT66OX			0	0	1	0	0	1	1										3
1	VT6AIA			1	1	1	1	1	1	0										6
1	VT6ARN			1	1	1	0	2	1	1										7
1	VT7R05			0	0	0	0	0	0	1										1
1	VT7RG5			0	0	0	0	1	1	1										3
1	VT7RN3			1	0	1	1	0	1	1										5
1	VT8EMB			0	0	0	0	0	0	1										1
1	VT8EOX			1	0	1	1	1	1	1										6
1	VT8ERN			0	1	3	1	1	2	0										8
1	VT8ESR			0	1	2	1	0	1	1										6
1	VT94BR			1	1	2	0	0	1	1										6
1	VT94RC			1	1	2	2	1	1	1										9
1	VT94RN			1	1	2	1	3	1	0										9
1	VT97A1			0	0	0	0	0	0	1										1
1	VT97BG			0	1	1	0	0	0	0										2
1	Totales VT	0	0	11	11	20	11	13	14	16	0	0	0	0	0	0	0	0	0	96
1	WD8CRM			1	0	1	2	2	1	2										9
1	WD8CRN			2	1	3	2	1	1	0										10
1	Totales WD	0	0	3	1	4	4	3	2	2	0	0	0	0	0	0	0	0	0	19
1	X302BR			1	2	1	0	2	1	0										7
1	X302RB			0	1	2	0	1	0	1										5
1	X302RN			1	0	1	0	0	0	0										2
1	X32RB2			0	0	0	3	1	0	0										4
1	X32RCD			0	0	0	0	0	0	1										1
1	X32RR5			0	1	0	0	0	0	0										1
1	X32RT6			1	0	1	0	0	0	1										3
1	X332A5			0	0	0	0	1	1	0										2
1	X332AD			0	1	1	2	1	1	0										6
1	X332AZ			1	0	1	1	1	0	1										5
1	X332BG			0	0	0	1	1	0	0										2
1	X332MD			1	0	1	1	0	0	0										3
1	X332NG			0	0	1	1	0	0	0										2
1	X343CU			0	1	0	0	0	0	0										1
1	X343RN			0	2	2	1	1	0	1										7
1	X355CR			0	1	1	0	0	0	1										3
1	X355RN			1	1	0	1	0	1	1										5
1	X355SR			1	2	1	0	1	0	1										6
1	X355VM			1	0	0	0	1	0	0										2
1	X356RN			0	1	0	0	0	0	0										1
1	X36Y*F			0	0	0	1	1	1	1										4
1	X36YR1			1	1	1	0	0	1	1										5
1	X36YX1			0	0	1	1	1	0	0										3
1	X376A5			1	0	0	0	0	0	0										1
1	X376F5			0	0	1	0	0	1	0										2
1	X376N3			1	0	0	1	1	0	1										4
1	Totales X3	0	0	11	14	16	14	14	7	11	0	0	0	0	0	0	0	0	0	87
1	YK0PN1			0	0	0	0	1	0	0										1
1	Totales YK	0	0	0	0	0	0	1	0	0	0	0	0	0	0	0	0	0	0	1
1	Z150BG			1	0	2	2	1	0	1										7
1	Z150BR			1	1	2	0	1	0	0										5
1	Z151NE			1	0	2	1	1	0	0										5
1	Z151RO			1	1	1	1	1	1	1										7
1	Totales Z1	0	0	4	2	7	4	4	1	2	0	0	0	0	0	0	0	0	0	24
1	Z203NE			0	0	0	0	1	0	2										3
1	Z203XO			0	1	0	0	0	0	1										2
1	Z207RO			1	0	0	1	0	1	0										3
1	Z210MB			0	1	2	0	2	0	0										5
1	Z210NE			0	0	0	1	0	0	0										1
1	Z211MI			1	1	1	1	1	1	1										7
1	Z212NE			0	1	1	2	0	0	0										4
1	Totales Z2	0	0	2	4	4	5	4	2	4	0	0	0	0	0	0	0	0	0	25
1	Z451BR			1	1	1	1	0	0	1										5
1	Z451NE			1	0	0	0	0	0	0										1
1	Z452DO			0	1	0	1	0	1	0										3
1	Z452RO			1	2	1	0	0	0	0										4
1	Z453CF			1	1	2	0	0	0	1										5
1	Z454AZ			0	0	0	0	0	0	1										1
1	Z454MA			0	0	1	1	0	0	0										2
1	Z455CF			0	0	1	1	0	0	0										2
1	Z455NE			0	0	1	0	0	0	0										1
1	Z456MI			2	0	0	1	1	0	0										4
1	Z456NE			0	0	1	0	0	0	0										1
1	Totales Z4	0	0	6	5	8	5	1	1	3	0	0	0	0	0	0	0	0	0	29
1	Z590NE			1	1	0	0	0	2	0										4
1	Z591HF			0	1	0	0	0	1	0										2
1	Z592BR			1	0	0	0	1	0	1										3
1	Z592NE			1	1	1	1	0	0	0										4
1	Z593BG			1	1	1	2	0	1	1										7
1	Z593RO			1	1	2	0	1	1	0										6
1	Z594AZ			1	1	2	0	0	0	0										4
1	Z594NE			0	0	0	0	0	0	1										1
1	Z595AZ			1	1	2	1	1	1	1										8
1	Z595CF			1	1	2	2	1	1	1										9
1	Totales Z5	0	0	8	8	10	6	4	7	5	0	0	0	0	0	0	0	0	0	48
1	Z703DO			0	1	0	1	1	0	1										4
1	Z704DO			1	1	1	2	0	1	0										6
1	Z704NE			0	0	0	0	1	0	0										1
1	Z705BR			0	1	1	1	0	0	0										3
1	Z706NE			0	1	0	1	1	0	0										3
1	Z706RO			1	1	0	2	0	1	0										5
1	Z707MA			1	0	2	0	0	0	0										3
1	Z707NE			0	0	2	0	0	0	0										2
1	Z708BG			1	0	2	2	0	0	1										6
1	Z708RO			1	1	2	2	1	1	0										8
1	Z709DO			1	1	1	2	2	1	1										9
1	Z709NE			1	1	1	2	1	1	1										8
1	Totales Z7	0	0	7	8	12	15	7	5	4	0	0	0	0	0	0	0	0	0	58
1	ZA13BR			1	1	2	2	2	0	0										8
1	ZA14NE			1	0	0	0	0	0	0										1
1	ZA14TA			0	0	2	0	0	0	0										2
1	ZA16NE			0	1	0	0	1	0	0										2
1	ZA19BR			0	2	1	1	1	0	1										6
1	ZA19RO			0	0	1	0	0	0	0										1
1	ZA26NE			0	0	1	2	1	1	0										5
1	ZA26WI			0	1	1	1	1	3	0										7
1	ZA28AZ			1	1	2	1	2	1	0										8
1	ZA28OX			0	1	3	1	1	1	0										7
1	ZA29RO			0	0	1	0	0	0	0										1
1	ZA30B*			1	2	1	2	1	1	1										9
1	ZA31BG			0	1	2	1	0	0	0										4
1	ZA31CF			0	0	0	2	2	1	1										6
1	ZA33AZ			0	1	1	2	1	1	0										6
1	ZA33BR			0	1	3	2	1	0	0										7
1	ZA78WI			0	0	0	0	0	1	0										1
1	Totales ZA	0	0	4	12	21	17	14	10	3	0	0	0	0	0	0	0	0	0	81
1	ZCD1B*			0	1	2	0	0	1	0										4
1	ZCD1NE			1	0	2	0	0	0	0										3
1	ZCD2BR			1	1	0	0	0	1	1										4
1	ZCD2NE			0	0	1	0	0	0	0										1
1	ZCD3AZ			1	0	1	0	0	0	0										2
1	ZCD3BR			1	1	2	1	0	1	1										7
1	ZCD3VI			0	1	2	2	0	0	1										6
1	ZCD3XO			1	0	2	0	0	0	0										3
1	ZCD4BR			1	1	1	2	1	1	1										8
1	ZCD4MB			1	1	1	1	1	1	1										7
1	ZCD5NE			1	1	2	2	0	0	0										6
1	ZCD5XO			1	1	2	1	1	1	1										8
1	Totales ZC	0	0	9	8	18	9	3	6	6	0	0	0	0	0	0	0	0	0	59
1	ZD32NE			0	0	0	0	0	1	0										1
1	ZD32RO			0	1	1	0	1	0	1										4
1	ZD36MB			0	0	1	2	1	1	0										5
1	ZD36NE			1	0	1	0	0	0	0										2
1	ZD37BR			1	0	2	2	0	2	1										8
1	ZD37NE			0	0	0	2	0	0	0										2
1	ZD38NE			0	1	1	0	0	0	0										2
1	ZD38RO			0	0	1	1	0	1	0										3
1	ZD39MB			1	1	3	2	1	1	0										9
1	ZD39NE			0	0	2	0	1	1	0										4
1	ZD40AZ			1	0	1	0	0	1	0										3
1	ZD40MA			0	1	2	2	1	1	1										8
1	ZD41CR			0	1	2	0	0	0	0										3
1	ZD41DO			0	1	2	1	1	0	0										5
1	Totales ZD	0	0	4	6	19	12	6	9	3	0	0	0	0	0	0	0	0	0	59
1	ZF26BR			0	0	3	2	1	1	0										7
1	ZF26C*			0	0	1	1	0	0	0										2
1	ZF27MO			1	0	0	1	0	0	0										2
1	ZF34NE			1	1	0	1	1	1	1										6
1	ZF34XO			0	0	2	2	0	0	0										4
1	ZF35BR			0	0	1	2	1	1	0										5
1	ZF38B*			0	0	0	1	0	0	1										2
1	ZF39AZ			1	1	0	2	1	0	0										5
1	ZF39RO			1	1	2	1	1	1	0										7
1	ZF46HF			0	1	1	2	1	0	0										5
1	ZF46RO			0	1	0	0	1	1	0										3
1	ZF48BG			1	1	0	2	1	1	0										6
1	ZF49BR			0	1	3	2	2	1	0										9
1	ZF50C*			1	1	1	1	1	1	0										6
1	ZF50NE			0	1	2	1	1	1	0										6
1	ZF51OR			0	0	1	0	0	0	0										1
1	ZF72NE			1	1	1	2	0	1	0										6
1	ZF72RO			0	1	2	2	2	1	0										8
1	Totales ZF	0	0	7	11	20	25	14	11	2	0	0	0	0	0	0	0	0	0	90
1	ZG23AZ			0	2	0	0	0	0	0										2
1	ZG23BG			2	2	0	0	0	0	1										5
1	ZG23NE			1	1	1	1	2	0	1										7
1	ZG24MB			1	1	0	0	1	1	0										4
1	ZG24NE			1	1	0	1	1	0	0										4
1	ZG24SR			0	1	0	0	1	0	0										2
1	ZG25NE			0	0	0	0	2	0	0										2
1	ZG25OX			0	0	0	1	0	1	0										2
1	ZG26NE			0	1	0	0	1	0	0										2
1	ZG26VI			0	1	0	1	1	0	0										3
1	Totales ZG	0	0	5	10	1	4	9	2	2	0	0	0	0	0	0	0	0	0	33
1	ZH80LU			0	1	0	0	1	0	0										2
1	ZH80NE			1	1	0	2	0	1	1										6
1	ZH81RO			1	1	1	2	0	1	1										7
1	ZH83BR			1	1	1	0	0	1	0										4
1	ZH84MA			0	1	2	2	0	0	1										6
1	ZH84NE			1	1	2	2	1	0	1										8
1	ZH85DO			0	1	2	1	0	1	1										6
1	Totales ZH	0	0	4	7	8	9	2	4	5	0	0	0	0	0	0	0	0	0	39
1	ZJ01HR			0	1	1	0	0	0	0										2
1	ZJ01MB			1	2	2	1	0	1	0										7
1	ZJ01RN			0	1	2	3	2	0	1										9
1	ZJ02HR			0	0	1	0	0	0	0										1
1	ZJ02RN			1	0	0	0	0	0	0										1
1	ZJ07MB			0	0	2	1	0	0	0										3
1	ZJ08RN			0	0	1	1	2	0	0										4
1	ZJ09CF			1	1	2	2	1	1	0										8
1	ZJ09RN			0	1	2	2	1	1	0										7
1	ZJ13CF			1	0	0	1	0	1	0										3
1	ZJ13RN			0	0	0	2	0	1	1										4
1	ZJ15MI			0	1	1	0	0	0	1										3
1	ZJ15NE			0	1	2	2	1	1	1										8
1	ZJ17MB			0	1	0	0	0	1	0										2
1	ZJ18AZ			0	0	1	1	0	0	0										2
1	ZJ18CF			0	0	1	1	0	0	0										2
1	ZJ21BR			0	1	1	0	0	0	0										2
1	ZJ30FS			1	0	0	0	0	0	0										1
1	ZJ31AZ			1	0	0	0	0	0	0										1
1	ZJ32BR			0	0	0	0	1	0	0										1
1	ZJ32DO			0	1	0	1	0	0	0										2
1	ZJ33HR			0	0	0	1	1	0	0										2
1	ZJ33VE			0	1	2	0	1	1	1										6
1	ZJ34CR			0	1	0	1	0	1	1										4
1	ZJ34NE			0	1	2	0	0	1	1										5
1	ZJ34RO			0	0	0	0	1	0	1										2
1	ZJ35AZ			0	1	2	1	0	0	0										4
1	ZJ35MI			0	1	2	1	1	1	1										7
1	ZJ40BG			0	1	1	1	1	1	0										5
1	ZJ40BR			0	0	1	0	1	0	0										2
1	ZJ41DO			0	0	1	0	0	1	0										2
1	ZJ41NE			0	0	2	0	1	1	1										5
1	ZJ42CF			0	1	1	0	0	1	1										4
1	ZJ42RN			1	0	0	1	0	1	1										4
1	ZJ50BR			0	0	0	2	1	0	0										3
1	ZJ50PL			0	1	2	2	0	1	0										6
1	Totales ZJ	0	0	7	19	35	28	16	17	12	0	0	0	0	0	0	0	0	0	134
1	ZM56BR			0	0	0	1	1	1	0										3
1	ZM57NE			0	1	2	1	1	0	1										6
1	ZM57RO			1	0	1	1	1	0	1										5
1	Totales ZM	0	0	1	1	3	3	3	1	2	0	0	0	0	0	0	0	0	0	14
1	ZO16IA			0	1	0	0	0	0	0										1
1	ZO16MI			0	0	0	1	0	0	0										1
1	ZO16RN			1	0	0	0	0	0	0										1
1	ZO16RO			1	2	0	0	0	0	0										3
1	Totales ZO	0	0	2	3	0	1	0	0	0	0	0	0	0	0	0	0	0	0	6
1	ZP20BG			0	1	0	1	0	1	0										3
1	ZP20NE			0	0	0	0	0	0	1										1
1	ZP20RO			1	1	2	2	1	1	1										9
1	ZP21AZ			1	1	2	2	1	1	1										9
1	ZP21MI			0	0	2	2	1	1	1										7
1	Totales ZP	0	0	2	3	6	7	3	4	4	0	0	0	0	0	0	0	0	0	29
1	ZQ06C*			1	1	0	0	0	1	0										3
1	ZQ09NE			0	0	0	1	0	0	0										1
1	ZQ10AZ			0	1	0	0	0	0	0										1
1	ZQ20RO			0	0	1	0	1	0	0										2
1	ZQ24DO			1	1	2	2	1	1	1										9
1	ZQ24RO			1	0	1	2	1	1	1										7
1	ZQ30BR			0	0	1	0	0	0	0										1
1	ZQ31C*			0	0	0	0	1	0	0										1
1	ZQ34RO			0	1	1	2	1	1	0										6
1	ZQ35CF			0	1	0	0	2	0	0										3
1	ZQ36DO			0	1	1	0	0	0	0										2
1	ZQ37RS			0	1	0	0	0	0	0										1
1	ZQ37VE			1	1	1	1	0	0	0										4
1	ZQ40NE			0	1	0	0	1	1	0										3
1	ZQ41CF			0	1	2	1	2	1	1										8
1	Totales ZQ	0	0	4	10	10	9	10	6	3	0	0	0	0	0	0	0	0	0	52
1	ZU08NE			0	1	0	0	0	0	0										1
1	ZU08RO			0	1	3	1	1	0	0										6
1	ZU09AZ			0	0	0	1	1	0	1										3
1	ZU09DO			0	0	1	2	1	1	0										5
1	ZU14NE			0	1	2	2	0	1	0										6
1	ZU14TA			0	0	1	2	0	1	0										4
1	ZU15BR			0	1	1	3	1	0	0										6
1	ZU15MI			0	0	1	1	1	0	0										3
1	Totales ZU	0	0	0	4	9	12	5	3	1	0	0	0	0	0	0	0	0	0	34
1	ZV52XM			0	0	3	0	0	0	1										4
1	ZV54BG			0	0	0	2	0	0	1										3
1	ZV56BG			0	0	0	1	0	0	0										1
1	ZV57LU			0	1	1	0	1	2	1										6
1	ZV58CF			0	1	1	1	0	1	0										4
1	ZV58NR			0	1	1	2	0	1	0										5
1	ZV60LU			0	1	1	0	0	1	0										3
1	ZV60RO			0	1	1	1	0	0	0										3
1	ZV61BR			0	1	2	1	1	0	0										5
1	ZV61NE			0	1	2	2	1	1	0										7
1	ZV62AZ			0	1	2	2	1	1	0										7
1	ZV62DO			0	0	2	1	0	0	0										3
1	ZV63BR			0	0	2	2	2	1	1										8
1	ZV63RO			0	1	3	3	2	1	1										11
1	Totales ZV	0	0	0	9	21	18	8	9	5	0	0	0	0	0	0	0	0	0	70
1	ZWP1AZ			1	1	3	0	0	0	1										6
1	ZWP1MA			0	2	4	0	3	0	0										9
1	ZWP1NE			1	2	2	1	1	0	0										7
1	ZWP1NR			0	0	0	0	1	1	0										2
1	ZWP1RO			1	1	4	2	1	0	0										9
1	ZWP1VI			1	0	1	1	1	1	0										5
1	ZWP2BG			1	2	4	5	3	1	1										17
1	ZWP2GR			1	1	2	3	2	1	1										11
1	ZWP2MA			0	2	4	4	3	1	2										16
1	ZWP2NE			1	2	4	4	3	0	1										15
1	ZWP2RO			0	0	1	0	1	1	0										3
1	Totales ZW	0	0	7	13	29	20	19	6	6	0	0	0	0	0	0	0	0	0	100
1	ZX35NE			1	0	2	2	0	1	0										6
1	ZX35XO			0	0	1	1	0	0	1										3
1	ZX36NE			0	0	1	0	0	0	0										1
1	ZX36UV			0	0	1	1	1	0	1										4
1	ZX38BR			1	1	1	1	1	0	0										5
1	ZX38NE			0	0	1	0	0	0	1										2
1	Totales ZX	0	0	2	1	7	5	2	1	3	0	0	0	0	0	0	0	0	0	21
1	ZY80NE			0	1	2	2	0	1	1										7
1	ZY80RO			1	1	1	2	0	1	1										7
1	ZY81NE			0	1	2	2	1	1	0										7
1	ZY82BG			0	0	2	1	0	0	0										3
1	ZY82MA			1	1	2	2	0	1	1										8
1	Totales ZY	0	0	2	4	9	9	1	4	3	0	0	0	0	0	0	0	0	0	32
1	CREMA**	29																		29
1	CREMAMB	3																		3
1	CREMARO	1																		1
1	CREMAUV	3																		3
1	CREMAXO	2																		2
1	Totales CR	38	0	0	0	0	0	0	0	0	0	0	0	0	0	0	0	0	0	38
1	O303NE	1																		1
1	O321HF	2																		2
1	O321NE	2																		2
1	O322CF	1																		1
1	O322NE	1																		1
1	O323HF	2																		2
1	O323NE	3																		3
1	O350NE	1																		1
1	O3B1RO	2																		2
1	O3B2AZ	1																		1
1	O3B3MI	1																		1
1	O3C1MI	1																		1
1	O3C1RO	1																		1
1	O3C3NE	1																		1
1	O3C3VE	1																		1
1	O3M1MI	2																		2
1	O3M1NE	1																		1
1	O3M1RO	2																		2
1	O3M3NE	1																		1
1	O3M3VE	1																		1
1	Totales O3	28	0	0	0	0	0	0	0	0	0	0	0	0	0	0	0	0	0	28
1	OC05CF	1																		1
1	OC09BR	2																		2
1	OC09NE	2																		2
1	OC17NE	2																		2
1	OC50MB	1																		1
1	OC63BR	2																		2
1	OC68MI	2																		2
1	OC76DO	2																		2
1	OC76NE	2																		2
1	OC97NE	1																		1
1	OC97RO	1																		1
1	Totales OC	18	0	0	0	0	0	0	0	0	0	0	0	0	0	0	0	0	0	18
1	OD30NE	2																		2
1	OD31BG	1																		1
1	OD31NE	1																		1
1	Totales OD	4	0	0	0	0	0	0	0	0	0	0	0	0	0	0	0	0	0	4
1	OE20HF	1																		1
1	OE22HF	3																		3
1	OE22NE	3																		3
1	OE23NE	3																		3
1	OE23WB	3																		3
1	OEB2R2	2																		2
1	OEB3R2	1																		1
1	OEL1NR	2																		2
1	OEL1R1	1																		1
1	OEL1RO	1																		1
1	OEM1RO	1																		1
1	OET1NE	4																		4
1	OET1TA	4																		4
1	OET2NE	3																		3
1	OET2WB	3																		3
1	Totales OE	35	0	0	0	0	0	0	0	0	0	0	0	0	0	0	0	0	0	35
1	OF14NE	1																		1
1	OF17AS	2																		2
1	OF17AZ	2																		2
1	OF17RO	1																		1
1	OF18BR	2																		2
1	OF18RO	2																		2
1	OF19BR	1																		1
1	OF19RO	1																		1
1	OFC1AZ	2																		2
1	OFC2BR	3																		3
1	OFC2RO	3																		3
1	OFL1AS	2																		2
1	OFL1AZ	1																		1
1	OFL2BR	3																		3
1	OFL2RO	3																		3
1	OFM2BR	1																		1
1	OFM2RO	3																		3
1	OFT2BR	1																		1
1	OFT2RO	2																		2
1	Totales OF	36	0	0	0	0	0	0	0	0	0	0	0	0	0	0	0	0	0	36
1	OG01DO	2																		2
1	OG01NE	1																		1
1	OG02CF	1																		1
1	OG02NE	2																		2
1	OG12HF	1																		1
1	OG12NE	1																		1
1	Totales OG	8	0	0	0	0	0	0	0	0	0	0	0	0	0	0	0	0	0	8
1	OHB1UV	1																		1
1	OHL1UV	2																		2
1	OHM1UV	2																		2
1	Totales OH	5	0	0	0	0	0	0	0	0	0	0	0	0	0	0	0	0	0	5
1	OK1BNE	1																		1
1	OK1TCN	1																		1
1	OK1TNE	1																		1
1	OK2TCF	2																		2
1	OK2TNE	2																		2
1	OK35NE	1																		1
1	OK35OR	1																		1
1	OK80CF	1																		1
1	OK80NE	1																		1
1	OK81CF	1																		1
1	OK81NE	2																		2
1	OKB2CF	2																		2
1	OKB2NE	2																		2
1	OKB3RO	2																		2
1	OKB3XO	2																		2
1	OKC1RS	1																		1
1	OKC2VE	1																		1
1	OKC2XO	1																		1
1	OKL2XO	2																		2
1	OKL4NR	1																		1
1	OKP2RO	1																		1
1	OKP2VE	1																		1
1	OKP2XO	1																		1
1	OKT1AL	1																		1
1	OKT2RO	1																		1
1	OKT2XO	1																		1
1	Totales OK	34	0	0	0	0	0	0	0	0	0	0	0	0	0	0	0	0	0	34
1	OL27HF	1																		1
1	OL45CF	1																		1
1	OL65CN	2																		2
1	OL65NE	1																		1
1	Totales OL	5	0	0	0	0	0	0	0	0	0	0	0	0	0	0	0	0	0	5
1	OM30AZ	1																		1
1	OM30HF	1																		1
1	OM30NE	1																		1
1	OM36NE	1																		1
1	OM37RO	1																		1
1	Totales OM	5	0	0	0	0	0	0	0	0	0	0	0	0	0	0	0	0	0	5
1	ON28NE	1																		1
1	ON34CF	1																		1
1	ON46MB	1																		1
1	ON64NE	1																		1
1	Totales ON	4	0	0	0	0	0	0	0	0	0	0	0	0	0	0	0	0	0	4
1	OP56NE	1																		1
1	OP57NE	1																		1
1	OP58CF	1																		1
1	OP59MB	1																		1
1	OP60NE	1																		1
1	OP60RO	1																		1
1	Totales OP	6	0	0	0	0	0	0	0	0	0	0	0	0	0	0	0	0	0	6
1	OQ57R*	3																		3
1	OQ57RO	2																		2
1	OQ58R*	1																		1
1	OQ58RO	2																		2
1	OQ59AZ	1																		1
1	OQ59NE	1																		1
1	OQ67CF	1																		1
1	OQ68RO	1																		1
1	OQB1CF	1																		1
1	OQC1R*	4																		4
1	OQC1RO	1																		1
1	OQC2R*	2																		2
1	OQC2RO	1																		1
1	OQL1R*	3																		3
1	OQL1RO	2																		2
1	OQT1R*	4																		4
1	OQT1RO	2																		2
1	Totales OQ	32	0	0	0	0	0	0	0	0	0	0	0	0	0	0	0	0	0	32
1	OS51MI	1																		1
1	Totales OS	1	0	0	0	0	0	0	0	0	0	0	0	0	0	0	0	0	0	1
1	OT21CF	2																		2
1	OT21NE	1																		1
1	OT24CF	2																		2
1	OT25MI	2																		2
1	OT26NE	2																		2
1	OT39NE	1																		1
1	OT40BG	1																		1
1	OT44AZ	1																		1
1	OT44RS	1																		1
1	OT51CF	2																		2
1	OT51RO	2																		2
1	OT52CF	2																		2
1	OT52RO	1																		1
1	OT54CQ	2																		2
1	OT54PL	2																		2
1	OT56CQ	2																		2
1	OT56PL	2																		2
1	OT57AZ	1																		1
1	OT57FS	1																		1
1	OT57M*	1																		1
1	OT57MB	1																		1
1	OT58AZ	1																		1
1	OT58FS	1																		1
1	OT58M*	1																		1
1	OT63RO	1																		1
1	OT65AS	1																		1
1	OT65HF	2																		2
1	OT66AS	1																		1
1	OT66HF	1																		1
1	OT68D*	2																		2
1	OT69D*	2																		2
1	OTC*CQ	2																		2
1	OTC*PL	2																		2
1	OTC4CF	2																		2
1	OTC4RO	3																		3
1	OTC7NE	1																		1
1	OTC8HF	2																		2
1	OTL1CQ	2																		2
1	OTL1PL	2																		2
1	OTL1RO	2																		2
1	OTL8AS	1																		1
1	OTL9D*	1																		1
1	OTM*CF	3																		3
1	OTM*RO	1																		1
1	OTM1CQ	3																		3
1	OTM1PL	2																		2
1	OTP2MB	3																		3
1	OTP2NE	2																		2
1	OTP4MB	1																		1
1	OTP4NE	2																		2
1	OTP5NE	1																		1
1	OTP6CF	1																		1
1	OTP6CQ	2																		2
1	OTP6RO	1																		1
1	OTP7NE	1																		1
1	OTP7RO	1																		1
1	OTP8**	1																		1
1	OTT1FS	1																		1
1	OTT6CF	2																		2
1	OTT6CQ	2																		2
1	OTT6PL	1																		1
1	OTT6RO	2																		2
1	OTT7NE	1																		1
1	OTT9D*	2																		2
1	Totales OT	101	0	0	0	0	0	0	0	0	0	0	0	0	0	0	0	0	0	101
1	OU21BG	1																		1
1	OU22CF	2																		2
1	OU22NE	1																		1
1	OU23CF	1																		1
1	OU23NE	1																		1
1	OU24RO	2																		2
1	OU55CF	1																		1
1	OU55NE	1																		1
1	Totales OU	10	0	0	0	0	0	0	0	0	0	0	0	0	0	0	0	0	0	10
1	OV03CF	1																		1
1	OV10AS	1																		1
1	OVB4NE	1																		1
1	OVB7MB	1																		1
1	OVB8MB	2																		2
1	OVB8NE	2																		2
1	OVB9MB	1																		1
1	OVB9NE	1																		1
1	OVC6BG	2																		2
1	OVM5AS	3																		3
1	OVM5RO	1																		1
1	OVM6BG	2																		2
1	Totales OV	18	0	0	0	0	0	0	0	0	0	0	0	0	0	0	0	0	0	18
1	OW28**	9																		9
1	OW29**	1																		1
1	OW96**	3																		3
1	OWES**	7																		7
1	Totales OW	20	0	0	0	0	0	0	0	0	0	0	0	0	0	0	0	0	0	20
1	OX10NE	1																		1
1	OX10RO	1																		1
1	OX11NE	2																		2
1	OX12AZ	2																		2
1	OX12HF	1																		1
1	OX13DO	1																		1
1	OX13NE	1																		1
1	OX24NE	2																		2
1	Totales OX	11	0	0	0	0	0	0	0	0	0	0	0	0	0	0	0	0	0	11
1	OY19RO	1																		1
1	OY97MI	1																		1
1	OY97NE	1																		1
1	OY98BG	2																		2
1	OYB1CF	1																		1
1	Totales OY	6	0	0	0	0	0	0	0	0	0	0	0	0	0	0	0	0	0	6
1	OZC3NE	1																		1
1	OZP5RO	2																		2
1	OZP5TA	1																		1
1	Totales OZ	4	0	0	0	0	0	0	0	0	0	0	0	0	0	0	0	0	0	4
1	TARJETA	178																		178
1	Totales TA	178	0	0	0	0	0	0	0	0	0	0	0	0	0	0	0	0	0	178
1	ZI59AZ	1																		1
1	Totales ZI	1	0	0	0	0	0	0	0	0	0	0	0	0	0	0	0	0	0	1
1	ZS89AZ	1																		1
1	ZS95MI	2																		2
1	ZS95NE	2																		2
1	ZS96NE	1																		1
1	ZS96RO	1																		1
1	Totales ZS	7	0	0	0	0	0	0	0	0	0	0	0	0	0	0	0	0	0	7
1	ZT16MA	2																		2
1	ZT17BG	1																		1
1	ZT17BR	1																		1
1	ZT55BR	1																		1
1	ZT59NE	1																		1
1	ZT98NE	1																		1
1	Totales ZT	7	0	0	0	0	0	0	0	0	0	0	0	0	0	0	0	0	0	7
1	O401TA		0	0		0		0		1		0								1
1	O402MI		0	0		0		0		2		0								2
1	O403LU		0	0		1		0		1		0								2
1	O404MI		0	0		0		0		1		0								1
1	O405CQ		0	0		3		0		1		0								4
1	O407BR		0	0		3		0		2		0								5
1	O407WI		0	0		3		0		3		0								6
1	O408NE		0	0		3		0		3		0								6
1	O408XO		0	0		3		0		3		0								6
1	O409CF		0	0		3		0		3		0								6
1	Totales O4	0	0	0	0	19	0	0	0	20	0	0	0	0	0	0	0	0	0	39
1	OH80MI		0	0		3		0		3		0								6
1	OH80NE		0	0		3		0		3		0								6
1	Totales OH	0	0	0	0	6	0	0	0	6	0	0	0	0	0	0	0	0	0	12
1	OQ06NE		0	0		0		0		0		1								1
1	OQ09CF		0	0		0		0		1		0								1
1	Totales OQ	0	0	0	0	0	0	0	0	1	0	1	0	0	0	0	0	0	0	2
1	OUC1HF		0	1		0		1		1		0								3
1	OUC1NE		0	1		0		1		0		0								2
1	OUC2MI		0	1		0		0		0		0								1
1	OUC2TA		1	1		0		1		0		0								3
1	OUC3HF		0	0		1		1		0		1								3
1	OUC4HF		0	0		3		2		0		1								6
1	Totales OU	0	1	4	0	4	0	6	0	1	0	2	0	0	0	0	0	0	0	18
1	O202MI														0	2	0	0		2
1	O202NE														0	1	0	0		1
1	O202RO														0	0	1	0		1
1	O204GR														0	2	0	0		2
1	O205GR														0	0	1	0		1
1	O208DO														0	1	0	0		1
1	O208GR														1	0	0	0		1
1	Totales O2	0	0	0	0	0	0	0	0	0	0	0	0	0	1	6	2	0	0	9
1	O421A*														1	2	0	0		3
1	O421C*														2	2	0	0		4
1	O421N*														2	2	0	0		4
1	O421R*														2	2	0	0		4
1	O422A*														1	2	0	0		3
1	O422C*														2	2	0	0		4
1	O422N*														1	2	0	0		3
1	O422R*														1	2	0	0		3
1	O451AZ														0	1	0	0		1
1	O451TA														0	1	0	0		1
1	O452CF														1	1	0	0		2
1	O452NE														2	0	0	0		2
1	Totales O4	0	0	0	0	0	0	0	0	0	0	0	0	0	15	19	0	0	0	34
1	OA10BL														0	0	1	0		1
1	OA19NE														0	0	0	1		1
1	OA28MI														0	1	0	0		1
1	OA30BR														0	0	1	0		1
1	OA32VE														1	1	0	1		3
1	OA58HF														0	0	0	1		1
1	OA61AS														1	0	1	0		2
1	OA61AZ														0	1	0	0		1
1	OA62BG														1	1	1	0		3
1	OA62NE														0	0	1	0		1
1	Totales OA	0	0	0	0	0	0	0	0	0	0	0	0	0	3	4	5	3	0	15
1	OD05NE														0	1	0	0		1
1	OD06CF														0	1	1	1		3
1	OD08HF														0	1	0	0		1
1	Totales OD	0	0	0	0	0	0	0	0	0	0	0	0	0	0	3	1	1	0	5
1	OH51TA														3	1	0	0		4
1	OH51XO														2	1	0	0		3
1	OH52AZ														2	1	0	0		3
1	OH52RO														1	2	0	0		3
1	Totales OH	0	0	0	0	0	0	0	0	0	0	0	0	0	8	5	0	0	0	13
1	OQ05HF														1	0	0	0		1
1	Totales OQ	0	0	0	0	0	0	0	0	0	0	0	0	0	1	0	0	0	0	1
1	Total	622	1	244	357	587	528	389	413	402	83	80	49	0	28	37	8	4	0	3832
32	0D18JL					0	0	0	3	3	1	1	1	0					0	9
32	0D58RC					0	0	2	2	2	1	0	1	0					0	8
32	0D70EB					0	1	1	2	2	1	0	0	0					0	7
32	0D70N8					0	0	1	2	2	1	0	0	0					0	6
32	Totales 0D	0	0	0	0	0	1	4	9	9	4	1	2	0	0	0	0	0	0	30
32	3B15TN					0	0	0	1	0	0	0	0	0					0	1
32	3B15XJ					0	0	0	1	2	0	0	0	0					0	3
32	3B15XN					0	0	0	2	2	0	0	0	0					0	4
32	3B26TL					0	0	1	2	0	1	1	0	0					0	5
32	3B26TN					0	1	1	1	2	0	1	0	0					0	6
32	3B28TJ					0	0	1	2	2	3	1	0	0					0	9
32	3B28TN					0	0	0	2	2	0	0	0	0					0	4
32	3B95XC					0	0	0	1	0	1	0	0	0					0	2
32	3B95XN					0	0	1	2	2	0	0	0	0					0	5
32	Totales 3B	0	0	0	0	0	1	4	14	12	5	3	0	0	0	0	0	0	0	39
32	4H62XC					0	0	1	2	2	1	0	0	0					0	6
32	4H62XN					0	0	1	1	2	1	0	0	0					0	5
32	4H65XC					0	0	0	2	0	1	0	1	0					0	4
32	4H65XN					0	0	1	1	0	0	1	0	0					0	3
32	4H66XJ					0	0	1	1	2	0	0	0	0					0	4
32	4H72XN					0	0	0	2	2	1	0	0	0					0	5
32	4H77XN					0	0	0	2	4	1	1	1	0					0	9
32	4H96XN					0	0	1	2	0	1	1	1	0					0	6
32	4H97IA					0	0	1	2	2	1	0	0	0					0	6
32	4H97XN					0	0	2	4	2	1	1	0	0					0	10
32	4H98XJ					0	0	0	2	2	1	0	0	0					0	5
32	Totales 4H	0	0	0	0	0	0	8	21	18	9	4	3	0	0	0	0	0	0	63
32	6F03TJ					0	0	0	0	0	1	1	0	0					0	2
32	6F03TM					0	0	1	2	2	1	0	0	0					0	6
32	6F24TJ					0	0	1	1	1	1	1	0	0					0	5
32	6F24TN					0	0	1	1	2	1	1	0	0					0	6
32	6F34TJ					0	1	1	2	1	0	0	0	0					0	5
32	6F34TN					0	1	0	2	1	1	1	0	0					0	6
32	6F39TJ					0	0	0	1	1	0	0	0	0					0	2
32	6F39TN					0	1	1	1	2	1	1	0	0					0	7
32	6F50TJ					0	0	0	2	2	0	0	0	0					0	4
32	6F50TN					0	0	0	2	2	1	0	0	0					0	5
32	6F67TL					0	0	1	2	2	1	1	0	0					0	7
32	6F67TN					0	0	1	2	2	2	0	0	0					0	7
32	Totales 6F	0	0	0	0	0	3	7	18	18	10	6	0	0	0	0	0	0	0	62
32	BH40XC					0	0	1	0	0	0	0	0	0					0	1
32	BH74IA					0	0	1	2	2	0	0	1	0					0	6
32	BH74XC					0	0	0	0	1	0	0	0	0					0	1
32	BH74XN					0	0	0	2	2	0	0	0	0					0	4
32	Totales BH	0	0	0	0	0	0	2	4	5	0	0	1	0	0	0	0	0	0	12
32	M411ZC					0	0	0	1	1	1	0	0	0					0	3
32	M412J7					0	0	1	2	2	1	0	0	0					0	6
32	Totales M4	0	0	0	0	0	0	1	3	3	2	0	0	0	0	0	0	0	0	9
32	OU70NE					0	0	0	0	2	2	0	0	0					0	4
32	OU71NE					0	0	1	1	2	2	1	0	0					0	7
32	OU72AZ					0	0	1	1	2	0	1	1	0					0	6
32	OU72TA					0	0	1	1	1	2	0	0	0					0	5
32	Totales OU	0	0	0	0	0	0	3	3	7	6	2	1	0	0	0	0	0	0	22
32	R606XO					0	0	1	1	1	1	1	0	0					0	5
32	R622OR					0	0	1	1	0	1	1	0	0					0	4
32	R638XM					0	1	0	1	2	0	1	0	0					0	5
32	R638XO					0	0	1	2	2	1	1	0	0					0	7
32	Totales R6	0	0	0	0	0	1	3	5	5	3	4	0	0	0	0	0	0	0	21
32	R765XN					0	0	0	0	1	0	1	0	0					0	2
32	R765XO					0	0	1	1	1	0	1	0	0					0	4
32	R766XN					0	0	0	1	1	0	0	0	0					0	2
32	R766XO					0	1	1	1	0	1	0	1	0					0	5
32	R767XM					0	0	1	0	1	1	0	0	0					0	3
32	R767XO					0	0	1	1	0	0	1	0	0					0	3
32	Totales R7	0	0	0	0	0	1	4	4	4	2	3	1	0	0	0	0	0	0	19
32	Z351XM					0	1	1	2	2	1	1	1	0					0	9
32	Z351XN					0	0	1	2	2	1	0	1	0					0	7
32	Z352XC					0	1	1	2	2	1	1	1	0					0	9
32	Z352XN					0	0	1	2	0	1	1	1	0					0	6
32	Z353XC					0	0	0	3	2	1	1	1	0					0	8
32	Z354XM					0	1	1	2	2	1	0	1	0					0	8
32	Z354XN					0	0	1	0	2	1	0	1	0					0	5
32	Z355XC					0	1	1	2	1	0	1	0	0					0	6
32	Z355XN					0	0	1	2	1	0	0	1	0					0	5
32	Z356XC					0	0	0	2	2	0	0	0	0					0	4
32	Z356XN					0	0	1	2	1	1	0	1	0					0	6
32	Z357XM					0	0	1	1	2	0	1	1	0					0	6
32	Z357XN					0	0	1	2	1	0	0	1	0					0	5
32	Totales Z3	0	0	0	0	0	4	11	24	20	8	6	11	0	0	0	0	0	0	84
32	ZN82NE					0	0	1	0	1	1	0	0	0					0	3
32	ZN82UV					0	0	0	1	1	0	0	0	0					0	2
32	ZN85NE					0	0	0	1	0	0	1	0	0					0	2
32	Totales ZN	0	0	0	0	0	0	1	2	2	1	1	0	0	0	0	0	0	0	7
32	ZO71XM					0	0	1	2	2	1	1	0	0					0	7
32	ZO72MB					0	0	0	0	0	0	1	0	0					0	1
32	ZO72XN					0	0	1	1	1	1	0	0	0					0	4
32	ZO72XO					0	0	0	1	1	3	0	0	0					0	5
32	ZO74XM					0	0	1	2	2	1	1	0	0					0	7
32	ZO74XN					0	0	1	1	2	1	1	0	0					0	6
32	Totales ZO	0	0	0	0	0	0	4	7	8	7	4	0	0	0	0	0	0	0	30
32	ZR51MA					0	0	1	0	1	1	0	1	0					0	4
32	ZR52GR					0	0	0	2	0	1	0	0	0					0	3
32	ZR52MI					0	0	0	0	0	0	0	1	0					0	1
32	ZR53DO					0	0	0	1	0	2	1	1	0					0	5
32	ZR53XO					0	1	0	1	0	0	2	1	0					0	5
32	ZR54AZ					0	0	1	0	2	0	1	1	0					0	5
32	ZR54CF					0	0	0	0	2	0	1	0	0					0	3
32	ZR55MB					0	0	0	0	1	0	1	0	0					0	2
32	ZR55MI					0	0	1	0	1	0	0	0	0					0	2
32	ZR56AZ					0	0	1	2	1	1	1	0	0					0	6
32	ZR56CF					0	0	1	1	2	1	1	0	0					0	6
32	ZR57MI					0	0	0	2	0	0	1	0	0					0	3
32	ZR58MA					0	0	1	1	0	0	0	1	0					0	3
32	ZR58MI					0	0	0	1	1	1	1	0	0					0	4
32	ZR59NN					0	0	1	2	1	0	1	0	0					0	5
32	ZR59NT					0	0	1	2	1	0	1	0	0					0	5
32	Totales ZR	0	0	0	0	0	1	8	15	13	7	12	6	0	0	0	0	0	0	62
32	A703NA			0	0	2	0	0	0	0										2
32	A703NV			0	1	0	0	0	0	0										1
32	A714RN			0	1	1	2	1	0	0										5
32	A71AN*			0	1	2	2	1	1	0										7
32	Totales A7	0	0	0	3	5	4	2	1	0	0	0	0	0	0	0	0	0	0	15
32	BY35RM			0	1	1	2	1	1	0										6
32	BY35RN			1	1	2	2	1	1	0										8
32	BY39RM			0	1	2	2	1	1	0										7
32	BY39RN			0	0	2	2	0	1	0										5
32	BY50MN			0	1	1	1	1	1	0										5
32	BY50NX			0	1	1	1	1	0	0										4
32	BY68RN			0	0	0	0	0	1	0										1
32	Totales BY	0	0	1	5	9	10	5	6	0	0	0	0	0	0	0	0	0	0	36
32	CG0AMB			0	1	0	0	0	0	1										2
32	CG0ARN			0	1	0	2	1	1	0										5
32	CG26EL			0	1	0	1	0	0	0										2
32	CG26RN			1	0	0	0	0	0	0										1
32	CG28EL			0	1	0	1	1	0	0										3
32	CG28LA			0	1	3	4	1	2	0										11
32	CG28RN			0	2	1	1	0	1	0										5
32	CG58SN			1	0	1	2	1	1	0										6
32	CG58SR			0	1	3	2	1	1	0										8
32	CG9XIP			0	1	1	1	1	0	0										4
32	CG9XRC			0	1	1	1	1	0	0										4
32	CG9XRN			0	0	1	2	1	1	0										5
32	Totales CG	0	0	2	10	11	17	8	7	1	0	0	0	0	0	0	0	0	0	56
32	DZ15RC			1	0	1	0	0	2	1										5
32	DZ15RN			0	2	0	0	0	1	0										3
32	DZ59RN			1	2	0	0	0	0	0										3
32	Totales DZ	0	0	2	4	1	0	0	3	1	0	0	0	0	0	0	0	0	0	11
32	EO0DEB			0	0	0	0	1	0	0										1
32	EO44IA			0	0	1	2	1	1	0										5
32	EO44RN			0	1	2	2	0	0	1										6
32	EO46RN			0	0	0	1	1	0	0										2
32	EO46SR			0	1	0	1	1	0	0										3
32	EO73IA			0	1	2	1	1	0	1										6
32	EO73RN			0	1	1	2	1	1	0										6
32	EO83NS			0	1	0	1	1	0	0										3
32	Totales EO	0	0	0	5	6	10	7	2	2	0	0	0	0	0	0	0	0	0	32
32	FB4EB8			0	1	1	0	0	0	0										2
32	FB4XN5			0	0	0	2	0	0	1										3
32	FB4XP1			0	1	1	2	1	1	0										6
32	FB78MB			0	2	1	0	0	0	0										3
32	FB78RN			0	1	0	0	0	0	0										1
32	FB82IP			0	0	1	2	0	1	0										4
32	FB82RS			0	1	1	0	0	0	0										2
32	FB82X0			0	1	0	1	0	0	0										2
32	FB84OX			0	1	0	0	0	0	0										1
32	FB84RN			1	1	0	0	1	0	0										3
32	Totales FB	0	0	1	9	5	7	2	2	1	0	0	0	0	0	0	0	0	0	27
32	G714TO			0	1	1	2	1	1	0										6
32	G722CE			0	1	1	2	1	0	0										5
32	G722EY			0	1	1	2	0	0	0										4
32	G722MN			0	1	1	1	1	0	0										4
32	Totales G7	0	0	0	4	4	7	3	1	0	0	0	0	0	0	0	0	0	0	19
32	IX25EL			0	1	1	2	1	0	0										5
32	IX5WNI			0	1	1	1	1	0	0										4
32	IX5WRN			0	1	0	0	0	0	0										1
32	IX6ERM			0	1	1	0	1	0	0										3
32	IX6ERN			1	1	0	0	0	1	0										3
32	IX7DCR			0	1	2	2	1	1	0										7
32	IX7DRN			0	0	1	0	0	0	0										1
32	Totales IX	0	0	1	6	6	5	4	2	0	0	0	0	0	0	0	0	0	0	24
32	LP01*F			0	0	1	0	0	0	0										1
32	LP01*N			0	0	0	1	1	0	0										2
32	LP01CR			0	1	1	2	1	0	0										5
32	LP01D1			0	1	1	2	1	0	0										5
32	LP01DO			1	1	1	0	1	0	0										4
32	LP01EB			0	0	1	1	0	0	0										2
32	LP01RN			0	0	1	0	0	1	0										2
32	LP01T5			0	0	1	1	0	0	0										2
32	LP09CR			0	1	0	2	1	1	0										5
32	LP09N6			1	2	2	1	0	1	0										7
32	LP09VI			0	1	1	1	1	1	0										5
32	LP0CIA			0	1	0	1	0	0	0										2
32	LP0CRC			0	3	2	1	2	0	0										8
32	LP0CRN			0	0	1	1	0	0	0										2
32	LP0EA2			0	1	1	1	1	0	0										4
32	LP0EN2			0	0	0	0	2	0	0										2
32	LP0MCR			0	0	1	2	0	0	0										3
32	LP0MRN			0	1	1	1	1	0	0										4
32	LP1CBR			1	0	0	0	1	1	0										3
32	LP1CRN			0	1	0	0	0	0	0										1
32	LP1DR1			0	1	1	2	1	1	0										6
32	LP1MRN			0	1	0	0	0	0	0										1
32	LP1NIA			0	0	0	1	1	0	0										2
32	LP1NRN			0	2	1	1	1	1	0										6
32	LP1NSR			0	1	0	1	1	1	0										4
32	LP1XXN			0	0	1	1	1	0	0										3
32	LP29RM			0	1	0	0	0	0	0										1
32	LP3PRM			0	1	0	2	0	1	0										4
32	LP3PRN			0	1	2	1	1	1	0										6
32	LP62RN			0	0	0	1	0	0	0										1
32	LP6WRC			0	0	0	0	1	0	0										1
32	LP6WRN			0	1	0	0	0	1	0										2
32	LP71OX			0	0	2	1	1	0	0										4
32	LP71PL			0	1	0	0	0	0	1										2
32	LP74RC			0	1	0	1	0	0	0										2
32	LP8PRM			0	0	0	1	0	0	0										1
32	LP8PRN			0	0	1	0	0	0	0										1
32	LP91RC			0	1	1	1	1	0	0										4
32	Totales LP	0	0	3	26	25	32	22	11	1	0	0	0	0	0	0	0	0	0	120
32	MC8CRN			2	1	0	0	0	0	1										4
32	MC8CSR			0	1	0	0	0	1	1										3
32	Totales MC	0	0	2	2	0	0	0	1	2	0	0	0	0	0	0	0	0	0	7
32	NU3MM8			0	1	1	1	0	1	0										4
32	NU3MN8			0	1	1	0	1	1	0										4
32	Totales NU	0	0	0	2	2	1	1	2	0	0	0	0	0	0	0	0	0	0	8
32	P644RC			0	1	0	0	0	0	0										1
32	P646RM			0	1	0	0	1	0	0										2
32	P679RC			0	2	1	1	0	0	0										4
32	P686RM			0	1	0	0	1	0	0										2
32	P686SR			1	0	0	0	0	0	0										1
32	Totales P6	0	0	1	5	1	1	2	0	0	0	0	0	0	0	0	0	0	0	10
32	QR1PCD			0	0	1	0	1	0	0										2
32	QR1PNI			0	1	1	1	0	0	0										3
32	QR1PPL			0	1	0	1	0	0	0										2
32	QR2ABN			0	1	2	0	1	0	0										4
32	QR2CRN			0	1	0	0	0	0	0										1
32	QR2PRC			0	0	0	2	0	0	0										2
32	QR2PRN			0	0	0	1	0	1	0										2
32	QR2WIA			1	1	1	0	0	1	0										4
32	QR2WRN			0	0	0	1	0	1	0										2
32	QR3RN3			0	1	1	2	0	0	0										4
32	Totales QR	0	0	1	6	6	8	2	3	0	0	0	0	0	0	0	0	0	0	26
32	R214CF			1	1	1	1	1	0	0										5
32	R214SN			0	1	2	1	1	0	0										5
32	R214XO			1	1	1	0	1	1	0										5
32	Totales R2	0	0	2	3	4	2	3	1	0	0	0	0	0	0	0	0	0	0	15
32	R480RO			0	0	1	0	0	0	1										2
32	R480SN			0	0	0	1	0	0	0										1
32	Totales R4	0	0	0	0	1	1	0	0	1	0	0	0	0	0	0	0	0	0	3
32	RA03NE			1	1	0	2	2	0	0										6
32	RA03RM			1	1	1	2	1	1	0										7
32	RA05NR			1	0	1	2	1	1	0										6
32	RA05RM			0	1	1	1	0	0	0										3
32	RA07NE			1	1	2	0	1	0	0										5
32	RA07RO			0	1	1	0	1	1	1										5
32	RA07XO			0	1	0	2	1	1	0										5
32	RA15NE			0	1	1	2	1	0	0										5
32	RA15XO			0	1	3	1	0	0	0										5
32	RA21GR			0	1	1	3	1	0	0										6
32	RA21RO			1	0	0	0	0	1	0										2
32	RA47BR			0	0	2	3	0	1	0										6
32	RA47XO			0	0	0	2	0	1	0										3
32	RA90XM			0	1	1	1	1	1	0										5
32	RA90XO			0	1	0	0	0	1	1										3
32	RA94NE			1	1	1	2	1	1	0										7
32	RA94XO			0	1	2	1	1	1	0										6
32	RA95NE			0	1	2	1	1	0	0										5
32	RA95RO			1	2	0	0	1	0	0										4
32	RA95XO			1	1	1	1	1	1	0										6
32	RA96NE			0	1	0	1	1	0	1										4
32	RA96RO			0	1	0	1	0	0	0										2
32	RA96XO			1	1	0	1	1	0	0										4
32	RA98N*			1	1	1	2	1	1	0										7
32	RA98NE			0	1	1	2	0	0	0										4
32	RA98RO			0	0	1	1	1	0	1										4
32	RA98XO			0	1	1	2	2	0	0										6
32	Totales RA	0	0	10	23	24	36	21	13	4	0	0	0	0	0	0	0	0	0	131
32	RB45AN			0	1	0	1	0	1	0										3
32	RB45SN			1	1	1	1	0	0	0										4
32	Totales RB	0	0	1	2	1	2	0	1	0	0	0	0	0	0	0	0	0	0	7
32	RC30MA			1	1	2	2	1	1	0										8
32	RC30NE			0	1	1	1	1	0	0										4
32	RC30RO			1	1	1	3	0	0	0										6
32	RC35AZ			0	0	1	0	0	0	0										1
32	RC35NE			1	1	2	2	1	1	1										9
32	RC36RO			0	1	0	0	0	1	1										3
32	Totales RC	0	0	3	5	7	8	3	3	2	0	0	0	0	0	0	0	0	0	31
32	RD68XO			1	0	1	0	2	0	0										4
32	Totales RD	0	0	1	0	1	0	2	0	0	0	0	0	0	0	0	0	0	0	4
32	RG59CF			1	1	1	0	0	1	0										4
32	RG59MI			1	1	0	0	1	2	0										5
32	RG59NE			0	0	1	0	0	1	1										3
32	RG67NE			1	1	2	2	1	1	0										8
32	RG67XO			1	1	2	2	0	0	1										7
32	RG70AZ			0	1	2	1	1	1	0										6
32	RG70LU			1	1	0	2	1	0	0										5
32	Totales RG	0	0	5	6	8	7	4	6	2	0	0	0	0	0	0	0	0	0	38
32	RS00CR			0	0	1	1	1	0	0										3
32	RS00RN			0	1	1	1	0	0	0										3
32	RS06MB			1	0	0	0	0	0	0										1
32	RS0X*C			0	0	0	2	0	1	0										3
32	RS0XIA			0	1	2	1	0	1	0										5
32	RS0XRN			0	0	0	0	0	1	0										1
32	RS17RN			0	1	1	1	1	0	0										4
32	RS27RC			0	1	0	0	0	0	0										1
32	RS27RN			1	1	0	0	0	0	0										2
32	RS37M3			0	1	2	1	1	1	0										6
32	RS37N3			0	1	1	0	1	1	0										4
32	RS37R3			0	0	0	0	0	0	1										1
32	RS3BBG			0	0	1	0	0	1	0										2
32	RS3BN1			0	1	0	1	1	0	0										3
32	RS3BR1			0	0	0	0	0	1	0										1
32	RS3NRN			0	0	0	1	0	0	0										1
32	RS3WRN			0	0	0	0	0	1	0										1
32	RS3WSR			0	1	0	0	0	1	0										2
32	RS48BR			0	1	0	0	0	1	0										2
32	RS48DO			1	0	1	0	0	1	0										3
32	RS48MB			1	0	1	1	1	0	0										4
32	RS48RN			0	1	2	2	0	1	0										6
32	RS49C1			0	1	1	2	1	0	0										5
32	RS4NML			1	1	0	0	0	2	0										4
32	RS4NRN			1	1	1	2	1	1	1										8
32	RS4NSR			0	0	0	0	0	1	0										1
32	RS57RT			0	1	1	0	1	0	0										3
32	RS57SR			0	1	0	1	0	1	0										3
32	RS5BF5			0	1	1	0	0	0	1										3
32	RS5BN1			0	4	1	0	0	1	0										6
32	RS5BRM			0	0	0	0	1	0	0										1
32	RS61L1			0	0	1	0	0	0	0										1
32	RS61N1			0	1	2	1	1	1	0										6
32	RS64OX			0	1	2	2	1	1	0										7
32	RS64RN			0	1	2	3	2	1	1										10
32	RS64SR			0	0	0	0	2	1	0										3
32	RS72PL			0	1	1	2	0	0	0										4
32	RS72RN			0	1	1	0	1	1	0										4
32	RS87B8			0	0	0	0	0	1	0										1
32	RS87LA			0	1	1	1	1	1	0										5
32	RS87OX			1	0	0	0	0	1	0										2
32	RS87RN			0	1	0	2	1	1	0										5
32	RS9YMB			0	1	0	2	0	0	0										3
32	RS9YRN			0	2	1	0	1	0	0										4
32	RS9YSR			0	1	1	2	1	0	0										5
32	Totales RS	0	0	7	32	30	32	21	27	4	0	0	0	0	0	0	0	0	0	153
32	T52BRM			0	1	0	0	0	1	0										2
32	T52BRN			0	1	2	1	0	1	0										5
32	T589RC			1	1	1	2	0	0	1										6
32	Totales T5	0	0	1	3	3	3	0	2	1	0	0	0	0	0	0	0	0	0	13
32	UN2XLA			0	1	2	2	1	0	0										6
32	UN2XRN			0	0	1	0	1	1	0										3
32	UN3CPD			0	1	1	1	1	0	0										4
32	UN4BG2			0	1	0	0	1	0	0										2
32	UN4CDC			0	1	1	1	1	0	0										4
32	UN6DC2			0	1	0	1	1	0	0										3
32	UN6DN3			0	0	1	2	1	0	0										4
32	Totales UN	0	0	0	5	6	7	7	1	0	0	0	0	0	0	0	0	0	0	26
32	VT1BIA			0	1	1	0	0	0	0										2
32	VT1BMB			1	0	0	0	0	0	0										1
32	VT1BRN			0	1	1	0	2	1	0										5
32	VT4ARM			0	2	2	2	0	1	0										7
32	VT4ASR			0	1	1	0	0	0	0										2
32	VT6AIA			0	1	0	1	1	0	0										3
32	VT6ARN			0	1	1	1	0	0	0										3
32	VT7R05			0	1	1	0	0	1	0										3
32	VT8EOX			1	1	0	1	0	0	0										3
32	VT8ERN			0	0	2	1	1	1	0										5
32	VT8ESR			0	0	0	2	0	1	0										3
32	VT94BR			0	1	1	2	1	1	0										6
32	VT94RC			0	1	1	2	0	0	0										4
32	VT94RN			0	1	3	1	1	1	1										8
32	VT97BG			0	1	1	0	0	0	0										2
32	VT97D5			0	1	0	0	0	0	0										1
32	Totales VT	0	0	2	14	15	13	6	7	1	0	0	0	0	0	0	0	0	0	58
32	WD8CRM			0	1	3	3	1	1	0										9
32	WD8CRN			0	1	1	1	0	0	1										4
32	Totales WD	0	0	0	2	4	4	1	1	1	0	0	0	0	0	0	0	0	0	13
32	X302RN			1	0	0	0	0	0	0										1
32	X32RT6			0	1	0	0	0	0	0										1
32	X332AD			0	1	0	2	1	0	0										4
32	X332AZ			0	0	2	0	0	0	1										3
32	X332MD			0	1	0	0	1	0	0										2
32	X332NG			0	1	0	0	0	0	0										1
32	X355CR			0	1	0	1	1	0	0										3
32	X36YX1			0	1	1	2	1	1	0										6
32	X376N3			0	0	1	1	0	1	0										3
32	Totales X3	0	0	1	6	4	6	4	2	1	0	0	0	0	0	0	0	0	0	24
32	Z150BG			0	1	2	2	1	1	0										7
32	Z151NE			0	0	2	0	0	1	0										3
32	Z151RO			0	1	2	2	1	1	1										8
32	Totales Z1	0	0	0	2	6	4	2	3	1	0	0	0	0	0	0	0	0	0	18
32	Z203NE			0	0	0	0	1	0	0										1
32	Z203XO			0	1	1	0	1	0	0										3
32	Z207MB			0	0	1	0	0	1	0										2
32	Z207RO			0	0	0	0	1	0	0										1
32	Z212NE			0	1	1	1	0	0	0										3
32	Totales Z2	0	0	0	2	3	1	3	1	0	0	0	0	0	0	0	0	0	0	10
32	Z452RO			0	1	0	1	0	1	0										3
32	Z453CF			0	1	0	1	0	1	0										3
32	Z454AZ			0	0	2	0	1	0	0										3
32	Z454MA			0	0	1	1	1	0	1										4
32	Z455CF			1	0	1	2	1	0	0										5
32	Z455NE			0	1	1	0	0	0	1										3
32	Z456MI			0	0	1	1	1	1	0										4
32	Z456NE			0	0	2	0	0	0	0										2
32	Totales Z4	0	0	1	3	8	6	4	3	2	0	0	0	0	0	0	0	0	0	27
32	Z592BR			1	0	0	0	0	1	0										2
32	Z592NE			1	0	0	1	1	1	0										4
32	Totales Z5	0	0	2	0	0	1	1	2	0	0	0	0	0	0	0	0	0	0	6
32	Z703DO			0	0	1	0	1	0	0										2
32	Z704DO			0	0	2	0	0	1	0										3
32	Z704NE			1	0	1	1	1	1	0										5
32	Z705BR			1	0	2	2	0	0	0										5
32	Z707MA			0	1	1	0	0	1	0										3
32	Z707NE			0	1	2	0	0	1	0										4
32	Z708BG			0	0	1	2	0	1	0										4
32	Z708RO			0	1	1	2	0	0	0										4
32	Z709DO			0	1	1	1	1	1	0										5
32	Z709NE			0	1	1	2	1	1	0										6
32	Totales Z7	0	0	2	5	13	10	4	7	0	0	0	0	0	0	0	0	0	0	41
32	ZA13BR			1	2	3	2	1	1	0										10
32	ZA14TA			0	1	1	0	0	0	0										2
32	ZA19BR			0	0	2	2	0	0	0										4
32	ZA19RO			0	0	2	0	1	0	0										3
32	ZA26NE			0	1	0	0	1	0	1										3
32	ZA28AZ			0	1	2	1	0	1	0										5
32	ZA28OX			0	1	2	2	1	1	0										7
32	ZA30B*			1	1	2	2	0	1	0										7
32	ZA31BG			0	1	2	2	1	1	0										7
32	ZA31CF			0	1	1	1	1	0	0										4
32	ZA33AZ			0	1	1	2	1	1	0										6
32	ZA33BR			0	0	2	1	1	1	1										6
32	Totales ZA	0	0	2	10	20	15	8	7	2	0	0	0	0	0	0	0	0	0	64
32	ZCD3AZ			0	0	1	0	0	0	0										1
32	ZCD3BR			0	0	2	1	0	1	0										4
32	ZCD3VI			0	1	2	2	1	0	0										6
32	ZCD3XO			0	0	2	1	1	0	0										4
32	ZCD5NE			0	0	2	2	0	0	0										4
32	ZCD5XO			0	1	2	2	1	1	0										7
32	Totales ZC	0	0	0	2	11	8	3	2	0	0	0	0	0	0	0	0	0	0	26
32	ZD36MB			0	0	1	1	0	2	1										5
32	ZD36NE			0	0	0	2	0	1	0										3
32	ZD38RO			0	0	0	0	1	1	0										2
32	ZD39MB			1	0	2	1	0	1	0										5
32	ZD39NE			1	1	2	0	1	1	0										6
32	ZD40AZ			1	1	0	2	0	1	0										5
32	ZD40MA			1	1	2	1	0	1	0										6
32	Totales ZD	0	0	4	3	7	7	2	8	1	0	0	0	0	0	0	0	0	0	32
32	ZF26BR			0	1	3	2	0	1	0										7
32	ZF26C*			0	0	1	2	0	0	0										3
32	ZF27MO			0	0	1	1	0	0	0										2
32	ZF34NE			0	1	1	2	1	1	0										6
32	ZF34XO			0	1	2	2	1	1	0										7
32	ZF35BR			0	0	0	1	0	1	0										2
32	ZF38B*			1	0	1	1	0	0	0										3
32	ZF39AZ			0	0	0	1	1	1	0										3
32	ZF39RO			0	1	2	1	0	1	0										5
32	ZF46HF			0	1	1	1	1	1	0										5
32	ZF48BG			1	1	0	1	1	0	0										4
32	ZF49BR			0	0	1	2	0	1	0										4
32	ZF50C*			0	1	0	0	0	0	1										2
32	ZF50NE			0	1	1	1	0	1	0										4
32	ZF72NE			0	1	1	1	1	0	0										4
32	ZF72RO			0	0	1	0	1	0	0										2
32	Totales ZF	0	0	2	9	16	19	7	9	1	0	0	0	0	0	0	0	0	0	63
32	ZH80LU			0	1	2	2	1	0	0										6
32	ZH80NE			0	1	1	0	1	0	0										3
32	ZH81RO			0	1	1	0	1	1	0										4
32	ZH83BR			0	1	1	0	1	1	0										4
32	ZH84MA			0	1	2	2	1	0	0										6
32	ZH84NE			0	1	2	1	1	1	0										6
32	ZH85DO			0	1	2	1	0	1	0										5
32	Totales ZH	0	0	0	7	11	6	6	4	0	0	0	0	0	0	0	0	0	0	34
32	ZJ01HR			0	1	0	1	0	0	0										2
32	ZJ01MB			0	0	0	1	1	1	1										4
32	ZJ01ML			0	1	0	0	0	0	0										1
32	ZJ01RN			0	0	1	1	0	0	0										2
32	ZJ02RN			0	1	0	0	0	1	0										2
32	ZJ07MB			0	0	1	1	0	0	0										2
32	ZJ08RN			0	0	0	1	0	0	0										1
32	ZJ08RO			0	1	0	0	1	0	0										2
32	ZJ09CF			0	1	2	1	1	1	1										7
32	ZJ09RN			1	1	2	2	1	1	0										8
32	ZJ13CF			0	0	2	2	0	1	0										5
32	ZJ13RN			0	0	0	1	0	0	1										2
32	ZJ15MI			0	1	0	0	0	0	0										1
32	ZJ15NE			0	1	0	2	0	0	1										4
32	ZJ18AZ			1	1	2	0	1	1	0										6
32	ZJ18CF			0	1	1	2	0	1	0										5
32	ZJ32BR			0	0	1	0	0	1	0										2
32	ZJ32DO			0	2	0	0	1	0	1										4
32	ZJ33HR			0	1	0	1	1	0	0										3
32	ZJ33VE			0	1	2	0	1	1	0										5
32	ZJ34CR			1	0	2	1	1	1	1										7
32	ZJ34NE			0	1	2	2	1	0	0										6
32	ZJ34RO			0	0	1	0	0	0	0										1
32	ZJ35AZ			0	1	2	2	0	1	0										6
32	ZJ35MI			0	1	2	1	1	1	1										7
32	ZJ40BG			0	0	1	0	1	0	0										2
32	ZJ40BR			1	0	0	1	1	0	0										3
32	ZJ41DO			0	0	0	2	0	0	0										2
32	ZJ41NE			0	0	4	0	1	0	0										5
32	ZJ42CF			0	0	0	1	1	1	0										3
32	ZJ42RN			0	2	0	0	0	1	0										3
32	ZJ50BR			0	1	0	0	0	0	0										1
32	ZJ50PL			1	1	1	1	0	0	0										4
32	Totales ZJ	0	0	5	21	29	27	15	14	7	0	0	0	0	0	0	0	0	0	118
32	ZM56BR			0	0	0	1	1	0	0										2
32	ZM56DO			0	1	2	2	1	0	0										6
32	ZM57NE			0	0	1	1	0	0	0										2
32	ZM57RO			0	0	0	2	1	0	1										4
32	Totales ZM	0	0	0	1	3	6	3	0	1	0	0	0	0	0	0	0	0	0	14
32	ZO16IA			0	1	0	0	0	0	0										1
32	ZO16MI			0	1	0	1	1	1	0										4
32	ZO16RN			0	1	1	0	0	0	0										2
32	ZO16RO			0	1	0	0	0	0	0										1
32	Totales ZO	0	0	0	4	1	1	1	1	0	0	0	0	0	0	0	0	0	0	8
32	ZP20BG			0	1	0	0	1	0	0										2
32	ZP20NE			1	0	1	1	0	1	0										4
32	ZP20RO			0	0	2	2	1	1	0										6
32	ZP21AZ			0	1	1	1	1	0	0										4
32	ZP21MI			1	1	2	2	1	1	0										8
32	Totales ZP	0	0	2	3	6	6	4	3	0	0	0	0	0	0	0	0	0	0	24
32	ZQ09NE			0	1	0	0	0	0	0										1
32	ZQ24DO			0	1	2	2	1	0	0										6
32	ZQ35CF			0	1	0	0	1	0	0										2
32	ZQ36DO			0	1	1	0	0	0	0										2
32	ZQ37RS			0	1	1	2	0	0	0										4
32	ZQ41CF			0	1	2	1	1	0	0										5
32	Totales ZQ	0	0	0	6	6	5	3	0	0	0	0	0	0	0	0	0	0	0	20
32	ZU08NE			0	0	1	1	1	1	0										4
32	ZU08RO			0	2	1	2	1	0	0										6
32	ZU09AZ			0	0	1	0	1	1	0										3
32	ZU09DO			0	1	0	3	0	0	0										4
32	ZU14NE			0	1	2	1	0	1	0										5
32	ZU14TA			0	1	2	1	1	1	0										6
32	ZU15BR			0	1	2	1	0	0	0										4
32	ZU15MI			0	1	1	0	0	0	0										2
32	Totales ZU	0	0	0	7	10	9	4	4	0	0	0	0	0	0	0	0	0	0	34
32	ZV52RS			0	1	0	0	0	0	0										1
32	ZV52XM			0	0	2	1	1	0	0										4
32	ZV58CF			0	0	0	1	1	1	0										3
32	ZV62AZ			0	0	0	2	0	2	0										4
32	ZV62DO			0	1	1	1	1	1	0										5
32	ZV63BR			0	1	2	0	1	1	0										5
32	Totales ZV	0	0	0	3	5	5	4	5	0	0	0	0	0	0	0	0	0	0	22
32	ZWP1AZ			0	1	8	6	5	2	0										22
32	ZWP1MA			0	0	4	1	4	1	1										11
32	ZWP1NE			1	1	8	3	4	2	1										20
32	ZWP1NR			0	0	0	2	0	0	0										2
32	ZWP1RO			0	0	3	4	2	0	0										9
32	ZWP1VI			0	2	4	3	2	1	1										13
32	ZWP2BG			0	2	4	4	4	0	1										15
32	ZWP2GR			0	1	3	4	3	2	0										13
32	ZWP2MA			0	2	3	7	4	2	0										18
32	ZWP2NE			0	2	7	7	5	2	0										23
32	ZWP2RO			0	0	3	0	0	0	0										3
32	Totales ZW	0	0	1	11	47	41	33	12	4	0	0	0	0	0	0	0	0	0	149
32	ZX35NE			0	1	2	1	0	1	0										5
32	ZX35XO			0	1	0	2	0	1	0										4
32	ZX36NE			0	0	2	0	0	0	0										2
32	ZX36UV			0	0	0	2	0	0	0										2
32	ZX38BR			0	1	2	2	0	2	0										7
32	ZX38NE			1	1	1	1	0	0	0										4
32	Totales ZX	0	0	1	4	7	8	0	4	0	0	0	0	0	0	0	0	0	0	24
32	ZY80NE			0	0	1	1	0	1	0										3
32	ZY80RO			0	1	2	2	1	1	0										7
32	ZY81NE			0	1	2	2	1	1	0										7
32	ZY82BG			0	0	2	0	1	1	0										4
32	Totales ZY	0	0	0	2	7	5	3	4	0	0	0	0	0	0	0	0	0	0	21
32	CREMA**	34																		34
32	CREMAES	2																		2
32	CREMAMA	3																		3
32	CREMARO	1																		1
32	CREMAUV	2																		2
32	CREMAXO	4																		4
32	Totales CR	46	0	0	0	0	0	0	0	0	0	0	0	0	0	0	0	0	0	46
32	O301NE	1																		1
32	O303MI	1																		1
32	O304RO	1																		1
32	O321NE	1																		1
32	O322CF	1																		1
32	O322NE	1																		1
32	O323HF	1																		1
32	O323NE	2																		2
32	O350CN	1																		1
32	O350NE	1																		1
32	O3B1NE	1																		1
32	O3B2AZ	1																		1
32	O3B3MI	2																		2
32	O3B4A*	1																		1
32	O3B4N*	1																		1
32	O3B5A*	1																		1
32	O3B5N*	1																		1
32	O3B6NE	1																		1
32	O3B6VE	2																		2
32	O3B7NE	2																		2
32	O3B7VE	2																		2
32	O3C2A*	2																		2
32	O3C2N*	1																		1
32	O3C3NE	2																		2
32	O3C3VE	2																		2
32	O3M2N*	2																		2
32	O3T1NE	2																		2
32	O3T1VE	1																		1
32	O3T2A*	2																		2
32	O3T2N*	1																		1
32	Totales O3	41	0	0	0	0	0	0	0	0	0	0	0	0	0	0	0	0	0	41
32	OC05CF	1																		1
32	OC05NE	1																		1
32	OC09BR	1																		1
32	OC09NE	1																		1
32	OC13NE	1																		1
32	OC17NE	1																		1
32	OC63BR	1																		1
32	OC68MI	1																		1
32	OC76DO	1																		1
32	OC76NE	1																		1
32	Totales OC	10	0	0	0	0	0	0	0	0	0	0	0	0	0	0	0	0	0	10
32	OE20NE	1																		1
32	OE22HF	2																		2
32	OE22NE	2																		2
32	OE23NE	2																		2
32	OE23WB	2																		2
32	OEB2R2	1																		1
32	OEB3R2	1																		1
32	OEC2R2	1																		1
32	OET1NE	1																		1
32	OET2NE	1																		1
32	OET2WB	2																		2
32	Totales OE	16	0	0	0	0	0	0	0	0	0	0	0	0	0	0	0	0	0	16
32	OF17AS	1																		1
32	OF18BR	1																		1
32	OF18RO	1																		1
32	OF19BR	1																		1
32	OFC2BR	1																		1
32	OFC2RO	1																		1
32	OFL1AS	1																		1
32	OFL1AZ	1																		1
32	OFL2RO	2																		2
32	OFM2BR	1																		1
32	OFM2RO	1																		1
32	OFT2RO	1																		1
32	Totales OF	13	0	0	0	0	0	0	0	0	0	0	0	0	0	0	0	0	0	13
32	OG01DO	1																		1
32	OG02CF	1																		1
32	OG02NE	1																		1
32	OG12HF	1																		1
32	OG12NE	1																		1
32	Totales OG	5	0	0	0	0	0	0	0	0	0	0	0	0	0	0	0	0	0	5
32	OK01NE	1																		1
32	OK2TCF	1																		1
32	OK2TNE	1																		1
32	OK35OR	1																		1
32	OK37BR	1																		1
32	OK80NE	1																		1
32	OK81NE	1																		1
32	OKB1AL	1																		1
32	OKB2CF	2																		2
32	OKB2NE	1																		1
32	OKB3VE	1																		1
32	OKB4NR	1																		1
32	OKB5NR	1																		1
32	OKC2XO	1																		1
32	OKL2XO	1																		1
32	OKM2RO	1																		1
32	OKM4NR	1																		1
32	OKP1AL	1																		1
32	OKP2RO	2																		2
32	OKP2VE	1																		1
32	OKP2XO	1																		1
32	OKT2RO	1																		1
32	Totales OK	24	0	0	0	0	0	0	0	0	0	0	0	0	0	0	0	0	0	24
32	OL65NE	1																		1
32	Totales OL	1	0	0	0	0	0	0	0	0	0	0	0	0	0	0	0	0	0	1
32	OM30AZ	1																		1
32	OM37RO	1																		1
32	OM42RO	1																		1
32	Totales OM	3	0	0	0	0	0	0	0	0	0	0	0	0	0	0	0	0	0	3
32	ON28BR	1																		1
32	ON28NE	2																		2
32	ON31MI	2																		2
32	ON64NE	1																		1
32	Totales ON	6	0	0	0	0	0	0	0	0	0	0	0	0	0	0	0	0	0	6
32	OO26NE	1																		1
32	OO27CF	1																		1
32	Totales OO	2	0	0	0	0	0	0	0	0	0	0	0	0	0	0	0	0	0	2
32	OP56NE	1																		1
32	OP58CF	1																		1
32	OP58WB	1																		1
32	OP59MB	1																		1
32	OP59NE	1																		1
32	Totales OP	5	0	0	0	0	0	0	0	0	0	0	0	0	0	0	0	0	0	5
32	OQ57RO	2																		2
32	OQ58RO	2																		2
32	OQ59AZ	1																		1
32	OQ59NE	1																		1
32	OQC1RO	1																		1
32	OQC2RO	1																		1
32	OQL1RO	2																		2
32	OQT1R*	1																		1
32	OQT1RO	2																		2
32	Totales OQ	13	0	0	0	0	0	0	0	0	0	0	0	0	0	0	0	0	0	13
32	OT20NE	1																		1
32	OT21CF	1																		1
32	OT44RS	1																		1
32	OT46NE	1																		1
32	OT51CF	1																		1
32	OT52CF	1																		1
32	OT52RO	1																		1
32	OT54PL	1																		1
32	OT56CQ	1																		1
32	OT65AS	1																		1
32	OT65HF	1																		1
32	OT69D*	1																		1
32	OTC*CQ	2																		2
32	OTC4CF	2																		2
32	OTC4RO	1																		1
32	OTC8AS	2																		2
32	OTC8HF	1																		1
32	OTC9D*	1																		1
32	OTL1CQ	2																		2
32	OTL1RO	1																		1
32	OTL8AS	1																		1
32	OTL9D*	1																		1
32	OTM*CF	1																		1
32	OTM*RO	1																		1
32	OTM1CQ	1																		1
32	OTM7NE	1																		1
32	OTM8AS	1																		1
32	OTM9D*	1																		1
32	OTP4NE	1																		1
32	OTP5NE	1																		1
32	OTP6CF	1																		1
32	OTP6CQ	1																		1
32	OTP6RO	1																		1
32	OTP7NE	2																		2
32	OTP8HF	1																		1
32	OTT6CF	1																		1
32	OTT6PL	1																		1
32	OTT6RO	1																		1
32	OTT9D*	1																		1
32	Totales OT	44	0	0	0	0	0	0	0	0	0	0	0	0	0	0	0	0	0	44
32	OU22NE	1																		1
32	OU55CF	1																		1
32	OU55NE	1																		1
32	Totales OU	3	0	0	0	0	0	0	0	0	0	0	0	0	0	0	0	0	0	3
32	OVB6BG	1																		1
32	OVB8NE	1																		1
32	OVC6BG	1																		1
32	Totales OV	3	0	0	0	0	0	0	0	0	0	0	0	0	0	0	0	0	0	3
32	OW95**	2																		2
32	OW96**	1																		1
32	Totales OW	3	0	0	0	0	0	0	0	0	0	0	0	0	0	0	0	0	0	3
32	OX11NE	1																		1
32	OX12HF	1																		1
32	OX13DO	1																		1
32	OX24CF	1																		1
32	OX24NE	1																		1
32	Totales OX	5	0	0	0	0	0	0	0	0	0	0	0	0	0	0	0	0	0	5
32	OY19RO	1																		1
32	OY97MI	2																		2
32	OY97NE	1																		1
32	OY98BG	1																		1
32	Totales OY	5	0	0	0	0	0	0	0	0	0	0	0	0	0	0	0	0	0	5
32	OZB1RO	1																		1
32	OZC2NR	1																		1
32	OZM2RO	1																		1
32	Totales OZ	3	0	0	0	0	0	0	0	0	0	0	0	0	0	0	0	0	0	3
32	TARJETA	206																		206
32	Totales TA	206	0	0	0	0	0	0	0	0	0	0	0	0	0	0	0	0	0	206
32	ZS95NE	1																		1
32	ZS96NE	1																		1
32	ZS96RO	1																		1
32	Totales ZS	3	0	0	0	0	0	0	0	0	0	0	0	0	0	0	0	0	0	3
32	ZT16MA	1																		1
32	ZT17BR	1																		1
32	ZT58CF	1																		1
32	Totales ZT	3	0	0	0	0	0	0	0	0	0	0	0	0	0	0	0	0	0	3
32	O1C2MI		0	0		0		0		1		0								1
32	Totales O1	0	0	0	0	0	0	0	0	1	0	0	0	0	0	0	0	0	0	1
32	O401TA		0	0		0		0		2		0								2
32	O402MI		0	1		0		0		2		0								3
32	O403WI		0	0		0		0		2		0								2
32	O404HF		0	0		1		0		1		0								2
32	O404MI		0	0		0		0		1		0								1
32	O405CQ		0	0		1		0		2		0								3
32	O406UV		0	0		2		0		1		0								3
32	O407BR		0	0		3		0		2		0								5
32	O407WI		0	0		2		0		2		0								4
32	O408NE		0	0		3		0		3		0								6
32	O408XO		0	0		3		0		3		0								6
32	O409CF		0	0		3		0		2		0								5
32	Totales O4	0	0	1	0	18	0	0	0	23	0	0	0	0	0	0	0	0	0	42
32	OH80MI		0	0		2		0		2		0								4
32	OH80NE		0	0		3		0		3		0								6
32	Totales OH	0	0	0	0	5	0	0	0	5	0	0	0	0	0	0	0	0	0	10
32	OQ02HF		0	0		1		0		1		0								2
32	OQ02MI		0	0		1		0		0		0								1
32	OQ09CF		0	0		0		1		1		0								2
32	Totales OQ	0	0	0	0	2	0	1	0	2	0	0	0	0	0	0	0	0	0	5
32	OUC1HF		0	1		0		1		0		0								2
32	OUC1NE		0	1		1		1		1		0								4
32	OUC2MI		0	0		1		1		0		0								2
32	OUC2TA		1	2		0		1		1		0								5
32	OUC3HF		0	0		2		1		1		0								4
32	OUC4HF		0	0		0		2		1		0								3
32	Totales OU	0	1	4	0	4	0	7	0	4	0	0	0	0	0	0	0	0	0	20
32	O201HF														1	0	0	0		1
32	O202MI														2	1	0	1		4
32	O202NE														0	1	0	0		1
32	O202RO														3	1	1	0		5
32	O204GR														0	0	1	0		1
32	O205GR														0	1	0	0		1
32	Totales O2	0	0	0	0	0	0	0	0	0	0	0	0	0	6	4	2	1	0	13
32	O421A*														1	1	0	0		2
32	O421N*														1	1	0	0		2
32	O421R*														1	0	0	0		1
32	O422A*														1	0	0	0		1
32	O422C*														1	1	0	0		2
32	O422R*														1	0	0	0		1
32	O451TA														1	0	0	0		1
32	Totales O4	0	0	0	0	0	0	0	0	0	0	0	0	0	7	3	0	0	0	10
32	OA08NE														1	0	0	0		1
32	OA10BL														1	0	0	0		1
32	OA10HF														1	1	0	0		2
32	OA30BR														1	0	0	1		2
32	OA31GR														0	0	0	1		1
32	OA31RO														0	1	0	0		1
32	OA32VE														1	2	0	1		4
32	OA46NE														0	1	0	0		1
32	OA61AS														0	0	1	0		1
32	OA62BG														1	1	1	0		3
32	OA62NE														0	1	0	0		1
32	OA75CF														1	1	0	0		2
32	OA75OR														1	0	0	1		2
32	OA82AS														1	0	0	0		1
32	OA82AZ														1	2	0	0		3
32	OA82VE														1	1	0	1		3
32	Totales OA	0	0	0	0	0	0	0	0	0	0	0	0	0	11	11	2	5	0	29
32	OD05NE														0	1	0	0		1
32	OD06BG														0	1	1	0		2
32	OD06CF														0	2	1	0		3
32	OD07HF														1	1	0	1		3
32	OD09NE														0	2	1	0		3
32	OD09RO														0	2	1	0		3
32	Totales OD	0	0	0	0	0	0	0	0	0	0	0	0	0	1	9	4	1	0	15
32	OH51TA														1	2	0	0		3
32	OH51XO														1	1	0	0		2
32	OH52AZ														1	0	0	0		1
32	OH52RO														1	1	0	0		2
32	Totales OH	0	0	0	0	0	0	0	0	0	0	0	0	0	4	4	0	0	0	8
32	OP03GR														1	1	0	0		2
32	OP03NE														1	0	0	0		1
32	OP03RO														1	0	0	0		1
32	OP38MI														0	1	0	0		1
32	OP40RO														1	0	0	0		1
32	Totales OP	0	0	0	0	0	0	0	0	0	0	0	0	0	4	2	0	0	0	6
32	OQ05HF														0	0	0	1		1
32	Totales OQ	0	0	0	0	0	0	0	0	0	0	0	0	0	0	0	0	1	0	1
32	OV02NE														1	1	0	1		3
32	Totales OV	0	0	0	0	0	0	0	0	0	0	0	0	0	1	1	0	1	0	3
32	ZI47HF														3	1	0	1		5
20	0D18JL					0	1	1	1	1	0	1	0	0					0	5
20	0D58RC					0	0	1	1	2	1	0	0	0					0	5
20	0D70EB					0	0	0	1	2	1	1	0	0					0	5
20	0D70N8					0	0	0	1	2	1	0	0	0					0	4
20	Totales 0D	0	0	0	0	0	1	2	4	7	3	2	0	0	0	0	0	0	0	19
20	3B15XJ					0	1	0	1	1	1	1	0	0						5
20	3B15XN					0	0	0	1	1	0	1	0	0						3
20	3B26TL					0	0	0	1	0	0	0	0	0						1
20	3B26TN					0	0	1	1	4	0	1	0	0						7
20	3B28TJ					0	0	0	0	0	0	1	0	0						1
20	3B28TN					0	0	0	0	1	0	0	1	0						2
20	3B49XC					0	0	0	0	0	0	0	1	0						1
20	3B95XC					0	1	0	0	1	0	1	0	0					0	3
20	3B95XN					0	1	1	1	2	1	1	0	0					0	7
20	Totales 3B	0	0	0	0	0	3	2	5	10	2	6	2	0	0	0	0	0	0	30
20	4H62XC					0	1	0	1	1	1	1	0	0					0	5
20	4H62XN					0	0	1	1	2	2	0	0	0					0	6
20	4H65XC					0	0	0	0	0	1	1	0	0					0	2
20	4H65XN					0	1	1	0	0	1	0	0	0					0	3
20	4H66XJ					0	1	1	0	2	1	1	0	0					0	6
20	4H66XN					0	0	0	1	0	1	0	0	0					0	2
20	4H72XM					0	1	0	1	2	0	1	0	0					0	5
20	4H72XN					0	0	1	0	2	1	1	0	0					0	5
20	4H77XN					0	0	1	1	1	1	1	0	0					0	5
20	4H96XN					0	0	1	2	2	1	1	0	0					0	7
20	4H97IA					0	1	1	1	2	1	1	0	0					0	7
20	4H97XN					0	0	0	1	1	2	1	1	0					0	6
20	4H98XJ					0	1	1	1	2	1	1	0	0					0	7
20	Totales 4H	0	0	0	0	0	6	8	10	17	14	10	1	0	0	0	0	0	0	66
20	6F03TM					0	0	1	1	1	1	0	0	0						4
20	6F24TJ					0	1	1	1	1	1	0	0	0						5
20	6F24TN					0	0	1	1	1	0	0	0	0						3
20	6F34TJ					0	0	0	0	0	0	1	0	0					0	1
20	6F34TN					0	1	1	0	1	1	0	0	0					0	4
20	6F39TJ					0	0	0	1	0	0	0	0	0						1
20	6F50TJ					0	0	0	1	1	0	1	0	0					0	3
20	6F50TN					0	1	0	0	1	1	1	0	0						4
20	6F67TL					0	1	1	1	1	1	1	0	0						6
20	6F67TN					0	1	1	0	1	0	0	0	0						3
20	Totales 6F	0	0	0	0	0	5	6	6	8	5	4	0	0	0	0	0	0	0	34
20	7M41XN					0	0	0	0	2	0	0	0	0						2
20	7M45XN					0	0	0	0	0	0	1	0	0						1
20	Totales 7M	0	0	0	0	0	0	0	0	2	0	1	0	0	0	0	0	0	0	3
20	8D25C8					0	0	1	0	0	0	0	0	0						1
20	Totales 8D	0	0	0	0	0	0	1	0	0	0	0	0	0	0	0	0	0	0	1
20	9127NE					0	5	12	22	2	46	31	23	11						152
20	9128HF					0	4	8	15	30	13	0	10	0						80
20	Totales 91	0	0	0	0	0	9	20	37	32	59	31	33	11	0	0	0	0	0	232
20	9205NT					9	0	10	0	41	101	51	1	6						219
20	Totales 92	0	0	0	0	9	0	10	0	41	101	51	1	6	0	0	0	0	0	219
20	9H65XN					0	0	0	0	0	1	0	0	0						1
20	Totales 9H	0	0	0	0	0	0	0	0	0	1	0	0	0	0	0	0	0	0	1
20	BH74IA					0	1	1	2	2	1	0	0	0					0	7
20	BH74XC					0	1	1	1	1	1	1	0	0					0	6
20	BH74XN					0	0	1	1	1	1	1	0	0					0	5
20	Totales BH	0	0	0	0	0	2	3	4	4	3	2	0	0	0	0	0	0	0	18
20	BJ82XM					0	0	0	1	1	1	1	0	0						4
20	BJ82XN					0	0	0	0	0	0	1	0	0						1
20	Totales BJ	0	0	0	0	0	0	0	1	1	1	2	0	0	0	0	0	0	0	5
20	M412J7					0	0	0	1	2	1	1	0	0					0	5
20	Totales M4	0	0	0	0	0	0	0	1	2	1	1	0	0	0	0	0	0	0	5
20	OU70CF					0	0	1	1	2	1	1	0	0					0	6
20	OU70NE					0	0	0	0	1	0	1	0	0					0	2
20	OU71CF					0	0	0	1	1	1	0	0	0					0	3
20	OU71NE					0	0	1	1	1	1	0	0	0					0	4
20	OU72AZ					0	0	1	1	2	1	1	0	0					0	6
20	OU72TA					0	1	1	1	2	1	1	0	0					0	7
20	Totales OU	0	0	0	0	0	1	4	5	9	5	4	0	0	0	0	0	0	0	28
20	R606XO					0	0	0	1	1	0	0	0	0						2
20	R622OR					0	0	1	2	1	0	1	0	0						5
20	R638SN					0	0	1	0	0	0	0	0	0						1
20	R638XM					0	0	1	1	2	1	1	0	0						6
20	R638XO					0	0	0	0	1	1	0	0	0						2
20	Totales R6	0	0	0	0	0	0	3	4	5	2	2	0	0	0	0	0	0	0	16
20	R765XO					0	1	1	0	1	0	1	0	0						4
20	R766XN					0	0	0	0	0	0	1	0	0						1
20	R766XO					0	0	1	0	1	1	1	0	0						4
20	R767XM					0	1	1	1	2	0	1	0	0						6
20	Totales R7	0	0	0	0	0	2	3	1	4	1	4	0	0	0	0	0	0	0	15
20	Z351XM					0	0	1	1	2	1	1	0	0					0	6
20	Z351XN					0	0	1	1	2	1	1	0	0					0	6
20	Z352XC					0	0	1	1	2	1	1	0	0					0	6
20	Z352XN					0	0	1	1	2	1	1	0	0					0	6
20	Z353XC					0	0	1	1	2	1	1	0	0					0	6
20	Z354XM					0	0	1	1	2	1	1	0	0					0	6
20	Z354XN					0	0	1	1	1	1	1	0	0					0	5
20	Z355XC					0	1	1	0	1	1	1	0	0					0	5
20	Z355XN					0	0	1	1	2	0	1	0	0					0	5
20	Z356XC					0	1	1	1	2	1	1	0	0					0	7
20	Z356XN					0	0	0	1	2	1	1	0	0					0	5
20	Z357XM					0	0	1	1	2	1	1	0	0					0	6
20	Z357XN					0	0	1	1	2	1	1	0	0					0	6
20	Totales Z3	0	0	0	0	0	2	12	12	24	12	13	0	0	0	0	0	0	0	75
20	Z801MI					0	0	0	1	0	0	0	0	0						1
20	Totales Z8	0	0	0	0	0	0	0	1	0	0	0	0	0	0	0	0	0	0	1
20	Z903HF					0	0	0	0	0	0	1	1	0						2
20	Totales Z9	0	0	0	0	0	0	0	0	0	0	1	1	0	0	0	0	0	0	2
20	ZN66CQ					0	0	0	1	1	1	0	1	0						4
20	ZN70UV					0	0	0	0	0	1	2	0	0						3
20	ZN81NE					0	0	0	0	1	1	1	0	0						3
20	ZN81UV					0	0	0	0	0	1	0	0	0						1
20	ZN82NE					0	0	1	1	1	1	0	0	0					0	4
20	ZN82UV					0	0	1	0	1	1	1	0	0					0	4
20	ZN85NE					0	0	0	1	1	0	1	0	0						3
20	ZN87CA					0	0	0	0	0	0	1	0	0						1
20	ZN89NE					0	0	0	0	1	0	0	0	0						1
20	ZN92MA					0	0	1	1	2	0	1	1	0					0	6
20	ZN92NE					0	0	1	1	1	1	1	0	0					0	5
20	Totales ZN	0	0	0	0	0	0	4	5	9	7	8	2	0	0	0	0	0	0	35
20	ZO20XM					0	0	1	0	1	1	0	0	0						3
20	ZO20XN					0	0	0	1	1	1	0	0	0						3
20	Totales ZO	0	0	0	0	0	0	1	1	2	2	0	0	0	0	0	0	0	0	6
20	ZR51MA					0	0	0	0	1	1	0	0	0					0	2
20	ZR52GR					0	0	0	0	1	0	0	0	0					0	1
20	ZR52MI					0	1	0	0	0	0	0	0	0					0	1
20	ZR53DO					0	0	1	0	0	0	1	0	0					0	2
20	ZR53XO					0	0	0	1	0	0	0	0	0					0	1
20	ZR54CF					0	0	1	1	0	0	1	0	0					0	3
20	ZR55MB					0	0	0	0	0	0	1	0	0					0	1
20	ZR55MI					0	0	0	0	0	0	1	0	0					0	1
20	ZR56AZ					0	0	1	0	1	0	1	0	0					0	3
20	ZR56CF					0	0	1	1	1	1	1	0	0					0	5
20	ZR57MI					0	0	1	0	1	0	1	1	0					0	4
20	ZR58MI					0	0	0	0	1	0	0	0	0					0	1
20	ZR59NN					0	0	1	1	1	1	1	0	0					0	5
20	ZR59NT					0	0	0	1	0	1	1	0	0					0	3
20	Totales ZR	0	0	0	0	0	1	6	5	7	4	9	1	0	0	0	0	0	0	33
20	A703NA			1	1	2	0	0	1	0										5
20	A703NV			2	1	1	1	1	0	0										6
20	A714MD			0	1	1	0	1	0	0										3
20	A714RN			1	1	2	2	1	1	1										9
20	A71AN*			1	1	2	2	1	0	0										7
20	A71AV*			1	1	0	0	0	0	0										2
20	A738NA			1	1	1	0	1	0	0										4
20	A738NV			0	0	1	0	0	0	0										1
20	Totales A7	0	0	7	7	10	5	5	2	1	0	0	0	0	0	0	0	0	0	37
20	BY50MN			0	1	0	0	0	0	0										1
20	BY50NX			0	1	2	1	1	1	0										6
20	Totales BY	0	0	0	2	2	1	1	1	0	0	0	0	0	0	0	0	0	0	7
20	CG0AMB			0	1	2	1	0	0	0										4
20	CG0ARN			1	1	1	1	1	0	1										6
20	CG28LA			0	0	2	1	1	1	0										5
20	CG28RN			0	1	2	0	1	1	0										5
20	CG58SN			0	0	0	0	0	0	1										1
20	CG58SR			1	1	2	2	1	1	1										9
20	CG9XIP			0	0	1	1	1	0	0										3
20	CG9XRC			0	0	1	1	0	0	1										3
20	CG9XRN			1	1	2	2	1	1	1										9
20	Totales CG	0	0	3	5	13	9	6	4	5	0	0	0	0	0	0	0	0	0	45
20	DZ15RC			1	1	1	0	0	0	0										3
20	DZ59MB			1	1	0	0	0	0	0										2
20	DZ59RN			1	0	1	0	0	1	0										3
20	Totales DZ	0	0	3	2	2	0	0	1	0	0	0	0	0	0	0	0	0	0	8
20	EO46RN			0	1	2	1	1	1	0										6
20	EO46SR			0	1	2	2	0	1	0										6
20	EO73IA			0	1	2	2	1	1	0										7
20	EO73RN			1	1	2	1	1	1	1										8
20	Totales EO	0	0	1	4	8	6	3	4	1	0	0	0	0	0	0	0	0	0	27
20	FB4XM5			0	0	0	0	0	1	0										1
20	FB4XN5			0	1	1	1	1	0	1										5
20	FB4XP1			1	1	2	2	1	1	0										8
20	FB78MB			0	1	1	0	0	0	0										2
20	FB78RN			0	0	0	1	1	1	0										3
20	FB82IP			1	2	3	1	0	1	1										9
20	FB82OX			0	0	1	1	1	1	0										4
20	FB82X0			0	1	2	1	0	1	0										5
20	FB84RN			0	0	0	0	0	0	1										1
20	Totales FB	0	0	2	6	10	7	4	6	3	0	0	0	0	0	0	0	0	0	38
20	G714TO			1	1	2	2	1	1	0										8
20	G722CE			0	1	2	2	1	1	0										7
20	G722EY			1	0	0	0	1	0	0										2
20	G722MN			0	1	1	0	1	0	0										3
20	Totales G7	0	0	2	3	5	4	4	2	0	0	0	0	0	0	0	0	0	0	20
20	HD6WRN			0	0	0	0	0	0	1										1
20	Totales HD	0	0	0	0	0	0	0	0	1	0	0	0	0	0	0	0	0	0	1
20	IX19ND			1	1	0	2	2	1	0										7
20	IX25GR			0	0	0	1	1	0	0										2
20	IX5WNI			0	1	0	2	0	0	0										3
20	IX5WOX			1	1	2	1	1	0	0										6
20	IX5WRN			0	0	2	2	0	1	0										5
20	IX6ERM			0	1	0	1	1	1	0										4
20	IX7DCR			1	1	1	2	0	1	1										7
20	Totales IX	0	0	3	5	5	11	5	4	1	0	0	0	0	0	0	0	0	0	34
20	JQ7BSR			0	0	1	0	0	0	0										1
20	Totales JQ	0	0	0	0	1	0	0	0	0	0	0	0	0	0	0	0	0	0	1
20	K233RN			0	0	0	0	0	0	1										1
20	K236ET			0	0	0	1	0	0	0										1
20	Totales K2	0	0	0	0	0	1	0	0	1	0	0	0	0	0	0	0	0	0	2
20	LP01*F			0	0	0	1	0	0	0										1
20	LP01*N			0	0	2	1	1	0	0										4
20	LP01CR			0	1	1	1	1	1	0										5
20	LP01D1			0	1	2	2	1	1	0										7
20	LP01DO			0	1	1	1	0	0	0										3
20	LP01RN			1	1	1	1	0	0	1										5
20	LP01T5			0	1	1	0	1	0	0										3
20	LP09CR			0	1	2	2	0	1	1										7
20	LP09N6			1	1	0	1	1	0	0										4
20	LP09VI			0	0	2	2	0	0	0										4
20	LP0CIA			0	1	1	2	1	1	0										6
20	LP0CRN			1	1	0	1	1	1	1										6
20	LP0EA2			0	1	1	2	0	0	0										4
20	LP0EN2			1	1	0	1	0	1	1										5
20	LP0MCR			0	1	1	0	0	0	0										2
20	LP0MRN			0	1	2	1	1	0	1										6
20	LP1CBR			1	1	1	0	0	0	1										4
20	LP1CRN			0	0	1	1	0	0	1										3
20	LP1DR1			0	1	2	2	1	1	0										7
20	LP1NIA			0	1	0	1	1	0	0										3
20	LP1NRM			0	1	0	0	1	0	1										3
20	LP1NRN			1	1	1	0	0	0	1										4
20	LP1NSR			1	0	0	2	1	0	1										5
20	LP29PL			0	0	0	0	0	1	0										1
20	LP29RN			1	1	1	2	0	1	0										6
20	LP3PRM			1	1	1	1	1	1	1										7
20	LP3PRN			1	1	2	1	0	1	0										6
20	LP6WRC			1	1	0	0	0	0	0										2
20	LP71OX			1	0	1	1	1	0	1										5
20	LP71PL			1	0	1	1	0	1	0										4
20	LP8PRM			0	1	2	2	1	0	0										6
20	LP8PRN			0	1	1	0	0	0	0										2
20	Totales LP	0	0	13	24	31	33	15	12	12	0	0	0	0	0	0	0	0	0	140
20	NU3MN8			0	0	0	0	1	1	1										3
20	Totales NU	0	0	0	0	0	0	1	1	1	0	0	0	0	0	0	0	0	0	3
20	P646RM			0	1	1	0	0	0	0										2
20	P646RN			1	1	0	0	1	0	0										3
20	P673GR			0	1	1	0	1	1	0										4
20	P686IA			0	0	0	0	0	1	0										1
20	P686RM			0	1	1	1	1	2	0										6
20	P686RN			0	0	1	0	1	0	0										2
20	Totales P6	0	0	1	4	4	1	4	4	0	0	0	0	0	0	0	0	0	0	18
20	QR1PCD			0	1	1	1	0	1	0										4
20	QR1PNI			0	1	1	1	1	1	0										5
20	QR2ABN			0	1	2	1	1	1	0										6
20	QR2CRN			1	0	0	1	0	0	0										2
20	QR2PRC			1	0	1	1	1	0	1										5
20	QR2PRN			1	1	1	1	0	0	1										5
20	QR2WRN			1	0	2	0	1	0	1										5
20	QR3RN3			1	2	1	0	1	0	1										6
20	Totales QR	0	0	5	6	9	6	5	3	4	0	0	0	0	0	0	0	0	0	38
20	R214CF			0	1	2	2	1	1	1										8
20	R214SN			0	1	1	1	1	1	0										5
20	R214SR			0	0	1	1	0	1	0										3
20	R214XO			0	1	1	1	0	1	1										5
20	Totales R2	0	0	0	3	5	5	2	4	2	0	0	0	0	0	0	0	0	0	21
20	R480RO			1	1	1	1	0	0	0										4
20	R480VE			1	1	2	0	0	1	0										5
20	Totales R4	0	0	2	2	3	1	0	1	0	0	0	0	0	0	0	0	0	0	9
20	RA03NE			0	1	1	2	1	0	0										5
20	RA03RM			0	1	1	2	0	0	0										4
20	RA05NR			0	1	1	1	1	1	1										6
20	RA05RM			0	1	1	1	0	1	0										4
20	RA07NE			0	1	1	2	0	1	0										5
20	RA07RO			0	1	1	0	1	1	0										4
20	RA07XO			0	1	1	2	1	0	0										5
20	RA15NE			0	0	2	1	0	0	0										3
20	RA15XO			0	1	2	1	0	0	0										4
20	RA21GR			1	1	1	1	1	0	1										6
20	RA21RO			1	1	0	1	0	0	0										3
20	RA47BR			0	1	0	1	0	0	0										2
20	RA47XO			0	1	1	0	1	1	0										4
20	RA90XM			0	1	1	1	1	1	0										5
20	RA90XO			1	1	0	1	1	1	0										5
20	RA94NE			0	1	2	2	1	1	0										7
20	RA94XO			1	1	1	2	1	1	1										8
20	RA95NE			0	1	1	1	0	1	0										4
20	RA95RO			0	2	1	1	1	1	0										6
20	RA95XO			2	3	1	1	2	0	0										9
20	RA96NE			1	1	0	1	0	1	0										4
20	RA96RO			0	0	1	1	0	0	0										2
20	RA96XO			0	1	0	0	0	0	0										1
20	RA98N*			0	1	1	2	1	1	0										6
20	RA98NE			0	1	1	1	1	0	0										4
20	RA98RO			0	1	0	0	1	1	0										3
20	RA98XO			0	1	1	1	1	0	1										5
20	Totales RA	0	0	7	28	24	30	17	14	4	0	0	0	0	0	0	0	0	0	124
20	RB45AN			1	1	0	1	0	0	1										4
20	RB45SN			0	0	0	0	0	0	1										1
20	Totales RB	0	0	1	1	0	1	0	0	2	0	0	0	0	0	0	0	0	0	5
20	RC30MA			0	1	1	2	1	1	1										7
20	RC30NE			1	1	1	0	1	1	0										5
20	RC30RO			1	1	2	0	0	1	0										5
20	RC35AZ			0	1	1	1	0	1	0										4
20	RC35NE			0	1	0	0	0	0	0										1
20	RC36RO			0	1	1	1	1	0	0										4
20	Totales RC	0	0	2	6	6	4	3	4	1	0	0	0	0	0	0	0	0	0	26
20	RD68NE			0	1	1	0	2	0	0										4
20	RD68XO			0	0	1	1	1	0	0										3
20	Totales RD	0	0	0	1	2	1	3	0	0	0	0	0	0	0	0	0	0	0	7
20	RF02LU			0	1	1	1	1	1	0										5
20	Totales RF	0	0	0	1	1	1	1	1	0	0	0	0	0	0	0	0	0	0	5
20	RG59CF			0	1	1	1	1	0	1										5
20	RG59MI			1	1	1	0	1	0	0										4
20	RG59NE			1	1	0	0	1	1	0										4
20	RG67NE			1	0	2	0	1	0	0										4
20	RG67XO			0	1	2	2	1	0	1										7
20	RG70AZ			1	0	1	1	1	1	0										5
20	RG70LU			1	2	2	1	1	1	0										8
20	RG88NE			1	0	1	1	1	1	1										6
20	RG88RO			1	0	0	2	1	0	1										5
20	Totales RG	0	0	7	6	10	8	9	4	4	0	0	0	0	0	0	0	0	0	48
20	RS00CR			0	1	0	0	1	1	0										3
20	RS00RN			1	0	1	1	1	1	0										5
20	RS06MB			0	1	0	0	0	1	0										2
20	RS06RN			0	1	0	1	0	1	0										3
20	RS0X*C			0	1	2	2	1	1	0										7
20	RS0XIA			0	1	2	2	0	1	1										7
20	RS0XRN			1	0	1	2	1	1	1										7
20	RS17RN			1	1	1	1	1	1	0										6
20	RS37M3			1	1	0	1	1	1	1										6
20	RS37N3			0	1	2	1	0	1	1										6
20	RS3BN1			0	1	2	2	1	1	0										7
20	RS3NRN			0	0	0	1	1	0	0										2
20	RS3WRC			1	1	0	0	0	1	1										4
20	RS3WRN			0	0	0	0	0	1	1										2
20	RS48BR			0	1	0	0	1	0	0										2
20	RS48DO			1	0	0	1	0	0	1										3
20	RS48MB			1	2	0	2	1	0	1										7
20	RS48RN			1	1	2	2	1	1	1										9
20	RS49C1			0	1	2	2	0	1	0										6
20	RS4NML			0	1	1	1	1	0	0										4
20	RS4NRN			0	1	3	2	1	1	1										9
20	RS4NSR			0	0	0	0	1	0	0										1
20	RS57RT			0	0	0	1	0	0	0										1
20	RS57SR			0	1	0	2	1	1	0										5
20	RS5BF5			0	1	1	1	0	0	0										3
20	RS5BN1			1	1	1	1	1	0	0										5
20	RS61L1			1	0	0	1	1	1	0										4
20	RS61N1			1	1	1	1	1	1	1										7
20	RS64OX			1	1	1	2	1	1	1										8
20	RS64RN			1	1	1	1	0	0	1										5
20	RS64SR			2	0	1	1	1	1	0										6
20	RS72PL			1	1	0	1	0	0	0										3
20	RS72RN			1	1	0	0	1	1	1										5
20	RS87LA			1	1	2	2	1	1	0										8
20	RS87RN			0	1	2	2	1	1	0										7
20	RS9YMB			0	1	0	3	2	1	0										7
20	RS9YRN			1	0	2	2	0	1	1										7
20	RS9YSR			1	1	1	2	1	1	1										8
20	Totales RS	0	0	20	29	32	47	26	27	16	0	0	0	0	0	0	0	0	0	197
20	SV3RCM			1	1	2	3	0	1	0										8
20	SV9BRN			1	0	0	0	0	1	0										2
20	Totales SV	0	0	2	1	2	3	0	2	0	0	0	0	0	0	0	0	0	0	10
20	T52BRN			0	0	1	0	1	0	0										2
20	T581RN			1	1	0	0	0	0	0										2
20	T589RN			0	0	0	1	0	0	0										1
20	Totales T5	0	0	1	1	1	1	1	0	0	0	0	0	0	0	0	0	0	0	5
20	UN2XLA			0	0	1	1	1	1	0										4
20	UN2XRN			1	1	1	2	1	1	1										8
20	UN3CPD			0	1	0	0	0	0	0										1
20	UN4BG2			0	1	1	1	0	1	0										4
20	UN4CDC			0	1	1	1	1	1	0										5
20	UN6DC2			0	1	2	1	1	1	0										6
20	UN6DN3			0	1	2	1	1	0	0										5
20	Totales UN	0	0	1	6	8	7	5	5	1	0	0	0	0	0	0	0	0	0	33
20	VT1BIA			1	0	1	1	0	1	1										5
20	VT1BRN			1	2	1	0	0	1	0										5
20	VT4ARM			0	0	0	1	0	0	0										1
20	VT4ARN			1	1	1	1	0	1	1										6
20	VT4ASR			1	1	2	1	0	0	0										5
20	VT7R05			1	1	1	0	0	0	0										3
20	VT8EOX			1	1	0	2	1	0	1										6
20	VT8ERN			1	1	2	2	2	1	1										10
20	VT8ESR			1	1	0	2	1	1	1										7
20	VT94BR			1	1	1	2	0	1	1										7
20	VT94RC			0	1	2	0	1	0	1										5
20	VT94RN			2	0	1	3	0	1	1										8
20	VT97A1			0	0	0	0	1	0	1										2
20	VT97A9			0	0	0	0	0	1	0										1
20	VT97BG			1	0	2	0	0	1	1										5
20	Totales VT	0	0	12	10	14	15	6	9	10	0	0	0	0	0	0	0	0	0	76
20	WD8CRM			0	0	0	0	0	1	0										1
20	WD8CRN			1	1	2	1	1	0	0										6
20	Totales WD	0	0	1	1	2	1	1	1	0	0	0	0	0	0	0	0	0	0	7
20	X302BR			1	1	1	0	1	0	0										4
20	X302RN			2	1	1	2	0	1	0										7
20	X32RT6			0	1	1	0	1	0	0										3
20	X332AD			0	1	2	1	1	0	0										5
20	X332AZ			0	0	0	1	0	1	0										2
20	X332MD			0	1	1	1	1	1	0										5
20	X332NG			0	1	2	1	0	1	0										5
20	X343RN			0	0	1	0	0	0	0										1
20	X355AS			1	0	0	0	0	0	0										1
20	X355CR			1	1	0	0	0	0	0										2
20	X355RN			1	0	1	0	0	0	0										2
20	X355SR			0	1	0	0	0	0	0										1
20	X360RG			0	0	0	1	0	0	0										1
20	X36Y*F			0	1	0	0	0	1	0										2
20	X36YR1			0	1	2	1	1	1	0										6
20	X376N3			1	1	1	1	0	0	1										5
20	Totales X3	0	0	7	11	13	9	5	6	1	0	0	0	0	0	0	0	0	0	52
20	YK6BMB			0	0	1	0	0	0	0										1
20	Totales YK	0	0	0	0	1	0	0	0	0	0	0	0	0	0	0	0	0	0	1
20	Z150BG			1	1	1	1	0	1	0										5
20	Z150BR			0	1	0	1	0	0	0										2
20	Z151RO			0	1	2	2	0	1	0										6
20	Totales Z1	0	0	1	3	3	4	0	2	0	0	0	0	0	0	0	0	0	0	13
20	Z207RO			0	1	1	0	0	0	1										3
20	Z210NE			0	1	1	1	0	1	0										4
20	Totales Z2	0	0	0	2	2	1	0	1	1	0	0	0	0	0	0	0	0	0	7
20	Z451BR			0	1	1	0	0	0	0										2
20	Z451NE			0	1	1	1	0	1	0										4
20	Z452RO			0	0	1	0	1	0	0										2
20	Z453CF			0	3	2	1	0	0	0										6
20	Z454AZ			0	1	0	0	0	0	0										1
20	Z454MA			0	1	1	1	0	0	0										3
20	Z455CF			0	0	1	0	1	0	0										2
20	Z455NE			1	0	1	1	1	0	0										4
20	Z456MI			0	1	2	1	1	0	0										5
20	Z456NE			0	1	1	1	0	0	0										3
20	Totales Z4	0	0	1	9	11	6	4	1	0	0	0	0	0	0	0	0	0	0	32
20	Z590AZ			0	1	0	0	1	0	0										2
20	Z590NE			0	1	0	0	0	0	0										1
20	Z592BR			0	0	1	0	0	0	0										1
20	Z592NE			0	1	1	0	1	0	0										3
20	Z593BG			0	1	0	0	1	1	0										3
20	Z593RO			0	1	1	1	1	1	0										5
20	Z594AZ			0	0	0	0	0	1	0										1
20	Z595AZ			0	1	1	0	0	0	0										2
20	Totales Z5	0	0	0	6	4	1	4	3	0	0	0	0	0	0	0	0	0	0	18
20	Z701CF			0	1	1	0	0	0	0										2
20	Z701GR			1	1	0	2	0	0	0										4
20	Z703DO			0	1	1	0	1	1	0										4
20	Z704DO			0	1	2	1	1	2	0										7
20	Z704NE			1	1	1	0	0	1	0										4
20	Z707MA			0	1	0	1	0	0	0										2
20	Z707NE			0	1	2	1	0	1	0										5
20	Z708BG			0	1	1	1	1	0	0										4
20	Z709DO			0	0	1	1	1	0	0										3
20	Z709NE			0	1	2	1	0	0	0										4
20	Totales Z7	0	0	2	9	11	8	4	5	0	0	0	0	0	0	0	0	0	0	39
20	ZA13BR			0	1	1	1	1	1	0										5
20	ZA14TA			0	1	0	0	0	0	0										1
20	ZA19BR			0	1	2	1	0	1	0										5
20	ZA19RO			1	0	0	0	1	1	0										3
20	ZA28AZ			0	1	1	1	0	1	0										4
20	ZA28OX			0	0	0	1	0	1	0										2
20	ZA29RO			1	1	0	0	1	0	1										4
20	ZA30B*			0	1	0	0	1	0	0										2
20	ZA31BG			1	0	1	0	0	0	0										2
20	ZA31CF			0	1	1	1	1	1	0										5
20	ZA33AZ			0	1	0	0	1	1	0										3
20	ZA33BR			0	0	1	0	0	1	0										2
20	ZA79NE			0	1	0	0	0	0	0										1
20	Totales ZA	0	0	3	9	7	5	6	8	1	0	0	0	0	0	0	0	0	0	39
20	ZCD1B*			0	1	1	1	0	0	0										3
20	ZCD1NE			0	0	1	1	1	1	0										4
20	ZCD3AZ			0	1	2	1	0	0	0										4
20	ZCD3BR			0	1	1	2	1	0	0										5
20	ZCD3VI			0	1	1	1	1	0	0										4
20	ZCD3XO			0	0	1	1	1	1	0										4
20	ZCD4BR			0	1	1	1	0	0	0										3
20	ZCD4MB			0	1	1	1	1	0	0										4
20	ZCD5NE			1	1	1	2	1	1	0										7
20	ZCD5XO			0	1	1	1	1	1	0										5
20	Totales ZC	0	0	1	8	11	12	7	4	0	0	0	0	0	0	0	0	0	0	43
20	ZD34NE			1	0	0	0	0	0	0										1
20	Totales ZD	0	0	1	0	0	0	0	0	0	0	0	0	0	0	0	0	0	0	1
20	ZF26BR			0	1	1	1	0	0	0										3
20	ZF26C*			0	1	2	1	1	0	0										5
20	ZF27MO			0	1	1	1	0	0	0										3
20	ZF34NE			0	0	1	1	1	0	1										4
20	ZF34XO			1	1	1	1	2	1	0										7
20	ZF35BR			0	1	2	4	0	1	0										8
20	ZF38B*			0	0	0	1	0	1	0										2
20	ZF39AZ			0	0	0	1	1	0	0										2
20	ZF39RO			0	0	1	1	0	0	0										2
20	ZF46HF			0	1	2	3	4	1	0										11
20	ZF46RO			0	0	0	0	1	0	0										1
20	ZF48BG			1	1	1	1	0	0	0										4
20	ZF49BR			1	1	1	2	1	0	0										6
20	ZF50C*			0	1	1	3	1	1	0										7
20	ZF50NE			0	1	1	3	1	1	0										7
20	ZF51AS			0	1	2	0	1	0	0										4
20	ZF51OR			0	0	0	0	1	0	0										1
20	ZF72NE			0	3	2	0	1	1	0										7
20	ZF72RO			0	1	1	2	0	0	0										4
20	Totales ZF	0	0	3	15	20	26	16	7	1	0	0	0	0	0	0	0	0	0	88
20	ZG23AZ			1	1	0	1	0	1	1										5
20	ZG23BG			0	0	0	1	0	0	1										2
20	ZG23NE			1	2	0	0	0	0	0										3
20	ZG24MB			0	0	1	1	1	1	0										4
20	ZG24NE			0	0	1	0	0	0	0										1
20	ZG25AS			0	0	0	0	0	1	0										1
20	ZG25NE			0	0	1	0	0	0	1										2
20	Totales ZG	0	0	2	3	3	3	1	3	3	0	0	0	0	0	0	0	0	0	18
20	ZH80LU			0	0	1	1	1	0	1										4
20	ZH80NE			0	1	1	1	2	1	0										6
20	ZH81RO			0	1	0	1	0	1	0										3
20	ZH82VE			1	1	1	0	0	1	0										4
20	ZH83BR			0	1	3	0	1	1	0										6
20	ZH84MA			1	1	1	1	0	1	0										5
20	ZH84NE			0	1	1	0	1	0	0										3
20	ZH85DO			1	1	2	1	0	0	0										5
20	Totales ZH	0	0	3	7	10	5	5	5	1	0	0	0	0	0	0	0	0	0	36
20	ZJ01MB			0	0	2	1	1	1	0										5
20	ZJ01RN			0	0	0	2	1	0	0										3
20	ZJ02HR			0	1	0	0	0	0	0										1
20	ZJ02RN			0	1	0	1	0	0	0										2
20	ZJ07MB			1	1	1	0	1	1	0										5
20	ZJ08RN			0	0	0	0	1	0	0										1
20	ZJ08RO			0	0	0	1	0	1	0										2
20	ZJ09CF			0	1	2	0	0	0	0										3
20	ZJ09RN			0	1	2	0	0	1	0										4
20	ZJ13CF			0	1	0	1	0	0	0										2
20	ZJ13RN			0	1	0	0	0	0	0										1
20	ZJ15MI			0	0	1	0	1	0	0										2
20	ZJ18AZ			0	0	1	1	0	1	0										3
20	ZJ18CF			0	0	1	1	0	0	0										2
20	ZJ19RN			0	1	0	0	0	0	0										1
20	ZJ30BR			0	0	0	0	0	1	0										1
20	ZJ31AS			0	0	1	0	0	0	0										1
20	ZJ31BG			0	0	0	0	0	1	0										1
20	ZJ32DO			1	0	0	1	0	0	0										2
20	ZJ33HR			1	0	2	1	0	0	0										4
20	ZJ33VE			1	1	2	1	1	1	0										7
20	ZJ34CR			2	0	0	2	0	1	0										5
20	ZJ34NE			1	1	2	1	0	0	0										5
20	ZJ34RO			0	0	1	0	0	0	0										1
20	ZJ35AZ			0	1	0	0	0	0	1										2
20	ZJ35MI			0	1	1	1	0	0	0										3
20	ZJ40BG			0	1	0	0	0	0	0										1
20	ZJ40BR			0	1	1	0	1	0	0										3
20	ZJ41DO			0	1	1	1	1	1	0										5
20	ZJ41NE			1	1	1	1	1	1	0										6
20	ZJ42CF			0	0	1	1	0	0	0										2
20	ZJ42RN			0	1	0	1	0	0	0										2
20	ZJ50BR			0	1	1	1	0	0	0										3
20	ZJ50PL			0	1	0	2	0	0	0										3
20	Totales ZJ	0	0	8	19	24	22	9	11	1	0	0	0	0	0	0	0	0	0	94
20	ZQ04BR			0	0	2	1	0	1	1										5
20	ZQ04OR			0	1	2	1	0	0	0										4
20	ZQ05AS			0	0	3	0	0	0	0										3
20	ZQ05AZ			0	1	2	0	0	0	0										3
20	ZQ07RS			1	0	2	2	1	1	0										7
20	ZQ07TU			0	1	0	1	1	0	0										3
20	ZQ09BR			0	0	0	0	0	1	0										1
20	ZQ09NE			0	0	0	1	0	1	0										2
20	ZQ10AZ			0	0	0	1	0	1	0										2
20	ZQ10BG			1	1	1	0	0	0	0										3
20	ZQ11NE			1	1	0	0	0	0	0										2
20	ZQ15RO			1	1	0	0	1	0	0										3
20	ZQ20RO			0	0	0	0	1	0	0										1
20	ZQ24DO			0	0	2	1	0	1	0										4
20	ZQ24RO			0	1	2	3	0	0	0										6
20	ZQ30BR			0	0	2	1	1	1	0										5
20	ZQ31C*			0	1	3	0	0	0	0										4
20	ZQ34RO			0	0	2	2	1	0	0										5
20	ZQ35CF			0	0	0	0	0	2	0										2
20	ZQ36DO			0	0	1	1	0	0	0										2
20	ZQ37RS			0	0	0	1	0	0	0										1
20	ZQ37VE			0	0	1	1	0	0	0										2
20	ZQ40NE			0	0	0	0	0	1	0										1
20	ZQ41CF			0	1	1	1	0	0	0										3
20	Totales ZQ	0	0	4	9	26	18	6	10	1	0	0	0	0	0	0	0	0	0	74
20	ZUA1BR			0	0	1	1	0	0	0										2
20	ZUA1GR			1	0	0	0	0	1	0										2
20	ZUT1VE			0	0	1	0	0	0	0										1
20	ZUT1XO			0	1	1	0	0	1	0										3
20	Totales ZU	0	0	1	1	3	1	0	2	0	0	0	0	0	0	0	0	0	0	8
20	ZV52RS			0	1	2	0	1	0	0										4
20	ZV52XM			1	0	1	1	0	0	0										3
20	ZV54BG			1	0	0	0	0	1	0										2
20	ZV55BR			0	0	0	0	1	0	0										1
20	ZV57LU			0	0	2	2	1	0	0										5
20	ZV58CF			0	1	2	1	1	1	0										6
20	ZV58NR			0	0	1	0	0	0	0										1
20	ZV60LU			0	1	2	1	0	0	0										4
20	ZV61BR			0	1	1	1	1	1	0										5
20	ZV61NE			0	0	2	2	1	1	0										6
20	ZV62AZ			0	0	1	2	1	1	0										5
20	ZV62DO			0	1	1	1	0	0	0										3
20	ZV63BR			0	0	1	3	2	0	0										6
20	Totales ZV	0	0	2	5	16	14	9	5	0	0	0	0	0	0	0	0	0	0	51
20	ZWP1AZ			1	2	7	6	5	0	0										21
20	ZWP1MA			2	1	9	5	4	0	0										21
20	ZWP1NE			1	3	7	11	7	0	0										29
20	ZWP1NR			0	0	2	1	1	0	0										4
20	ZWP1RO			1	2	4	4	2	0	1										14
20	ZWP1VI			1	2	5	6	3	0	0										17
20	ZWP2BG			1	1	7	9	8	1	0										27
20	ZWP2GR			0	3	6	4	3	2	1										19
20	ZWP2MA			1	2	8	8	4	1	1										25
20	ZWP2NE			0	2	11	12	6	3	0										34
20	ZWP2RO			0	1	0	0	0	0	0										1
20	Totales ZW	0	0	8	19	66	66	43	7	3	0	0	0	0	0	0	0	0	0	212
20	ZX35NE			0	1	2	1	1	1	0										6
20	ZX35XO			0	1	2	1	0	0	0										4
20	ZX36NE			0	1	1	0	0	0	0										2
20	ZX36UV			0	1	1	1	0	1	0										4
20	ZX38BR			0	1	1	1	1	0	0										4
20	ZX38NE			0	0	1	1	0	1	0										3
20	Totales ZX	0	0	0	5	8	5	2	3	0	0	0	0	0	0	0	0	0	0	23
20	ZY80NE			0	1	1	1	0	1	0										4
20	ZY80RO			0	0	1	0	1	0	0										2
20	ZY81NE			0	1	1	1	1	1	0										5
20	ZY82BG			0	1	0	0	0	0	0										1
20	ZY82MA			0	1	1	0	1	0	0										3
20	Totales ZY	0	0	0	4	4	2	3	2	0	0	0	0	0	0	0	0	0	0	15
20	CREMA**	22																		22
20	CREMAAC	4																		4
20	CREMACE	1																		1
20	CREMAES	1																		1
20	CREMAIM	2																		2
20	CREMAM*	20																		20
20	CREMAN*	40																		40
20	CREMANE	1																		1
20	CREMARO	2																		2
20	CREMAXO	1																		1
20	Totales CR	94	0	0	0	0	0	0	0	0	0	0	0	0	0	0	0	0	0	94
20	O303MI	1																		1
20	O304RO	1																		1
20	O322CF	1																		1
20	O323HF	1																		1
20	O323NE	1																		1
20	O350CN	1																		1
20	O350NE	1																		1
20	O3B1NE	2																		2
20	O3B1VE	1																		1
20	O3B2AZ	1																		1
20	O3B2NE	1																		1
20	O3B3A*	1																		1
20	O3B3MI	1																		1
20	O3B3N*	1																		1
20	O3B4A*	1																		1
20	O3B4N*	1																		1
20	O3C1NE	2																		2
20	O3C1VE	1																		1
20	O3C2A*	2																		2
20	O3C2N*	1																		1
20	O3M1AZ	1																		1
20	O3M1VE	1																		1
20	O3M2A*	2																		2
20	O3T1VE	1																		1
20	O3T2N*	1																		1
20	Totales O3	29	0	0	0	0	0	0	0	0	0	0	0	0	0	0	0	0	0	29
20	OC05NE	1																		1
20	OC09BR	1																		1
20	OC09NE	1																		1
20	OC17NE	1																		1
20	OC63BR	1																		1
20	OC68MI	1																		1
20	OC76DO	1																		1
20	OC76NE	1																		1
20	OC97RO	1																		1
20	Totales OC	9	0	0	0	0	0	0	0	0	0	0	0	0	0	0	0	0	0	9
20	OD30BR	1																		1
20	Totales OD	1	0	0	0	0	0	0	0	0	0	0	0	0	0	0	0	0	0	1
20	OE22HF	1																		1
20	OE22NE	1																		1
20	OEB2R2	1																		1
20	OEB3R2	1																		1
20	OEC2R2	2																		2
20	OEL1R1	1																		1
20	OEL1RO	1																		1
20	OEL2R2	1																		1
20	OEM2R2	1																		1
20	OET2NE	1																		1
20	Totales OE	11	0	0	0	0	0	0	0	0	0	0	0	0	0	0	0	0	0	11
20	OF17AS	1																		1
20	OF17AZ	1																		1
20	OF17RO	1																		1
20	OF18BR	1																		1
20	OF18RO	1																		1
20	OF19BR	1																		1
20	OF19RO	1																		1
20	OFC1AS	1																		1
20	OFC2BR	2																		2
20	OFC2RO	2																		2
20	OFL1AS	2																		2
20	OFL1AZ	1																		1
20	OFL2BR	2																		2
20	OFL2RO	2																		2
20	OFM2BR	1																		1
20	OFT2BR	1																		1
20	Totales OF	21	0	0	0	0	0	0	0	0	0	0	0	0	0	0	0	0	0	21
20	OG02CF	1																		1
20	OG02NE	1																		1
20	OG12HF	1																		1
20	Totales OG	3	0	0	0	0	0	0	0	0	0	0	0	0	0	0	0	0	0	3
20	OHB1UV	1																		1
20	Totales OH	1	0	0	0	0	0	0	0	0	0	0	0	0	0	0	0	0	0	1
20	OK2TNE	1																		1
20	OK35NE	1																		1
20	OK35OR	1																		1
20	OK36NE	1																		1
20	OK80CF	1																		1
20	OKB1AL	2																		2
20	OKB3XO	1																		1
20	OKB4NR	1																		1
20	OKC2RO	1																		1
20	OKL1AL	1																		1
20	OKL2RO	1																		1
20	OKL4NR	1																		1
20	OKP2RO	1																		1
20	OKT1AL	1																		1
20	OKT2RO	1																		1
20	OKT2XO	1																		1
20	OKT4NR	1																		1
20	Totales OK	18	0	0	0	0	0	0	0	0	0	0	0	0	0	0	0	0	0	18
20	OL65NE	1																		1
20	Totales OL	1	0	0	0	0	0	0	0	0	0	0	0	0	0	0	0	0	0	1
20	OM34NE	1																		1
20	OM36NE	1																		1
20	Totales OM	2	0	0	0	0	0	0	0	0	0	0	0	0	0	0	0	0	0	2
20	ON31MI	1																		1
20	ON34CF	1																		1
20	ON46MB	1																		1
20	ON46NE	1																		1
20	Totales ON	4	0	0	0	0	0	0	0	0	0	0	0	0	0	0	0	0	0	4
20	OO26NE	1																		1
20	Totales OO	1	0	0	0	0	0	0	0	0	0	0	0	0	0	0	0	0	0	1
20	OP56BR	1																		1
20	OP56NE	1																		1
20	OP59MB	1																		1
20	OP59NE	1																		1
20	Totales OP	4	0	0	0	0	0	0	0	0	0	0	0	0	0	0	0	0	0	4
20	OQ57RO	1																		1
20	OQ58R*	1																		1
20	OQ58RO	1																		1
20	OQ59AZ	1																		1
20	OQ59NE	1																		1
20	OQ60AZ	1																		1
20	OQ60CF	1																		1
20	OQC1R*	1																		1
20	OQC2R*	1																		1
20	OQC2RO	2																		2
20	OQL1R*	1																		1
20	OQT1RO	1																		1
20	Totales OQ	13	0	0	0	0	0	0	0	0	0	0	0	0	0	0	0	0	0	13
20	OT21NE	1																		1
20	OT40HF	1																		1
20	OT46NE	1																		1
20	OT51CF	2																		2
20	OT51RO	1																		1
20	OT52CF	2																		2
20	OT52RO	2																		2
20	OT54CQ	2																		2
20	OT54PL	2																		2
20	OT56CQ	2																		2
20	OT56PL	1																		1
20	OT57AZ	1																		1
20	OT57FS	1																		1
20	OT57MB	1																		1
20	OT57NE	1																		1
20	OT58AZ	1																		1
20	OT58FS	1																		1
20	OT58MB	1																		1
20	OT63NE	1																		1
20	OT63RO	1																		1
20	OT64NE	1																		1
20	OT65AS	1																		1
20	OT65HF	1																		1
20	OT68D*	1																		1
20	OT69D*	1																		1
20	OT75BG	1																		1
20	OT76RS	1																		1
20	OTC*CQ	2																		2
20	OTC3MB	1																		1
20	OTC4CF	1																		1
20	OTC4RO	1																		1
20	OTC5RS	1																		1
20	OTC8HF	1																		1
20	OTC9D*	1																		1
20	OTL1CQ	2																		2
20	OTL1PL	1																		1
20	OTL1RO	2																		2
20	OTM1CQ	2																		2
20	OTM5AZ	1																		1
20	OTP6CF	1																		1
20	OTP6CQ	2																		2
20	OTP6PL	2																		2
20	OTP6RO	1																		1
20	OTP8**	3																		3
20	OTT6CQ	2																		2
20	OTT6PL	2																		2
20	OTT6RO	2																		2
20	OTT9D*	1																		1
20	Totales OT	65	0	0	0	0	0	0	0	0	0	0	0	0	0	0	0	0	0	65
20	OU19NE	1																		1
20	OU21BG	1																		1
20	OU21NE	1																		1
20	OU55CF	1																		1
20	Totales OU	4	0	0	0	0	0	0	0	0	0	0	0	0	0	0	0	0	0	4
20	OVB6BG	1																		1
20	OVB8MB	1																		1
20	OVB9NE	1																		1
20	OVM4C*	1																		1
20	Totales OV	4	0	0	0	0	0	0	0	0	0	0	0	0	0	0	0	0	0	4
20	OX10NE	1																		1
20	OX10RO	1																		1
20	OX12HF	1																		1
20	OX13NE	1																		1
20	OX24NE	1																		1
20	Totales OX	5	0	0	0	0	0	0	0	0	0	0	0	0	0	0	0	0	0	5
20	OY01NR	1																		1
20	Totales OY	1	0	0	0	0	0	0	0	0	0	0	0	0	0	0	0	0	0	1
20	OZB2RO	1																		1
20	Totales OZ	1	0	0	0	0	0	0	0	0	0	0	0	0	0	0	0	0	0	1
20	TARJETA	16																		16
20	Totales TA	16	0	0	0	0	0	0	0	0	0	0	0	0	0	0	0	0	0	16
20	ZI56CN	1																		1
20	Totales ZI	1	0	0	0	0	0	0	0	0	0	0	0	0	0	0	0	0	0	1
20	ZS90VE	1																		1
20	Totales ZS	1	0	0	0	0	0	0	0	0	0	0	0	0	0	0	0	0	0	1
20	ZT59NE	1																		1
20	Totales ZT	1	0	0	0	0	0	0	0	0	0	0	0	0	0	0	0	0	0	1
20	O1C1HF		0	0		0		0		1		0								1
20	Totales O1	0	0	0	0	0	0	0	0	1	0	0	0	0	0	0	0	0	0	1
20	O401HF		0	0		0		0		1		0								1
20	O401TA		0	0		0		0		2		0								2
20	O402MI		0	0		0		0		2		0								2
20	O403HF		0	0		1		0		1		0								2
20	O403LU		0	0		2		0		2		0								4
20	O404HF		0	0		0		0		2		0								2
20	O404MI		0	0		0		0		1		0								1
20	O405CQ		0	0		1		0		2		0								3
20	O406UV		0	0		1		0		2		0								3
20	O407BR		0	0		1		0		2		0								3
20	O407WI		0	0		1		0		2		0								3
20	O408NE		0	0		2		0		2		0								4
20	O408XO		0	0		2		0		2		0								4
20	O409CF		0	0		2		0		2		0								4
20	Totales O4	0	0	0	0	13	0	0	0	25	0	0	0	0	0	0	0	0	0	38
20	OH80MI		0	0		2		0		2		0								4
20	OH80NE		0	0		2		0		2		0								4
20	OHC1MI		0	0		0		0		1		0								1
20	Totales OH	0	0	0	0	4	0	0	0	5	0	0	0	0	0	0	0	0	0	9
20	OQ02HF		0	0		1		0		1		1								3
20	OQ09CF		0	0		0		0		0		1								1
20	Totales OQ	0	0	0	0	1	0	0	0	1	0	2	0	0	0	0	0	0	0	4
20	OUC1HF		0	0		0		1		0		0								1
20	OUC1NE		2	1		0		0		0		0								3
20	OUC2MI		0	0		1		1		0		0								2
20	OUC2TA		1	0		0		1		0		0								2
20	OUC3HF		0	1		2		1		1		0								5
20	OUC4HF		0	1		1		1		0		0								3
20	Totales OU	0	3	3	0	4	0	5	0	1	0	0	0	0	0	0	0	0	0	16
20	ZE74AL		0	1		0		0		1		0								2
20	ZE74HF		0	0		1		0		0		0								1
20	ZE74WB		0	1		0		0		0		0								1
20	ZE77HF		0	0		0		0		0		1								1
20	Totales ZE	0	0	2	0	1	0	0	0	1	0	1	0	0	0	0	0	0	0	5
20	O202MI														1	0	0	0		1
20	O202NE														1	0	1	0		2
20	O202RO														1	1	1	0		3
20	O203HF														1	0	1	0		2
20	O203NE														1	1	1	0		3
20	O204DO														0	0	1	0		1
20	O204GR														1	0	1	0		2
20	O205DO														0	0	1	0		1
20	O205GR														1	0	1	0		2
20	O208DO														1	1	0	0		2
20	O208GR														1	0	0	0		1
20	Totales O2	0	0	0	0	0	0	0	0	0	0	0	0	0	9	3	8	0	0	20
20	O421A*														1	1	0	0		2
20	O421C*														1	1	0	0		2
20	O421N*														1	1	0	0		2
20	O421R*														1	1	0	0		2
20	O422A*														1	0	0	0		1
20	O422C*														1	1	0	0		2
20	O422N*														0	1	0	0		1
20	O422R*														1	0	0	0		1
20	O451TA														0	1	0	0		1
20	Totales O4	0	0	0	0	0	0	0	0	0	0	0	0	0	7	7	0	0	0	14
20	OA46NE														0	1	0	0		1
20	Totales OA	0	0	0	0	0	0	0	0	0	0	0	0	0	0	1	0	0	0	1
20	OD02CQ														0	1	0	0		1
20	OD03AZ														0	1	0	1		2
20	OD03NE														1	0	0	1		2
20	OD07HF														1	1	0	0		2
20	OD08HF														0	1	0	0		1
20	OD08RO														0	0	0	1		1
20	Totales OD	0	0	0	0	0	0	0	0	0	0	0	0	0	2	4	0	3	0	9
20	OH51TA														2	2	0	0		4
20	OH51XO														2	1	0	0		3
20	OH52AZ														2	0	0	0		2
20	OH52RO														1	2	0	0		3
20	Totales OH	0	0	0	0	0	0	0	0	0	0	0	0	0	7	5	0	0	0	12
20	OP03NE														2	0	0	0		2
20	OP03RO														1	0	0	0		1
20	OP14NE														1	0	0	0		1
20	OP38MI														1	2	0	0		3
20	OP96UV														1	1	0	0		2
20	Totales OP	0	0	0	0	0	0	0	0	0	0	0	0	0	6	3	0	0	0	9
20	OQ05CF														0	0	1	0		1
20	OQ05HF														0	1	0	0		1
20	Totales OQ	0	0	0	0	0	0	0	0	0	0	0	0	0	0	1	1	0	0	2
20	Total	311	3	148	308	485	449	341	303	301	223	154	41	17	31	24	9	3	0	3151
12	0D18JL					0	0	1	1	1	1	0	0	0					0	4
12	0D58RC					0	0	0	1	1	1	0	0	0					0	3
12	0D70EB					0	0	1	1	0	0	0	0	0					0	2
12	0D70N8					0	0	1	1	1	1	0	0	0					0	4
12	Totales 0D	0	0	0	0	0	0	3	4	3	3	0	0	0	0	0	0	0	0	13
12	0X16XM					0	0	0	0	0	1	1	1	0						3
12	0X60XN					0	0	0	0	0	1	2	0	0						3
12	0X86XL					0	0	0	0	0	1	1	1	0						3
12	0X86XN					0	0	0	0	0	1	1	0	0						2
12	0X98XM					0	0	0	0	2	1	1	1	0						5
12	Totales 0X	0	0	0	0	0	0	0	0	2	5	6	3	0	0	0	0	0	0	16
12	1C18GN					0	0	0	2	3	0	0	0	0						5
12	Totales 1C	0	0	0	0	0	0	0	2	3	0	0	0	0	0	0	0	0	0	5
12	2N75CL					0	0	0	0	0	0	1	0	0					0	1
12	Totales 2N	0	0	0	0	0	0	0	0	0	0	1	0	0	0	0	0	0	0	1
12	3B00XC					0	0	2	0	0	0	0	1	0						3
12	3B01XN					0	0	0	0	0	0	1	0	0						1
12	3B02NM					0	0	1	0	0	0	2	0	0						3
12	3B02TN					0	0	0	0	0	1	1	0	0						2
12	3B02XG					0	0	0	0	0	0	0	1	0						1
12	3B15XJ					0	1	0	1	1	1	1	0	0						5
12	3B15XN					0	0	1	1	1	1	0	0	0						4
12	3B22XN					0	1	0	1	2	1	1	0	0					0	6
12	3B26TL					0	0	1	1	1	1	0	0	0						4
12	3B26TN					0	0	1	1	1	1	0	0	0						4
12	3B28TJ					0	0	1	0	0	1	0	0	0						2
12	3B28TN					0	0	0	0	1	0	0	0	0						1
12	3B49XN					0	0	0	0	1	0	1	0	0						2
12	3B95XC					0	0	0	0	0	1	0	0	0					0	1
12	3B95XN					0	0	1	1	1	1	0	0	0					0	4
12	Totales 3B	0	0	0	0	0	2	8	6	9	9	7	2	0	0	0	0	0	0	43
12	4H62XC					0	0	0	1	1	1	0	0	0					0	3
12	4H62XN					0	0	1	0	1	1	0	0	0					0	3
12	4H65XC					0	0	0	0	0	1	0	0	0					0	1
12	4H65XN					0	0	1	1	1	1	0	0	0					0	4
12	4H66XJ					0	0	1	0	1	1	0	0	0					0	3
12	4H66XN					0	0	1	1	1	1	0	0	0					0	4
12	4H72XM					0	0	1	1	1	0	0	0	0					0	3
12	4H72XN					0	0	1	1	1	0	0	0	0					0	3
12	4H77XN					0	0	1	1	1	1	0	0	0					0	4
12	4H96XN					0	0	0	1	1	0	0	0	0					0	2
12	4H97IA					0	0	1	1	1	1	0	0	0					0	4
12	4H97XN					0	0	0	1	0	1	0	0	0					0	2
12	4H98XJ					0	0	0	0	1	0	0	0	0					0	1
12	4H98XN					0	0	1	1	1	1	0	0	0					0	4
12	Totales 4H	0	0	0	0	0	0	9	10	12	10	0	0	0	0	0	0	0	0	41
12	5L33BL					0	0	0	0	0	0	1	1	0						2
12	5L33TT					0	0	0	0	0	0	2	0	0						2
12	Totales 5L	0	0	0	0	0	0	0	0	0	0	3	1	0	0	0	0	0	0	4
12	6F03TJ					0	0	0	0	1	0	0	0	0						1
12	6F03TM					0	0	1	1	1	1	0	0	0						4
12	6F17TM					0	0	0	0	1	0	0	0	0						1
12	6F24TJ					0	0	1	0	0	0	1	0	0						2
12	6F24TL					0	0	0	0	0	0	1	0	0						1
12	6F24TN					0	0	1	1	1	0	0	0	0						3
12	6F34TJ					0	0	0	1	0	0	0	0	0					0	1
12	6F34TN					0	0	1	1	0	1	0	0	0					0	3
12	6F39TJ					0	0	1	1	0	1	0	0	0						3
12	6F39TN					0	0	0	1	1	0	1	0	0						3
12	6F50TJ					0	0	0	0	1	1	0	0	0					0	2
12	6F50TN					0	0	0	0	1	1	1	0	0						3
12	6F67TL					0	0	1	1	1	1	0	0	0						4
12	6F67TN					0	0	1	1	1	0	0	0	0						3
12	Totales 6F	0	0	0	0	0	0	7	8	9	6	4	0	0	0	0	0	0	0	34
12	7M41XM					0	1	2	1	2	2	1	1	0						10
12	7M41XN					0	0	0	0	1	1	0	0	0						2
12	7M45XN					0	0	1	0	1	1	0	0	0						3
12	7M53XN					0	0	1	1	1	0	0	0	0					0	3
12	Totales 7M	0	0	0	0	0	1	4	2	5	4	1	1	0	0	0	0	0	0	18
12	8D04TN					0	0	0	0	0	0	0	1	0						1
12	8D25C8					0	0	1	0	2	1	0	0	0						4
12	8D25M8					0	1	1	0	0	0	0	1	0					0	3
12	8D37TN					0	0	0	0	0	1	0	0	0						1
12	8D54C8					0	0	1	1	0	0	0	0	0						2
12	Totales 8D	0	0	0	0	0	1	3	1	2	2	0	2	0	0	0	0	0	0	11
12	9H16XM					0	0	0	0	1	0	1	0	0						2
12	9H16XN					0	0	0	1	0	1	2	0	0						4
12	9H47XM					0	0	0	0	2	0	0	0	0						2
12	9H47XN					0	0	0	0	0	1	0	1	0						2
12	9H65XC					0	0	0	0	0	0	1	0	0						1
12	9H65XN					0	0	1	0	1	0	0	0	0						2
12	9H79XN					0	0	1	0	0	0	0	2	0						3
12	9H83XJ					0	0	1	0	0	1	1	1	0						4
12	9H89XJ					0	0	0	1	1	1	1	1	0						5
12	9H89XN					0	0	1	0	1	0	0	0	0						2
12	9H98XJ					0	0	0	0	0	1	1	1	0						3
12	Totales 9H	0	0	0	0	0	0	4	2	6	5	7	6	0	0	0	0	0	0	30
12	BH40XC					0	0	0	1	0	0	1	0	0					0	2
12	BH40XN					0	0	1	1	1	1	0	0	0					0	4
12	BH74IA					0	0	1	1	1	1	0	0	0					0	4
12	BH74XC					0	0	0	0	1	0	0	0	0					0	1
12	BH74XN					0	0	1	1	1	0	0	0	0					0	3
12	Totales BH	0	0	0	0	0	0	3	4	4	2	1	0	0	0	0	0	0	0	14
12	BJ30XL					0	0	0	0	2	1	1	0	0						4
12	BJ30XN					0	0	0	0	0	2	0	0	0						2
12	BJ51XM					0	0	1	1	0	1	0	0	0						3
12	BJ51XN					0	0	0	1	1	1	0	0	0						3
12	BJ82XM					0	0	1	1	1	1	0	0	0						4
12	BJ82XN					0	0	0	2	1	2	0	0	0						5
12	Totales BJ	0	0	0	0	0	0	2	5	5	8	1	0	0	0	0	0	0	0	21
12	M411ZC					0	0	0	1	1	1	0	0	0					0	3
12	M412J7					0	0	1	1	1	1	0	0	0					0	4
12	Totales M4	0	0	0	0	0	0	1	2	2	2	0	0	0	0	0	0	0	0	7
12	OU70CF					0	0	1	1	1	1	0	0	0					0	4
12	OU70NE					0	0	1	0	1	1	0	0	0					0	3
12	OU71CF					0	0	1	0	0	1	0	0	0					0	2
12	OU71NE					0	0	1	1	1	1	0	0	0					0	4
12	OU72AZ					0	0	1	1	1	1	0	0	0					0	4
12	OU72TA					0	0	0	1	1	1	0	0	0					0	3
12	Totales OU	0	0	0	0	0	0	5	4	5	6	0	0	0	0	0	0	0	0	20
12	R033XO					0	0	1	1	0	0	1	0	0						3
12	Totales R0	0	0	0	0	0	0	1	1	0	0	1	0	0	0	0	0	0	0	3
12	R603XN					0	1	1	0	0	0	0	0	0						2
12	R606XO					0	0	1	1	1	1	0	0	0						4
12	R622OR					0	1	0	1	1	0	1	0	0						4
12	R638XM					0	0	0	1	0	0	0	0	0						1
12	R638XO					0	0	1	1	2	1	1	0	0						6
12	R645XO					0	1	0	1	0	0	1	0	0						3
12	Totales R6	0	0	0	0	0	3	3	5	4	2	3	0	0	0	0	0	0	0	20
12	R765XN					0	0	1	1	0	0	0	0	0						2
12	R765XO					0	0	1	1	0	1	1	0	0						4
12	R766XN					0	0	0	1	2	0	0	0	0						3
12	R766XO					0	0	1	1	1	0	1	0	0						4
12	R767XM					0	0	0	1	0	0	0	0	0						1
12	R767XO					0	0	0	1	0	1	0	0	0						2
12	Totales R7	0	0	0	0	0	0	3	6	3	2	2	0	0	0	0	0	0	0	16
12	Z355XC					0	0	0	0	1	1	0	0	0					0	2
12	Z355XN					0	0	1	1	1	1	0	0	0					0	4
12	Z356XC					0	0	1	1	1	1	0	0	0					0	4
12	Z356XN					0	0	0	1	1	1	0	0	0					0	3
12	Totales Z3	0	0	0	0	0	0	2	3	4	4	0	0	0	0	0	0	0	0	13
12	Z630XO					0	0	1	1	0	1	0	0	0						3
12	Totales Z6	0	0	0	0	0	0	1	1	0	1	0	0	0	0	0	0	0	0	3
12	Z801MI					0	0	0	0	0	0	3	0	0						3
12	Z803MI					0	0	0	0	0	0	1	0	0						1
12	Totales Z8	0	0	0	0	0	0	0	0	0	0	4	0	0	0	0	0	0	0	4
12	Z902HF					0	0	0	0	0	0	1	0	0						1
12	Z902NE					0	0	0	0	0	0	0	1	0						1
12	Z903HF					0	0	2	1	0	0	3	0	0						6
12	Z903NE					0	0	0	1	0	0	2	2	0						5
12	Z904XO					0	0	1	1	1	1	0	0	0						4
12	Z905CF					0	0	1	2	3	1	1	1	0						9
12	Totales Z9	0	0	0	0	0	0	4	5	4	2	7	4	0	0	0	0	0	0	26
12	ZK10NN					0	0	1	0	0	0	0	0	0						1
12	Totales ZK	0	0	0	0	0	0	1	0	0	0	0	0	0	0	0	0	0	0	1
12	ZN67MI					0	0	0	1	0	0	0	0	0						1
12	ZN68CA					0	0	0	0	0	1	0	0	0						1
12	ZN81NE					0	0	0	0	0	0	1	0	0						1
12	ZN82NE					0	0	0	0	0	0	0	1	0					0	1
12	ZN85NE					0	0	1	2	0	0	0	0	0						3
12	ZN92MA					0	1	0	1	0	0	0	0	0					0	2
12	ZN92NE					0	1	0	1	1	0	0	0	0					0	3
12	Totales ZN	0	0	0	0	0	2	1	5	1	1	1	1	0	0	0	0	0	0	12
12	ZR51MA					0	1	0	0	1	1	0	0	0					0	3
12	ZR53DO					0	0	0	1	0	0	0	0	0					0	1
12	ZR53XO					0	0	1	0	0	0	0	0	0					0	1
12	ZR56AZ					0	0	1	1	1	1	0	0	0					0	4
12	ZR56CF					0	0	1	1	0	0	0	0	0					0	2
12	ZR57MI					0	0	0	0	0	1	0	0	0					0	1
12	ZR58MA					0	0	1	0	0	0	0	0	0					0	1
12	ZR58MI					0	0	1	1	0	0	0	0	0					0	2
12	ZR59NN					0	0	1	1	1	1	0	0	0					0	4
12	ZR59NT					0	0	1	0	1	1	0	0	0					0	3
12	Totales ZR	0	0	0	0	0	1	7	5	4	5	0	0	0	0	0	0	0	0	22
12	A703NA			0	1	1	1	0	0	0										3
12	A703NV			0	2	0	0	1	0	0										3
12	A714MD			0	1	1	1	2	0	0										5
12	A714RN			0	1	1	0	0	0	0										2
12	A71AA*			0	1	1	0	0	0	0										2
12	A71AN*			0	0	1	1	1	0	0										3
12	A71ANL			0	2	0	0	0	0	0										2
12	A71AV*			0	2	0	0	0	0	0										2
12	A738NA			0	2	0	0	0	0	0										2
12	A738NL			0	1	1	1	0	0	0										3
12	A738NV			1	2	0	0	0	2	0										5
12	A75PC7			0	2	0	0	0	0	0										2
12	A75PV7			0	1	0	0	0	1	0										2
12	Totales A7	0	0	1	18	6	4	4	3	0	0	0	0	0	0	0	0	0	0	36
12	A90DHR			1	2	0	0	0	0	0										3
12	A924RM			0	1	0	0	0	0	0										1
12	Totales A9	0	0	1	3	0	0	0	0	0	0	0	0	0	0	0	0	0	0	4
12	B14DEC			1	1	0	0	0	0	0										2
12	B167RT			0	1	2	1	0	0	1										5
12	B195EN			0	2	0	0	0	0	0										2
12	B195ET			2	0	0	0	0	0	0										2
12	Totales B1	0	0	3	4	2	1	0	0	1	0	0	0	0	0	0	0	0	0	11
12	BY05EM			2	0	0	0	0	0	0										2
12	BY05EN			1	0	0	0	0	0	0										1
12	BY50MN			0	1	0	1	0	1	0										3
12	BY50NX			0	1	1	1	1	0	0										4
12	BY68RC			0	0	1	0	0	0	0										1
12	Totales BY	0	0	3	2	2	2	1	1	0	0	0	0	0	0	0	0	0	0	11
12	CG07BG			1	1	1	0	1	0	0										4
12	CG07OX			1	1	0	0	0	0	0										2
12	CG07RN			0	1	0	0	0	0	0										1
12	CG0AMB			0	1	1	1	0	0	0										3
12	CG0ARN			0	1	1	0	0	0	0										2
12	CG10N1			0	1	0	0	0	0	1										2
12	CG26RN			0	0	0	0	0	1	0										1
12	CG28AA			0	0	0	0	0	1	0										1
12	CG28LA			0	1	1	1	0	0	0										3
12	CG28RN			0	1	1	1	1	0	0										4
12	CG31N2			1	2	0	0	0	0	1										4
12	CG31O2			1	2	2	0	0	0	0										5
12	CG34RN			0	1	0	0	0	0	0										1
12	CG58SN			0	1	1	0	1	1	0										4
12	CG58SR			0	1	1	1	1	0	0										4
12	CG6XRN			0	1	1	0	0	0	0										2
12	CG9XHR			1	1	0	0	0	0	0										2
12	CG9XIP			0	1	1	1	1	0	0										4
12	CG9XRC			0	1	1	1	0	0	0										3
12	CG9XRN			0	1	1	1	1	0	0										4
12	Totales CG	0	0	5	20	13	7	6	3	2	0	0	0	0	0	0	0	0	0	56
12	DZ15RC			0	1	0	1	0	0	0										2
12	DZ15RN			1	0	0	0	0	0	0										1
12	DZ59MB			0	2	0	0	0	1	0										3
12	DZ59RN			0	1	1	0	0	0	0										2
12	DZ94AA			1	0	0	0	0	1	0										2
12	DZ94RN			0	0	0	0	0	1	0										1
12	Totales DZ	0	0	2	4	1	1	0	3	0	0	0	0	0	0	0	0	0	0	11
12	EC20ML			1	0	0	0	0	0	0										1
12	Totales EC	0	0	1	0	0	0	0	0	0	0	0	0	0	0	0	0	0	0	1
12	EO46RN			0	1	1	1	1	0	0										4
12	EO46SR			0	1	1	1	1	0	0										4
12	EO73IA			0	1	1	1	0	0	0										3
12	EO73RN			0	1	1	1	1	0	0										4
12	Totales EO	0	0	0	4	4	4	3	0	0	0	0	0	0	0	0	0	0	0	15
12	EW1NRM			0	1	0	0	0	0	0										1
12	EW1NRN			0	1	0	0	0	0	0										1
12	EW1PRM			1	1	0	0	1	0	0										3
12	EW1PRN			0	1	0	0	1	0	0										2
12	EW1WRN			0	1	0	0	1	0	0										2
12	EW1YQM			0	1	0	0	0	1	1										3
12	EW6MHF			0	0	0	0	0	1	0										1
12	EW6MN9			0	0	1	0	0	0	1										2
12	EW6MR9			1	0	0	2	0	0	0										3
12	Totales EW	0	0	2	6	1	2	3	2	2	0	0	0	0	0	0	0	0	0	18
12	F81CTC			0	1	0	0	0	0	0										1
12	Totales F8	0	0	0	1	0	0	0	0	0	0	0	0	0	0	0	0	0	0	1
12	FB3YRN			0	2	0	0	0	0	0										2
12	FB3YSR			0	1	1	0	0	0	0										2
12	FB42RN			0	0	1	0	0	0	0										1
12	FB4EB8			1	1	0	0	0	0	0										2
12	FB4EN8			0	1	0	0	0	0	0										1
12	FB4XM5			0	1	1	0	0	0	0										2
12	FB4XN5			0	1	0	0	1	0	0										2
12	FB4XVI			0	1	0	0	0	0	0										1
12	FB78MB			0	1	1	0	0	0	0										2
12	FB78RN			0	1	1	1	0	1	0										4
12	FB82IP			0	1	1	1	1	1	0										5
12	FB82OX			0	1	1	1	1	0	0										4
12	FB82RS			0	2	0	0	0	1	0										3
12	FB82X0			0	1	1	1	1	0	0										4
12	FB84OX			1	0	1	0	0	0	0										2
12	FB84RN			0	1	0	0	0	0	0										1
12	FB84VI			0	1	0	0	0	1	0										2
12	Totales FB	0	0	2	17	9	4	4	4	0	0	0	0	0	0	0	0	0	0	40
12	G722CE			0	1	1	1	1	0	0										4
12	G722MN			0	1	1	1	0	0	0										3
12	Totales G7	0	0	0	2	2	2	1	0	0	0	0	0	0	0	0	0	0	0	7
12	GA5MML			0	1	0	0	0	0	2										3
12	GA5MRM			0	0	2	3	0	0	0										5
12	GA5XIA			0	1	2	0	2	0	2										7
12	GA5XRC			0	2	3	2	2	0	1										10
12	Totales GA	0	0	0	4	7	5	4	0	5	0	0	0	0	0	0	0	0	0	25
12	GM00OX			0	1	2	3	1	0	0										7
12	GM00PL			0	1	0	0	1	1	0										3
12	GM18SG			0	1	0	2	0	1	0										4
12	GM18SN			0	2	0	1	1	1	0										5
12	GM21T1			0	0	2	0	1	3	0										6
12	Totales GM	0	0	0	5	4	6	4	6	0	0	0	0	0	0	0	0	0	0	25
12	HA62RN			0	2	1	0	0	1	0										4
12	Totales HA	0	0	0	2	1	0	0	1	0	0	0	0	0	0	0	0	0	0	4
12	HD0RRM			0	1	0	0	0	0	0										1
12	HD2XM1			1	1	0	0	0	0	0										2
12	HD6WBR			1	1	0	0	0	0	0										2
12	HD6WRG			0	1	0	1	0	0	1										3
12	HD74RC			0	0	1	0	0	0	0										1
12	HD74RN			0	1	0	0	1	0	0										2
12	HD8PRN			0	2	1	1	0	0	0										4
12	Totales HD	0	0	2	7	2	2	1	0	1	0	0	0	0	0	0	0	0	0	15
12	IX19ND			0	2	3	1	2	0	0										8
12	IX25EL			0	1	2	3	1	1	0										8
12	IX25GR			0	0	0	1	0	0	0										1
12	IX5WNI			0	1	1	0	1	0	0										3
12	IX5WRN			0	0	1	0	1	0	0										2
12	IX7DCR			0	1	2	1	1	0	0										5
12	Totales IX	0	0	0	5	9	6	6	1	0	0	0	0	0	0	0	0	0	0	27
12	JQ7BRN			0	1	0	0	0	0	0										1
12	JQ7BSR			0	0	0	0	0	0	1										1
12	Totales JQ	0	0	0	1	0	0	0	0	1	0	0	0	0	0	0	0	0	0	2
12	K233RC			0	1	3	0	0	1	1										6
12	K233RN			0	0	2	0	1	0	0										3
12	K236ET			0	1	1	1	0	0	0										3
12	Totales K2	0	0	0	2	6	1	1	1	1	0	0	0	0	0	0	0	0	0	12
12	KN04ET			1	1	0	1	1	1	0										5
12	KN04RN			1	1	0	0	0	2	1										5
12	KN6DRM			1	2	2	2	1	0	2										10
12	Totales KN	0	0	3	4	2	3	2	3	3	0	0	0	0	0	0	0	0	0	20
12	L414RC			1	1	0	0	0	0	0										2
12	Totales L4	0	0	1	1	0	0	0	0	0	0	0	0	0	0	0	0	0	0	2
12	L514SR			0	1	1	0	0	0	2										4
12	L52BIA			1	3	0	0	0	0	0										4
12	L52BRM			0	2	0	0	0	0	0										2
12	L58AIA			0	1	2	0	0	0	1										4
12	L58ARC			0	2	1	0	0	0	0										3
12	L59CLU			1	4	4	2	0	1	2										14
12	L59CRN			0	0	3	1	0	0	1										5
12	Totales L5	0	0	2	13	11	3	0	1	6	0	0	0	0	0	0	0	0	0	36
12	LP01*F			0	0	0	0	1	0	0										1
12	LP01*N			0	0	0	1	0	0	0										1
12	LP01CR			0	1	1	1	1	0	0										4
12	LP01D1			0	1	1	1	1	0	0										4
12	LP01DO			0	1	1	0	0	0	0										2
12	LP01RN			0	0	1	0	1	1	1										4
12	LP09N6			0	1	0	0	0	0	0										1
12	LP0CRN			0	1	1	0	0	0	0										2
12	LP0EN2			0	1	0	1	0	1	0										3
12	LP0MRN			0	1	0	1	1	0	0										3
12	LP0WEB			0	1	1	1	0	0	0										3
12	LP1CBR			0	1	1	0	0	0	0										2
12	LP1CRN			0	1	1	0	0	0	0										2
12	LP1DR1			0	1	1	1	1	0	0										4
12	LP1MEA			0	1	1	0	0	0	0										2
12	LP1NIA			0	1	1	1	1	0	0										4
12	LP1NRM			0	0	1	1	0	0	0										2
12	LP1NRN			0	0	1	0	0	0	0										1
12	LP1NSR			0	1	1	1	1	0	0										4
12	LP29PL			0	1	0	0	0	0	0										1
12	LP29RN			0	1	1	1	0	0	0										3
12	LP29SN			0	0	0	1	0	0	0										1
12	LP3PRM			0	1	1	1	1	0	0										4
12	LP3PRN			0	1	1	1	1	0	0										4
12	LP6WRC			0	0	1	0	0	0	0										1
12	LP71OX			0	0	1	0	0	0	0										1
12	LP71PL			0	1	0	0	1	0	1										3
12	LP8PRM			0	1	1	1	1	0	0										4
12	Totales LP	0	0	0	20	20	15	12	2	2	0	0	0	0	0	0	0	0	0	71
12	LZ4MTC			0	1	0	0	0	0	0										1
12	Totales LZ	0	0	0	1	0	0	0	0	0	0	0	0	0	0	0	0	0	0	1
12	MC2MN1			0	1	0	0	0	0	0										1
12	MC2MR1			1	0	2	1	0	0	0										4
12	MC76RN			0	1	0	0	0	0	0										1
12	MC8CMB			0	2	1	0	0	0	0										3
12	MC8CRN			1	0	0	0	0	0	0										1
12	MC8CSR			0	1	0	0	0	0	0										1
12	Totales MC	0	0	2	5	3	1	0	0	0	0	0	0	0	0	0	0	0	0	11
12	MP76RN			0	1	3	0	0	0	0										4
12	MP77RN			0	1	2	0	0	0	0										3
12	Totales MP	0	0	0	2	5	0	0	0	0	0	0	0	0	0	0	0	0	0	7
12	NU3MN8			0	0	1	1	1	0	0										3
12	NU7PRM			0	1	0	0	0	0	0										1
12	NU7PRN			0	1	0	0	0	0	0										1
12	Totales NU	0	0	0	2	1	1	1	0	0	0	0	0	0	0	0	0	0	0	5
12	P60CEM			0	2	0	0	0	0	0										2
12	P62DRN			0	0	0	0	1	0	0										1
12	P646RM			1	1	0	0	0	0	0										2
12	P65DRN			1	0	0	0	0	0	0										1
12	P663RC			0	2	0	0	0	0	0										2
12	P663RM			0	0	1	0	0	0	0										1
12	P663RN			0	0	1	0	0	0	0										1
12	P672EL			0	1	1	0	0	1	2										5
12	P672RN			1	2	1	0	0	0	0										4
12	P673GR			0	1	1	0	0	0	0										2
12	P686IA			1	1	1	0	0	0	0										3
12	P686RL			0	1	0	0	0	0	0										1
12	P686RM			0	1	1	0	0	0	0										2
12	P686RN			0	1	0	1	1	0	1										4
12	P686SR			1	3	1	0	0	1	1										7
12	P68XRG			0	1	0	1	0	1	0										3
12	P68XRN			1	1	3	0	0	0	0										5
12	Totales P6	0	0	6	18	11	2	2	3	4	0	0	0	0	0	0	0	0	0	46
12	QM7EHR			0	0	0	0	0	1	0										1
12	QM7EIA			1	0	0	0	0	0	0										1
12	QM8CRC			0	1	0	0	0	0	0										1
12	QM8CSR			1	0	0	0	0	0	0										1
12	Totales QM	0	0	2	1	0	0	0	1	0	0	0	0	0	0	0	0	0	0	4
12	QR1PNI			0	0	0	1	1	0	0										2
12	QR1PPL			0	1	1	1	0	1	0										4
12	QR2PRC			0	1	0	1	1	0	0										3
12	QR2PRN			0	0	1	1	0	1	0										3
12	QR2WIA			0	1	0	1	1	0	0										3
12	QR2WRN			0	1	0	1	0	0	0										2
12	QR3RN3			0	1	0	1	1	0	0										3
12	Totales QR	0	0	0	5	2	7	4	2	0	0	0	0	0	0	0	0	0	0	20
12	R214SN			0	1	1	1	1	0	0										4
12	R214SR			0	1	0	1	0	0	0										2
12	R214XO			0	1	1	0	0	1	0										3
12	Totales R2	0	0	0	3	2	2	1	1	0	0	0	0	0	0	0	0	0	0	9
12	R323NE			0	1	1	1	1	0	0										4
12	R323XO			0	0	1	0	0	0	1										2
12	Totales R3	0	0	0	1	2	1	1	0	1	0	0	0	0	0	0	0	0	0	6
12	R480RO			0	1	1	1	0	0	0										3
12	R480VE			0	1	1	1	0	0	0										3
12	Totales R4	0	0	0	2	2	2	0	0	0	0	0	0	0	0	0	0	0	0	6
12	RA03NE			0	1	1	1	1	1	0										5
12	RA03RM			0	1	1	1	1	0	0										4
12	RA05NR			0	1	0	1	1	0	0										3
12	RA05RM			0	1	0	1	0	0	0										2
12	RA06GR			0	1	1	0	0	1	0										3
12	RA06XO			0	1	0	0	0	0	0										1
12	RA07NE			0	1	2	1	0	0	0										4
12	RA07RO			0	1	1	1	1	1	0										5
12	RA07XO			0	1	1	1	1	0	0										4
12	RA15NE			0	1	1	0	1	0	0										3
12	RA15XO			0	1	1	1	0	1	0										4
12	RA21GR			0	1	1	1	1	1	0										5
12	RA21RO			0	0	1	1	0	0	0										2
12	RA47BR			0	1	1	0	0	0	0										2
12	RA47XO			0	0	1	2	1	1	0										5
12	RA75AN			1	1	1	0	0	0	0										3
12	RA75LV			0	0	0	0	0	1	0										1
12	RA76NE			0	1	0	0	0	0	0										1
12	RA76XO			0	1	0	0	1	0	0										2
12	RA90XM			0	1	1	1	1	1	0										5
12	RA90XO			0	1	1	1	0	1	0										4
12	RA91NE			0	1	1	0	0	0	0										2
12	RA91RO			0	0	0	0	0	1	0										1
12	RA91XO			0	0	0	0	2	0	0										2
12	RA93MT			0	0	0	0	0	0	1										1
12	RA94NE			0	1	1	1	1	0	0										4
12	RA94XO			0	1	1	1	1	0	0										4
12	RA95NE			0	1	2	2	1	2	0										8
12	RA95RO			0	1	1	1	1	0	0										4
12	RA95XO			0	2	1	0	2	0	0										5
12	RA96NE			1	1	0	0	0	1	0										3
12	RA96RO			1	1	1	0	0	0	0										3
12	RA96XO			0	1	1	0	0	0	1										3
12	RA98MI			0	1	0	0	0	0	0										1
12	RA98NE			0	1	1	1	0	0	0										3
12	RA98RO			0	1	0	1	1	1	0										4
12	RA98XO			0	1	1	1	1	0	0										4
12	Totales RA	0	0	3	32	27	22	20	14	2	0	0	0	0	0	0	0	0	0	120
12	RB40NE			0	0	2	1	0	3	1										7
12	RB40XO			0	0	1	0	0	1	1										3
12	RB44AZ			1	1	1	0	1	0	0										4
12	RB44XO			0	0	1	1	0	0	0										2
12	RB45AN			1	0	1	1	0	0	0										3
12	RB45SN			0	0	0	1	1	0	0										2
12	RB46XO			0	0	1	1	0	0	0										2
12	Totales RB	0	0	2	1	7	5	2	4	2	0	0	0	0	0	0	0	0	0	23
12	RC30MA			0	1	2	0	1	1	0										5
12	RC30NE			0	1	1	0	0	0	0										2
12	RC30RO			0	1	1	0	1	0	0										3
12	RC35AZ			0	1	1	1	0	0	0										3
12	RC35NE			0	1	0	0	0	1	0										2
12	RC35RO			1	1	0	0	0	0	0										2
12	RC36NR			0	1	1	0	0	1	0										3
12	RC36RO			0	1	0	0	0	0	0										1
12	Totales RC	0	0	1	8	6	1	2	3	0	0	0	0	0	0	0	0	0	0	21
12	RD68XO			1	0	1	0	1	0	0										3
12	Totales RD	0	0	1	0	1	0	1	0	0	0	0	0	0	0	0	0	0	0	3
12	RE10CF			1	2	1	0	0	0	0										4
12	RE10NE			0	4	0	0	0	0	0										4
12	RE11RM			0	1	0	1	0	0	0										2
12	RE18NE			2	2	0	0	0	0	0										4
12	RE18RM			1	0	0	0	0	0	0										1
12	RE18VE			1	0	0	0	0	0	0										1
12	RE20RO			0	1	0	0	0	1	0										2
12	RE22AZ			0	2	1	0	2	0	0										5
12	RE22NE			1	2	0	0	1	0	0										4
12	RE22XO			0	2	1	0	0	0	0										3
12	Totales RE	0	0	6	16	3	1	3	1	0	0	0	0	0	0	0	0	0	0	30
12	RG59CF			0	1	1	1	1	0	0										4
12	RG59NE			0	1	1	1	1	1	0										5
12	RG67NE			1	0	0	1	1	1	0										4
12	RG67XO			0	1	1	0	1	1	0										4
12	RG70AZ			0	0	1	0	0	1	0										2
12	RG70LU			0	1	1	1	1	1	0										5
12	RG88NE			0	0	0	1	1	0	0										2
12	RG88RO			0	0	1	2	2	0	0										5
12	Totales RG	0	0	1	4	6	7	8	5	0	0	0	0	0	0	0	0	0	0	31
12	RS00CR			0	1	1	0	1	0	0										3
12	RS00RN			0	1	1	1	1	0	0										4
12	RS06MB			0	1	0	1	1	0	0										3
12	RS06RN			0	0	0	1	0	0	0										1
12	RS0X*C			0	0	2	1	1	0	0										4
12	RS0XIA			0	1	1	1	0	1	0										4
12	RS0XRF			0	1	0	0	0	1	0										2
12	RS0XRN			0	1	1	1	1	0	0										4
12	RS13DO			0	0	1	0	2	0	0										3
12	RS16RN			1	2	1	0	0	0	0										4
12	RS16SR			0	1	0	0	0	0	0										1
12	RS17AA			0	0	0	0	0	0	1										1
12	RS17BG			0	0	0	0	0	0	1										1
12	RS17MB			1	1	0	0	0	0	0										2
12	RS17RN			0	1	0	0	0	0	0										1
12	RS27AM			0	1	0	0	0	0	0										1
12	RS2WRN			1	2	0	0	0	1	0										4
12	RS37M3			0	1	1	2	1	0	0										5
12	RS37N3			0	1	1	1	0	1	0										4
12	RS3BBG			1	0	0	0	1	1	0										3
12	RS3BG1			1	1	0	0	0	0	0										2
12	RS3BN1			0	0	1	1	1	1	0										4
12	RS3BR1			0	1	0	1	1	0	0										3
12	RS3BRN			0	0	0	0	0	1	0										1
12	RS3NRN			0	0	1	0	0	0	0										1
12	RS3WRC			1	1	1	1	2	0	0										6
12	RS3WRN			0	1	1	0	0	0	0										2
12	RS3WSR			0	1	0	0	1	0	0										2
12	RS48BR			0	0	0	0	1	1	0										2
12	RS48DO			0	1	1	1	0	1	0										4
12	RS48MB			0	0	1	1	1	0	0										3
12	RS48RN			0	1	1	0	1	0	0										3
12	RS49C1			0	0	1	1	1	0	0										3
12	RS49OX			0	2	0	0	0	0	0										2
12	RS49RS			0	2	0	0	0	0	0										2
12	RS4NML			0	1	1	1	1	0	0										4
12	RS4NRC			0	1	0	0	0	0	0										1
12	RS4NRN			0	1	1	1	1	0	1										5
12	RS4NSR			0	0	1	0	1	1	1										4
12	RS57RT			0	0	1	0	1	1	0										3
12	RS57SR			0	1	0	1	1	0	0										3
12	RS5BA9			0	0	0	0	1	0	0										1
12	RS5BF5			0	1	1	0	0	0	0										2
12	RS5BIA			0	1	0	1	0	0	0										2
12	RS5BMB			0	1	0	0	0	0	0										1
12	RS5BN1			0	0	0	1	1	0	0										2
12	RS5BRN			1	1	0	1	1	0	0										4
12	RS61L1			0	1	0	1	1	0	0										3
12	RS61ML			0	0	0	0	0	1	0										1
12	RS61N1			0	1	1	1	0	0	0										3
12	RS64OX			0	1	1	1	1	1	0										5
12	RS64RN			0	2	1	1	0	1	0										5
12	RS64SR			0	1	1	0	1	0	0										3
12	RS6CEA			0	0	0	0	0	1	1										2
12	RS72PL			0	1	1	0	0	0	0										2
12	RS72RN			0	1	0	0	1	0	0										2
12	RS87B8			1	0	0	0	2	1	0										4
12	RS87BG			0	1	0	1	3	0	0										5
12	RS87LA			0	1	1	1	1	0	0										4
12	RS87M8			0	0	0	0	1	1	0										2
12	RS87N8			1	0	0	0	0	1	0										2
12	RS87RN			0	1	1	0	1	0	0										3
12	RS9YMB			0	1	1	1	0	0	0										3
12	RS9YRN			0	1	1	1	1	0	0										4
12	RS9YSR			0	1	1	1	1	0	0										4
12	Totales RS	0	0	9	49	33	30	40	18	5	0	0	0	0	0	0	0	0	0	184
12	SV0XRM			0	3	2	1	1	1	0										8
12	SV2CRN			0	0	1	0	0	0	0										1
12	SV2CSR			0	1	1	0	1	0	0										3
12	SV3RCM			1	1	5	4	1	1	1										14
12	SV3RCN			1	1	3	2	2	1	0										10
12	SV4XIA			0	0	0	2	0	0	0										2
12	SV65RN			0	0	0	0	0	1	0										1
12	SV65SR			2	0	0	0	0	1	0										3
12	SV70RN			1	2	0	0	1	0	0										4
12	SV70SR			0	1	0	0	0	0	0										1
12	SV7YBG			1	2	1	1	1	1	1										8
12	SV7YRN			1	0	0	0	0	0	0										1
12	SV9BML			0	1	0	0	0	0	1										2
12	SV9BRC			0	0	2	1	0	2	0										5
12	SV9BRM			0	0	2	0	0	1	0										3
12	SV9BRN			0	0	0	0	1	1	0										2
12	Totales SV	0	0	7	12	17	11	8	10	3	0	0	0	0	0	0	0	0	0	68
12	T20ARN			1	0	0	0	0	0	0										1
12	Totales T2	0	0	1	0	0	0	0	0	0	0	0	0	0	0	0	0	0	0	1
12	T581RM			0	2	1	0	0	0	0										3
12	T589RN			0	0	0	0	1	0	0										1
12	Totales T5	0	0	0	2	1	0	1	0	0	0	0	0	0	0	0	0	0	0	4
12	UH0EN1			0	0	0	0	0	1	0										1
12	UH0ERM			1	0	2	0	0	0	0										3
12	UH0ERN			1	2	0	1	0	0	0										4
12	UH1XGG			0	1	0	0	0	0	0										1
12	UH1XRN			1	2	0	2	0	0	0										5
12	UH3EEL			0	2	0	0	0	1	1										4
12	UH3ERN			0	2	2	0	1	1	1										7
12	UH47M8			0	2	0	0	0	1	0										3
12	UH47N8			0	1	0	0	0	0	0										1
12	UH79LR			0	1	0	0	0	0	0										1
12	UH79RC			1	1	3	2	1	2	0										10
12	UH79RM			0	1	0	0	0	0	0										1
12	UH79RN			0	0	3	0	0	1	0										4
12	UH7ERM			0	0	1	0	0	0	0										1
12	UH7ERN			0	0	0	0	0	2	0										2
12	UH82RN			1	0	0	0	1	0	0										2
12	UH93L5			0	0	0	1	0	0	0										1
12	UH93RN			2	0	2	0	1	0	0										5
12	UH97BR			0	0	2	0	0	1	0										3
12	UH97RN			0	1	1	0	0	0	0										2
12	UH9MRM			0	2	1	0	0	0	0										3
12	UH9MRN			1	2	3	0	1	0	0										7
12	Totales UH	0	0	8	20	20	6	5	10	2	0	0	0	0	0	0	0	0	0	71
12	UN2XLA			0	1	1	1	1	0	0										4
12	UN2XRN			0	1	1	1	1	0	0										4
12	UN4BG2			0	1	0	0	0	0	0										1
12	UN4CDC			0	0	1	1	0	0	0										2
12	UN6DC2			0	1	1	1	0	0	0										3
12	UN6DN3			0	1	2	0	1	0	0										4
12	Totales UN	0	0	0	5	6	4	3	0	0	0	0	0	0	0	0	0	0	0	18
12	UP8CSR			1	2	2	3	0	0	0										8
12	Totales UP	0	0	1	2	2	3	0	0	0	0	0	0	0	0	0	0	0	0	8
12	VT0DRM			0	0	0	0	1	1	0										2
12	VT0DRN			0	1	0	1	0	2	0										4
12	VT1BIA			0	1	0	0	0	0	0										1
12	VT1BRN			1	1	0	0	1	1	0										4
12	VT31AA			1	1	1	0	0	0	0										3
12	VT31IA			0	1	1	0	0	0	0										2
12	VT31RN			0	2	0	0	0	0	0										2
12	VT4ARN			0	1	1	1	0	0	0										3
12	VT4ASR			0	0	1	0	0	0	0										1
12	VT6PMB			1	0	0	0	0	0	0										1
12	VT7R05			0	0	0	1	0	0	0										1
12	VT7RG5			0	0	1	0	0	0	0										1
12	VT7RN3			0	1	0	0	1	0	0										2
12	VT8EHR			0	0	1	0	0	0	0										1
12	VT8EMB			1	0	1	0	1	0	0										3
12	VT8EOX			0	1	1	0	0	0	0										2
12	VT8ERN			0	0	1	2	1	1	0										5
12	VT8ESR			0	0	1	0	1	1	0										3
12	VT94BR			0	1	0	1	1	0	0										3
12	VT94RC			0	1	0	0	0	0	0										1
12	VT94RN			0	1	1	1	1	1	0										5
12	VT97A1			0	1	0	0	0	0	0										1
12	VT97BG			0	1	1	0	1	0	0										3
12	VT97D5			0	1	0	0	0	0	0										1
12	Totales VT	0	0	4	16	12	7	9	7	0	0	0	0	0	0	0	0	0	0	55
12	WB8CSR			0	1	0	0	0	0	0										1
12	Totales WB	0	0	0	1	0	0	0	0	0	0	0	0	0	0	0	0	0	0	1
12	WD8CRM			0	1	1	1	1	0	0										4
12	WD8CRN			0	1	1	0	1	0	0										3
12	Totales WD	0	0	0	2	2	1	2	0	0	0	0	0	0	0	0	0	0	0	7
12	WI08OX			0	2	0	2	2	2	1										9
12	WI99BK			1	0	1	0	1	0	0										3
12	WI99N7			1	1	1	0	0	0	1										4
12	WI99N9			0	1	3	0	0	0	0										4
12	Totales WI	0	0	2	4	5	2	3	2	2	0	0	0	0	0	0	0	0	0	20
12	X302BR			0	0	1	0	1	0	0										2
12	X302RN			0	0	1	2	0	1	0										4
12	X302RS			-1	1	0	0	0	0	0										0
12	X302VE			1	0	0	0	0	0	0										1
12	X32RG5			0	1	0	0	0	0	0										1
12	X32RR5			0	0	1	1	0	0	0										2
12	X32RT6			0	0	1	0	1	0	1										3
12	X332AD			0	1	0	0	1	0	0										2
12	X332AZ			0	0	1	1	0	0	0										2
12	X332CD			1	2	1	0	0	1	0										5
12	X332MD			1	0	1	1	0	0	0										3
12	X343CU			0	1	1	0	0	1	0										3
12	X343RN			0	1	0	0	0	0	0										1
12	X355AS			1	1	0	0	0	2	0										4
12	X355RN			1	0	1	0	0	0	0										2
12	X355SR			0	1	0	0	0	0	0										1
12	X355VM			1	1	1	0	1	0	0										4
12	X356RC			2	0	0	0	0	0	0										2
12	X356RN			1	0	0	0	0	1	0										2
12	X356SR			1	0	0	0	0	0	0										1
12	X36YR1			0	1	1	1	0	0	0										3
12	X376A5			0	0	0	0	0	1	0										1
12	X376AS			0	2	0	0	2	1	0										5
12	X376N3			0	1	1	1	1	0	0										4
12	X37CM8			1	0	0	0	0	1	0										2
12	Totales X3	0	0	10	14	12	7	7	9	1	0	0	0	0	0	0	0	0	0	60
12	YD1DRM			0	1	2	1	0	0	0										4
12	YD1MRN			1	0	0	0	0	0	1										2
12	YD40RM			1	1	0	0	0	0	0										2
12	YD91AB			1	1	3	0	0	0	0										5
12	YD91RC			0	1	2	0	0	0	0										3
12	YD91RN			0	1	1	0	0	0	0										2
12	YD96RG			0	1	0	0	1	1	1										4
12	YD96RN			0	1	0	0	0	0	0										1
12	YD9EEC			1	3	0	0	0	0	0										4
12	YD9ERM			0	1	1	0	0	0	0										2
12	YD9ERN			0	0	2	0	0	0	1										3
12	Totales YD	0	0	4	11	11	1	1	1	3	0	0	0	0	0	0	0	0	0	32
12	YK0PR1			0	1	0	0	0	0	0										1
12	YK1CVM			0	1	1	0	1	0	0										3
12	YK20RN			0	1	0	0	0	1	0										2
12	YK361T			1	0	0	0	0	0	0										1
12	YK36G1			0	0	0	1	0	0	1										2
12	YK36R5			0	2	0	2	0	0	0										4
12	YK38RM			1	0	0	0	0	0	0										1
12	YK38RN			1	3	0	0	0	0	0										4
12	YK4RRN			1	2	1	0	0	0	0										4
12	YK4RRT			1	2	1	0	0	2	1										7
12	YK6BMB			1	1	0	0	0	1	0										3
12	YK6BN1			0	1	0	0	0	0	0										1
12	YK8NM2			1	0	0	1	0	0	0										2
12	YK8NNM			0	2	2	0	0	0	0										4
12	Totales YK	0	0	7	16	5	4	1	4	2	0	0	0	0	0	0	0	0	0	39
12	Z113CF			0	1	1	0	0	0	0										2
12	Z113NE			0	0	0	0	0	1	0										1
12	Z150BG			0	1	2	1	0	1	0										5
12	Z150BR			0	4	5	5	1	0	0										15
12	Z151NE			0	0	1	1	1	1	0										4
12	Z151RO			0	1	2	1	0	1	0										5
12	Totales Z1	0	0	0	7	11	8	2	4	0	0	0	0	0	0	0	0	0	0	32
12	Z203XO			0	0	0	1	1	0	0										2
12	Z207MB			0	0	1	1	0	0	0										2
12	Z207RO			0	1	1	1	0	0	0										3
12	Z209C*			0	1	0	0	0	0	0										1
12	Z210MB			0	0	1	0	1	0	0										2
12	Z210NE			0	0	1	0	0	0	0										1
12	Z211MI			0	1	1	1	1	1	0										5
12	Totales Z2	0	0	0	3	5	4	3	1	0	0	0	0	0	0	0	0	0	0	16
12	Z332NE			0	0	0	0	0	2	1										3
12	Z336HF			0	0	0	0	1	1	0										2
12	Z342NE			0	0	0	0	0	0	1										1
12	Z342RO			1	1	2	0	0	1	0										5
12	Z344MI			0	0	0	0	0	1	0										1
12	Totales Z3	0	0	1	1	2	0	1	5	2	0	0	0	0	0	0	0	0	0	12
12	Z401CF			0	0	1	0	0	0	0										1
12	Z401NE			0	0	1	0	0	0	0										1
12	Z401RO			0	3	0	0	0	0	0										3
12	Z402GN			0	0	4	1	0	0	0										5
12	Z451BR			0	1	0	1	0	0	0										2
12	Z452DO			0	0	2	0	0	1	0										3
12	Z452RO			0	0	1	2	1	0	0										4
12	Z453CF			0	1	1	0	1	0	0										3
12	Z454AZ			0	0	1	0	0	0	0										1
12	Z454MA			0	1	1	0	0	0	0										2
12	Z455NE			0	0	1	1	0	0	0										2
12	Z456MI			0	1	1	1	1	0	0										4
12	Totales Z4	0	0	0	7	14	6	3	1	0	0	0	0	0	0	0	0	0	0	31
12	Z590AZ			0	1	0	0	0	0	0										1
12	Z590NE			0	1	0	1	1	1	0										4
12	Z591HF			0	0	0	0	0	1	0										1
12	Z592BR			0	1	1	1	1	0	0										4
12	Z592NE			0	1	1	1	1	0	0										4
12	Z593BG			0	1	0	1	1	0	0										3
12	Z594AZ			0	0	0	0	1	0	0										1
12	Z594NE			0	1	0	1	0	0	0										2
12	Z595AZ			0	1	0	1	0	0	0										2
12	Z595CF			0	1	1	1	1	0	0										4
12	Totales Z5	0	0	0	8	3	7	6	2	0	0	0	0	0	0	0	0	0	0	26
12	Z618MI			0	3	3	0	2	0	0										8
12	Z618RO			0	2	2	1	0	0	1										6
12	Z619AZ			1	0	0	0	0	0	0										1
12	Totales Z6	0	0	1	5	5	1	2	0	1	0	0	0	0	0	0	0	0	0	15
12	Z701CF			1	1	1	1	1	0	1										6
12	Z701GR			1	1	3	3	0	1	0										9
12	Z703DO			0	1	0	2	0	1	0										4
12	Z704DO			0	1	1	0	0	0	0										2
12	Z704NE			0	1	1	0	0	0	0										2
12	Z705BR			0	1	1	1	0	0	0										3
12	Z706NE			0	1	2	1	0	1	0										5
12	Z706RO			0	1	1	1	0	0	0										3
12	Z707MA			0	1	0	1	1	0	0										3
12	Z707NE			0	0	1	2	0	0	0										3
12	Z708BG			0	1	1	1	1	0	0										4
12	Z708RO			0	1	1	2	0	0	0										4
12	Z709DO			0	1	1	1	1	0	0										4
12	Z709NE			0	1	1	1	0	1	0										4
12	Totales Z7	0	0	2	13	15	17	4	4	1	0	0	0	0	0	0	0	0	0	56
12	ZA13BR			0	1	0	0	0	0	0										1
12	ZA14NE			0	0	1	1	1	0	0										3
12	ZA14TA			0	0	2	0	1	1	0										4
12	ZA15CF			1	0	0	1	0	0	0										2
12	ZA16NE			0	1	0	0	0	0	0										1
12	ZA18MI			0	3	0	0	0	0	0										3
12	ZA19BR			0	1	0	0	1	1	0										3
12	ZA19RO			0	1	1	1	0	0	0										3
12	ZA19WI			0	1	0	0	0	0	0										1
12	ZA25HF			0	0	0	0	2	0	0										2
12	ZA25NE			0	0	0	0	0	1	0										1
12	ZA26NE			0	1	0	0	0	0	0										1
12	ZA28AZ			0	1	1	0	1	0	0										3
12	ZA28OX			0	1	0	1	0	0	0										2
12	ZA29NE			0	0	1	1	0	0	1										3
12	ZA29RO			0	0	1	0	1	1	0										3
12	ZA30B*			0	0	1	0	1	1	0										3
12	ZA31BG			0	0	1	0	0	0	0										1
12	ZA31CF			0	0	0	1	1	0	0										2
12	ZA33AZ			0	0	1	0	1	0	0										2
12	ZA66MB			0	0	0	0	0	1	0										1
12	ZA78NE			0	2	0	0	0	0	0										2
12	ZA79MI			0	1	0	0	0	1	0										2
12	ZA79NE			1	0	0	0	0	0	0										1
12	ZA81NE			0	0	0	0	0	1	0										1
12	Totales ZA	0	0	2	14	10	6	10	8	1	0	0	0	0	0	0	0	0	0	51
12	ZB52BG			0	0	0	0	0	1	0										1
12	ZB52VE			1	0	0	0	0	0	0										1
12	ZB55AZ			1	0	0	0	0	2	0										3
12	ZB55FS			0	0	1	0	0	1	0										2
12	Totales ZB	0	0	2	0	1	0	0	4	0	0	0	0	0	0	0	0	0	0	7
12	ZCD1B*			0	1	1	0	0	1	1										4
12	ZCD1NE			0	1	0	1	0	0	0										2
12	ZCD2NE			0	0	0	0	1	0	0										1
12	ZCD3BR			0	0	0	0	1	0	0										1
12	ZCD3VI			0	1	1	1	1	0	0										4
12	ZCD3XO			0	1	1	0	2	0	0										4
12	ZCD4BR			0	1	0	1	0	0	0										2
12	ZCD4MB			0	1	0	0	0	0	0										1
12	ZCD5NE			0	1	1	1	1	0	0										4
12	ZCD5XO			0	1	1	0	0	0	0										2
12	Totales ZC	0	0	0	8	5	4	6	1	1	0	0	0	0	0	0	0	0	0	25
12	ZD28NE			0	0	2	1	0	0	0										3
12	ZD29RO			1	0	0	0	0	0	0										1
12	ZD30HF			1	0	1	1	2	0	0										5
12	ZD30MB			0	0	0	0	0	1	0										1
12	ZD32RO			1	1	0	3	0	0	0										5
12	ZD34MB			0	0	0	0	1	0	0										1
12	ZD34NE			0	1	0	1	0	1	0										3
12	ZD35WI			0	1	1	0	0	0	0										2
12	ZD78RO			0	0	0	0	0	1	0										1
12	Totales ZD	0	0	3	3	4	6	3	3	0	0	0	0	0	0	0	0	0	0	22
12	ZF19RO			0	1	0	0	0	1	0										2
12	ZF25MO			0	0	2	1	2	1	0										6
12	ZF26BR			0	1	2	1	0	1	0										5
12	ZF26C*			0	1	0	1	0	1	0										3
12	ZF27MO			0	1	1	1	0	1	0										4
12	ZF34NE			0	0	1	1	0	1	0										3
12	ZF34XO			0	0	1	2	2	0	0										5
12	ZF35BR			0	0	1	1	0	0	0										2
12	ZF38B*			0	1	1	1	0	0	0										3
12	ZF39AZ			0	0	0	3	0	0	0										3
12	ZF39RO			0	0	2	5	1	1	0										9
12	ZF45OR			1	0	1	0	0	0	0										2
12	ZF46HF			0	0	1	1	1	0	0										3
12	ZF46RO			0	0	0	0	1	0	0										1
12	ZF48BG			0	1	2	1	1	0	0										5
12	ZF49BR			0	1	1	0	1	0	0										3
12	ZF50C*			0	0	1	1	1	0	0										3
12	ZF50NE			0	1	1	1	1	0	0										4
12	ZF51AS			0	0	0	0	1	0	0										1
12	ZF51OR			0	0	0	1	0	0	0										1
12	ZF55LU			0	1	0	0	0	0	0										1
12	ZF57NE			0	0	1	0	0	0	0										1
12	ZF72NE			0	1	1	0	0	0	0										2
12	ZF72RO			0	0	1	1	1	0	0										3
12	Totales ZF	0	0	1	10	21	23	13	7	0	0	0	0	0	0	0	0	0	0	75
12	ZG11CA			0	1	0	1	1	0	0										3
12	ZG11NE			0	1	0	0	0	0	0										1
12	ZG13NE			0	1	0	0	0	0	0										1
12	ZG13RR			0	1	0	0	0	0	0										1
12	ZG19CA			0	0	0	0	1	0	0										1
12	ZG20LU			0	2	0	0	0	0	0										2
12	ZG20MI			0	1	0	0	2	0	0										3
12	ZG22AZ			0	2	0	0	0	0	0										2
12	ZG23AZ			0	1	0	1	1	0	0										3
12	ZG23BG			0	0	0	1	1	0	0										2
12	ZG23NE			0	1	0	0	0	1	0										2
12	ZG24MB			1	1	0	1	1	0	0										4
12	ZG24NE			0	0	0	0	0	1	0										1
12	ZG24SR			0	0	0	0	0	1	0										1
12	ZG74NE			0	0	2	0	0	1	0										3
12	Totales ZG	0	0	1	12	2	4	7	4	0	0	0	0	0	0	0	0	0	0	30
12	ZH80LU			0	1	0	1	1	1	0										4
12	ZH80NE			0	1	1	1	2	1	0										6
12	ZH81RO			0	1	1	1	0	0	0										3
12	ZH82VE			0	1	0	0	0	0	0										1
12	ZH83BR			0	1	1	0	1	0	0										3
12	ZH84MA			0	1	1	1	1	1	0										5
12	ZH84NE			0	1	1	1	0	0	0										3
12	ZH85DO			0	1	1	0	0	0	0										2
12	Totales ZH	0	0	0	8	6	5	5	3	0	0	0	0	0	0	0	0	0	0	27
12	ZJ01HR			0	1	0	1	0	0	0										2
12	ZJ01MB			0	1	1	1	1	0	0										4
12	ZJ01ML			0	0	1	0	0	0	0										1
12	ZJ01RN			0	0	1	2	1	0	0										4
12	ZJ02HR			0	1	0	0	0	0	0										1
12	ZJ02RM			1	0	0	0	0	0	0										1
12	ZJ07MB			0	1	0	0	0	1	0										2
12	ZJ08RN			0	1	1	1	0	0	0										3
12	ZJ08RO			0	0	0	0	1	1	0										2
12	ZJ09CF			0	1	1	1	1	0	0										4
12	ZJ09RN			0	1	1	1	0	0	0										3
12	ZJ10HR			0	1	0	0	0	0	0										1
12	ZJ13CF			0	0	0	0	1	0	0										1
12	ZJ13RN			0	0	1	1	0	0	0										2
12	ZJ15MI			0	0	1	1	1	1	0										4
12	ZJ15NE			0	1	1	1	0	1	0										4
12	ZJ17HR			0	1	0	0	0	0	0										1
12	ZJ17MB			0	0	1	0	0	0	0										1
12	ZJ18AZ			1	0	1	0	0	0	0										2
12	ZJ18CF			0	1	1	1	0	0	0										3
12	ZJ19RN			0	0	0	0	0	1	0										1
12	ZJ19XO			1	1	0	0	0	0	0										2
12	ZJ20BR			0	0	0	0	0	0	1										1
12	ZJ20MB			0	0	0	0	0	0	1										1
12	ZJ21RN			0	1	0	0	0	0	0										1
12	ZJ30BR			0	1	0	0	0	0	0										1
12	ZJ32BR			0	0	0	0	0	1	0										1
12	ZJ33HR			0	0	0	1	1	0	0										2
12	ZJ34CR			0	0	1	1	1	0	0										3
12	ZJ34NE			0	1	1	1	2	0	0										5
12	ZJ34RO			1	1	1	1	0	0	0										4
12	ZJ35AZ			0	1	1	1	0	0	0										3
12	ZJ35MI			0	1	0	0	0	0	0										1
12	ZJ40BR			0	1	1	1	0	1	0										4
12	ZJ41DO			0	1	0	0	1	0	0										2
12	ZJ41NE			0	1	0	1	1	0	0										3
12	ZJ42CF			0	1	0	1	0	0	0										2
12	ZJ42RN			0	1	1	1	1	0	0										4
12	ZJ50BR			0	1	1	1	1	0	0										4
12	ZJ50PL			0	1	1	1	0	1	0										4
12	Totales ZJ	0	0	4	25	20	22	14	8	2	0	0	0	0	0	0	0	0	0	95
12	ZMV4CF			0	1	1	0	0	0	0										2
12	Totales ZM	0	0	0	1	1	0	0	0	0	0	0	0	0	0	0	0	0	0	2
12	ZÑ01HF			0	1	0	1	1	0	0										3
12	ZÑ01MI			0	3	0	3	2	0	0										8
12	ZÑ05NE			0	0	0	0	1	1	0										2
12	Totales ZÑ	0	0	0	4	0	4	4	1	0	0	0	0	0	0	0	0	0	0	13
12	ZP20BG			0	1	1	1	1	1	0										5
12	Totales ZP	0	0	0	1	1	1	1	1	0	0	0	0	0	0	0	0	0	0	5
12	ZQ04BR			0	0	1	2	0	0	0										3
12	ZQ04OR			0	1	1	1	0	0	0										3
12	ZQ05AS			0	1	2	1	0	0	0										4
12	ZQ05AZ			0	1	2	0	2	1	0										6
12	ZQ07RS			0	0	3	1	1	1	0										6
12	ZQ07TU			0	3	4	1	1	0	0										9
12	ZQ09BR			0	0	1	0	0	0	0										1
12	ZQ09NE			0	0	1	1	0	0	0										2
12	ZQ10AZ			0	1	0	0	0	0	0										1
12	ZQ10BG			0	1	0	1	0	0	0										2
12	ZQ11NE			1	1	1	0	0	0	0										3
12	ZQ15RO			0	0	2	0	0	0	0										2
12	ZQ24DO			0	0	1	2	1	0	0										4
12	ZQ24RO			0	0	2	1	0	0	0										3
12	ZQ25BR			0	0	0	0	1	0	0										1
12	ZQ30BR			0	0	1	1	0	0	0										2
12	ZQ31C*			0	1	2	1	0	0	0										4
12	ZQ32BG			0	1	2	1	1	0	0										5
12	ZQ34NE			0	0	0	3	0	0	1										4
12	ZQ34RO			1	0	1	1	0	0	0										3
12	ZQ35CF			0	1	0	0	0	0	0										1
12	ZQ37RS			0	1	1	1	0	0	0										3
12	ZQ37VE			0	1	1	0	0	0	0										2
12	ZQ41CF			0	0	1	1	1	0	0										3
12	ZQ73BR			0	0	1	0	0	0	0										1
12	ZQ91AZ			0	1	0	1	0	0	0										2
12	Totales ZQ	0	0	2	15	31	21	8	2	1	0	0	0	0	0	0	0	0	0	80
12	ZUA1BR			0	2	2	0	0	0	1										5
12	ZUA1GR			0	0	0	1	0	0	0										1
12	ZUT1VE			0	1	2	0	0	1	0										4
12	ZUT1XO			0	1	0	0	0	0	1										2
12	Totales ZU	0	0	0	4	4	1	0	1	2	0	0	0	0	0	0	0	0	0	12
12	ZV51CF			0	0	1	0	0	0	0										1
12	ZV52RS			0	2	2	0	1	0	0										5
12	ZV52XM			0	0	3	2	0	1	0										6
12	ZV53BG			2	0	1	1	0	0	0										4
12	ZV53NR			0	0	1	1	0	0	0										2
12	ZV54BG			0	1	0	1	0	1	0										3
12	ZV55BR			0	1	0	0	0	1	0										2
12	ZV55DO			0	1	0	0	0	0	0										1
12	ZV56BG			0	1	0	0	0	0	0										1
12	ZV56NE			0	1	3	0	0	0	0										4
12	ZV57LU			0	0	1	1	1	0	0										3
12	ZV58CF			0	1	1	1	0	0	0										3
12	ZV59BG			0	0	1	1	1	0	0										3
12	ZV60LU			0	0	1	1	0	0	0										2
12	ZV60RO			0	0	1	1	0	0	0										2
12	ZV61BR			0	0	2	1	1	0	0										4
12	ZV61NE			0	2	1	4	1	0	0										8
12	ZV62AZ			0	1	2	2	0	0	0										5
12	ZV62DO			0	1	2	2	1	0	0										6
12	ZV63BR			0	0	1	2	1	0	0										4
12	ZV63RO			0	0	1	1	0	0	0										2
12	Totales ZV	0	0	2	12	25	22	7	3	0	0	0	0	0	0	0	0	0	0	71
12	ZWP1AZ			0	2	3	2	2	0	0										9
12	ZWP1MA			0	1	2	3	3	1	0										10
12	ZWP1NE			1	0	2	4	2	0	0										9
12	ZWP1RO			0	1	2	3	2	1	0										9
12	ZWP1VI			0	1	2	2	2	0	0										7
12	ZWP2BG			0	0	0	2	2	0	0										4
12	ZWP2GR			0	1	2	2	2	0	0										7
12	ZWP2MA			0	0	2	1	2	1	0										6
12	ZWP2NE			1	1	2	3	1	1	0										9
12	ZWP2RO			0	1	0	0	0	0	0										1
12	Totales ZW	0	0	2	8	17	22	18	4	0	0	0	0	0	0	0	0	0	0	71
12	ZX36UV			0	1	1	0	1	0	0										3
12	Totales ZX	0	0	0	1	1	0	1	0	0	0	0	0	0	0	0	0	0	0	3
12	ZY80NE			0	0	1	1	0	0	0										2
12	ZY80RO			0	0	1	1	1	0	0										3
12	ZY81NE			0	1	1	1	0	0	0										3
12	ZY82BG			0	0	1	1	1	0	0										3
12	ZY82MA			0	0	0	1	0	0	0										1
12	Totales ZY	0	0	0	1	4	5	2	0	0	0	0	0	0	0	0	0	0	0	12
12	BOLSAP*	57																		57
12	Totales BO	57	0	0	0	0	0	0	0	0	0	0	0	0	0	0	0	0	0	57
12	CREMA**	36																		36
12	CREMAAC	4																		4
12	CREMABR	1																		1
12	CREMAES	1																		1
12	CREMALI	1																		1
12	CREMAM*	18																		18
12	CREMAMA	2																		2
12	CREMAN*	39																		39
12	CREMANE	1																		1
12	CREMAUV	1																		1
12	Totales CR	104	0	0	0	0	0	0	0	0	0	0	0	0	0	0	0	0	0	104
12	O303MI	1																		1
12	O304AZ	1																		1
12	O321HF	1																		1
12	O321NE	1																		1
12	O322CF	1																		1
12	O322NE	1																		1
12	O323HF	1																		1
12	O350CN	1																		1
12	O350NE	1																		1
12	O3B1NE	2																		2
12	O3B1VE	1																		1
12	O3B2AZ	1																		1
12	O3B2NE	1																		1
12	O3B2VE	1																		1
12	O3B3A*	1																		1
12	O3B3MI	1																		1
12	O3B4A*	1																		1
12	O3B4N*	1																		1
12	O3C1AZ	1																		1
12	O3C1MI	1																		1
12	O3C1NE	2																		2
12	O3C1VE	1																		1
12	O3C2A*	1																		1
12	O3C2N*	1																		1
12	O3M1NE	2																		2
12	O3T1NE	1																		1
12	O3T1VE	1																		1
12	O3T2A*	1																		1
12	Totales O3	31	0	0	0	0	0	0	0	0	0	0	0	0	0	0	0	0	0	31
12	OC09BR	1																		1
12	OC09NE	1																		1
12	OC17NE	1																		1
12	OC54DO	1																		1
12	OC63BR	2																		2
12	OC68MI	1																		1
12	OC76DO	1																		1
12	OC76NE	1																		1
12	OC97DO	1																		1
12	Totales OC	10	0	0	0	0	0	0	0	0	0	0	0	0	0	0	0	0	0	10
12	OD31BG	1																		1
12	ODC2BR	1																		1
12	Totales OD	2	0	0	0	0	0	0	0	0	0	0	0	0	0	0	0	0	0	2
12	OE20HF	1																		1
12	OE22NE	1																		1
12	OE23WB	1																		1
12	OEB1R1	1																		1
12	OEC1R1	1																		1
12	OET2NE	1																		1
12	OET2WB	1																		1
12	Totales OE	7	0	0	0	0	0	0	0	0	0	0	0	0	0	0	0	0	0	7
12	OF14MB	1																		1
12	OF17AS	1																		1
12	OF17RO	1																		1
12	OF18BR	1																		1
12	OF18RO	1																		1
12	OF19BR	1																		1
12	OF19RO	1																		1
12	OFC2BR	1																		1
12	OFC2RO	1																		1
12	OFL1AZ	1																		1
12	OFL2BR	1																		1
12	OFL2RO	1																		1
12	OFT2BR	1																		1
12	OFT2RO	1																		1
12	Totales OF	14	0	0	0	0	0	0	0	0	0	0	0	0	0	0	0	0	0	14
12	OG02CF	1																		1
12	OG29NE	1																		1
12	Totales OG	2	0	0	0	0	0	0	0	0	0	0	0	0	0	0	0	0	0	2
12	OHB1UV	1																		1
12	OHP1UV	2																		2
12	Totales OH	3	0	0	0	0	0	0	0	0	0	0	0	0	0	0	0	0	0	3
12	OK01NE	1																		1
12	OK26RO	1																		1
12	OK35OR	1																		1
12	OK37BR	1																		1
12	OK80CF	1																		1
12	OKB1RS	1																		1
12	OKB2CF	1																		1
12	OKB2NE	1																		1
12	OKB3VE	1																		1
12	OKB3XO	1																		1
12	OKB5NR	1																		1
12	OKC1RS	1																		1
12	OKC2VE	1																		1
12	OKC2XO	1																		1
12	OKL2RO	1																		1
12	OKL2XO	1																		1
12	OKM2XO	1																		1
12	OKP2VE	1																		1
12	OKT2RO	1																		1
12	OKT2VE	1																		1
12	OKT2XO	1																		1
12	Totales OK	21	0	0	0	0	0	0	0	0	0	0	0	0	0	0	0	0	0	21
12	OL65CN	1																		1
12	OL65NE	1																		1
12	Totales OL	2	0	0	0	0	0	0	0	0	0	0	0	0	0	0	0	0	0	2
12	OM35AS	1																		1
12	OM55HF	1																		1
12	Totales OM	2	0	0	0	0	0	0	0	0	0	0	0	0	0	0	0	0	0	2
12	ON28NE	1																		1
12	ON31MI	1																		1
12	ON34CF	1																		1
12	ON46MB	1																		1
12	ON46NE	1																		1
12	Totales ON	5	0	0	0	0	0	0	0	0	0	0	0	0	0	0	0	0	0	5
12	OO26NE	1																		1
12	Totales OO	1	0	0	0	0	0	0	0	0	0	0	0	0	0	0	0	0	0	1
12	OP56NE	1																		1
12	OP59MB	1																		1
12	Totales OP	2	0	0	0	0	0	0	0	0	0	0	0	0	0	0	0	0	0	2
12	OQ57RO	1																		1
12	OQ58R*	1																		1
12	OQ58RO	1																		1
12	OQ59AZ	1																		1
12	OQ60AZ	1																		1
12	OQ67CF	1																		1
12	OQ68NE	1																		1
12	OQ68RO	1																		1
12	OQC1RO	1																		1
12	OQL1R*	1																		1
12	OQL1RO	1																		1
12	OQT1RO	1																		1
12	Totales OQ	12	0	0	0	0	0	0	0	0	0	0	0	0	0	0	0	0	0	12
12	OT20CF	1																		1
12	OT21NE	1																		1
12	OT25MI	1																		1
12	OT39DO	1																		1
12	OT39NE	1																		1
12	OT44RS	1																		1
12	OT51CF	2																		2
12	OT51RO	1																		1
12	OT52CF	1																		1
12	OT52RO	1																		1
12	OT54CQ	1																		1
12	OT54PL	1																		1
12	OT56NE	2																		2
12	OT56PL	1																		1
12	OT57AZ	1																		1
12	OT57FS	1																		1
12	OT58FS	1																		1
12	OT63NE	1																		1
12	OT64NE	1																		1
12	OT66AS	1																		1
12	OT66HF	1																		1
12	OT69D*	1																		1
12	OT75BG	1																		1
12	OT75RS	1																		1
12	OTC*CQ	1																		1
12	OTC*PL	1																		1
12	OTC4CF	1																		1
12	OTC4RO	1																		1
12	OTC7NE	1																		1
12	OTL1CF	1																		1
12	OTL1CQ	1																		1
12	OTL1PL	1																		1
12	OTL1RO	1																		1
12	OTL7NE	1																		1
12	OTL7RO	1																		1
12	OTL8HF	1																		1
12	OTL9D*	1																		1
12	OTM*CF	1																		1
12	OTP1AZ	1																		1
12	OTP2**	1																		1
12	OTP2NE	1																		1
12	OTP6CQ	1																		1
12	OTP6PL	1																		1
12	OTP6RO	1																		1
12	OTP7NE	1																		1
12	OTP7RO	1																		1
12	OTP8**	3																		3
12	OTP81*	1																		1
12	OTT6CF	1																		1
12	OTT6RO	1																		1
12	OTT8HF	1																		1
12	Totales OT	55	0	0	0	0	0	0	0	0	0	0	0	0	0	0	0	0	0	55
12	OU19NE	1																		1
12	OU21BG	1																		1
12	OU22CF	1																		1
12	OU55CF	1																		1
12	Totales OU	4	0	0	0	0	0	0	0	0	0	0	0	0	0	0	0	0	0	4
12	OV10AS	1																		1
12	Totales OV	1	0	0	0	0	0	0	0	0	0	0	0	0	0	0	0	0	0	1
12	OW95**	3																		3
12	OWES**	4																		4
12	Totales OW	7	0	0	0	0	0	0	0	0	0	0	0	0	0	0	0	0	0	7
12	OX10NE	1																		1
12	OX10RO	1																		1
12	OX11CF	1																		1
12	OX11NE	1																		1
12	OX12AZ	1																		1
12	OX24CF	1																		1
12	OX24NE	1																		1
12	Totales OX	7	0	0	0	0	0	0	0	0	0	0	0	0	0	0	0	0	0	7
12	OY01NR	1																		1
12	OY19AZ	1																		1
12	OY19RO	1																		1
12	Totales OY	3	0	0	0	0	0	0	0	0	0	0	0	0	0	0	0	0	0	3
12	OZB2RO	1																		1
12	OZC3RO	2																		2
12	OZM2**	1																		1
12	Totales OZ	4	0	0	0	0	0	0	0	0	0	0	0	0	0	0	0	0	0	4
12	TARJETA	19																		19
12	Totales TA	19	0	0	0	0	0	0	0	0	0	0	0	0	0	0	0	0	0	19
12	ZI56NE	1																		1
12	ZI59AZ	1																		1
12	Totales ZI	2	0	0	0	0	0	0	0	0	0	0	0	0	0	0	0	0	0	2
12	ZMC3NE	1																		1
12	Totales ZM	1	0	0	0	0	0	0	0	0	0	0	0	0	0	0	0	0	0	1
12	ZS90FS	1																		1
12	ZS90VE	1																		1
12	ZS94CF	1																		1
12	Totales ZS	3	0	0	0	0	0	0	0	0	0	0	0	0	0	0	0	0	0	3
12	ZT17BR	1																		1
12	ZT59NE	1																		1
12	ZT59RO	1																		1
12	Totales ZT	3	0	0	0	0	0	0	0	0	0	0	0	0	0	0	0	0	0	3
12	ZYF2NE	1																		1
12	ZYP1HF	1																		1
12	Totales ZY	2	0	0	0	0	0	0	0	0	0	0	0	0	0	0	0	0	0	2
12	O1C1HF		0	0		0		1		1		0								2
12	O1C2MI		0	0		1		1		1		0								3
12	Totales O1	0	0	0	0	1	0	2	0	2	0	0	0	0	0	0	0	0	0	5
12	O401HF		0	0		0		0		2		0								2
12	O402MI		0	0		1		0		1		0								2
12	O403HF		0	0		0		0		1		0								1
12	O403WI		0	0		1		0		1		0								2
12	O404HF		0	0		1		0		1		0								2
12	O404MI		0	0		1		0		1		0								2
12	O405CQ		0	0		0		0		1		0								1
12	O406UV		0	0		1		0		1		0								2
12	O407BR		0	0		1		0		1		0								2
12	O407WI		0	0		1		0		1		0								2
12	O408NE		0	0		1		0		1		0								2
12	O408XO		0	0		1		0		1		0								2
12	O409CF		0	0		1		0		1		0								2
12	Totales O4	0	0	0	0	10	0	0	0	14	0	0	0	0	0	0	0	0	0	24
12	OH80MI		0	0		0		0		1		0								1
12	OH80NE		0	0		1		0		1		0								2
12	OHC1MI		0	0		1		1		1		0								3
12	Totales OH	0	0	0	0	2	0	1	0	3	0	0	0	0	0	0	0	0	0	6
12	OQ02HF		0	0		0		1		1		0								2
12	OQ02MI		0	0		1		0		1		0								2
12	OQ06NE		0	0		1		0		0		0								1
12	OQ09CF		0	0		0		0		0		1								1
12	Totales OQ	0	0	0	0	2	0	1	0	2	0	1	0	0	0	0	0	0	0	6
12	OUC1HF		1	1		1		0		0		0								3
12	OUC1NE		0	1		1		0		0		0								2
12	OUC2MI		0	0		1		1		0		0								2
12	OUC2TA		0	1		1		1		0		0								3
12	OUC3HF		0	0		1		0		1		0								2
12	OUC4HF		0	0		0		0		1		0								1
12	Totales OU	0	1	3	0	5	0	2	0	2	0	0	0	0	0	0	0	0	0	13
12	ZE74AL		0	0		0		1		0		0								1
12	ZE74HF		0	0		1		1		1		0								3
12	ZE74WB		0	0		0		0		1		0								1
12	ZE76AL		0	0		1		0		0		0								1
12	ZE76WB		0	0		0		1		1		0								2
12	ZE77HF		0	1		0		1		1		0								3
12	ZE77MB		0	0		0		0		1		0								1
12	Totales ZE	0	0	1	0	2	0	4	0	5	0	0	0	0	0	0	0	0	0	12
12	ZY73AL		0	0		0		2		1		0								3
12	ZY73CF		0	0		0		0		1		0								1
12	ZY97CF		0	0		0		1		0		0								1
12	ZY97NE		0	0		0		0		1		0								1
12	ZYHHAL		0	0		0		0		1		0								1
12	ZYHHCF		0	1		0		0		0		0								1
12	Totales ZY	0	0	1	0	0	0	3	0	4	0	0	0	0	0	0	0	0	0	8
12	O201HF														0	1	1	0		2
12	O202MI														0	1	1	0		2
12	O202NE														0	1	0	0		1
12	O202RO														0	1	1	0		2
12	O203HF														1	1	0	0		2
12	O204DO														0	0	1	0		1
12	O204GR														0	1	1	0		2
12	O205DO														0	1	0	0		1
12	O205GR														1	0	0	0		1
12	O208DO														0	1	0	0		1
12	O208GR														1	1	0	0		2
12	Totales O2	0	0	0	0	0	0	0	0	0	0	0	0	0	3	9	5	0	0	17
12	O421N*														1	1	0	0		2
12	O421R*														1	1	0	0		2
12	O422A*														1	1	0	0		2
12	O422C*														1	1	0	0		2
12	O422N*														0	1	0	0		1
12	O422R*														1	1	0	0		2
12	O451AZ														2	0	0	0		2
12	O451TA														0	2	0	0		2
12	O452CF														0	2	0	0		2
12	Totales O4	0	0	0	0	0	0	0	0	0	0	0	0	0	7	10	0	0	0	17
12	OA46NE														1	0	0	0		1
12	Totales OA	0	0	0	0	0	0	0	0	0	0	0	0	0	1	0	0	0	0	1
12	OD01RO														1	0	0	0		1
12	OD03AZ														1	1	0	1		3
12	OD03NE														1	1	0	1		3
12	OD05MI														1	1	0	0		2
12	OD05NE														1	1	0	0		2
12	OD07HF														0	1	0	1		2
12	OD08HF														0	1	0	0		1
12	OD08NE														0	1	0	0		1
12	Totales OD	0	0	0	0	0	0	0	0	0	0	0	0	0	5	7	0	3	0	15
12	OH51TA														1	1	0	0		2
12	OH52AZ														1	1	0	0		2
12	OH52RO														0	1	0	0		1
12	Totales OH	0	0	0	0	0	0	0	0	0	0	0	0	0	2	3	0	0	0	5
12	OP03NE														0	1	0	0		1
12	OP04LU														1	1	0	0		2
12	OP40CF														0	1	0	0		1
12	OP40RO														0	2	0	0		2
12	OP97NE														1	0	0	0		1
12	Totales OP	0	0	0	0	0	0	0	0	0	0	0	0	0	2	5	0	0	0	7
12	OQ04NE														0	0	1	0		1
12	OQ05CF														1	0	1	0		2
12	Totales OQ	0	0	0	0	0	0	0	0	0	0	0	0	0	1	0	2	0	0	3
12	OV02CN														0	1	1	0		2
12	OV02NE														0	2	0	0		2
12	Totales OV	0	0	0	0	0	0	0	0	0	0	0	0	0	0	3	1	0	0	4
12	Total	386	1	133	571	536	395	382	274	181	79	50	20	0	21	37	8	3	0	3077
23	0X16XM					0	0	0	4	1	3	2	1	0						11
23	0X16XN					0	0	0	0	0	2	0	1	0						3
23	0X60XN					0	0	0	0	0	0	1	0	0						1
23	0X65XM					0	0	0	0	0	0	0	1	0						1
23	0X65XN					0	0	0	0	0	0	0	1	0						1
23	0X78XN					0	0	0	0	0	0	1	0	0						1
23	0X86XM					0	0	0	0	0	0	1	0	0						1
23	0X98XM					0	0	0	0	0	2	2	0	0						4
23	Totales 0X	0	0	0	0	0	0	0	4	1	7	7	4	0	0	0	0	0	0	23
23	3B00XC					0	0	0	0	0	0	2	0	0						2
23	3B01XN					0	0	0	0	0	0	1	0	0						1
23	3B02NM					0	0	0	0	1	2	1	1	0						5
23	3B02TN					0	0	1	0	0	1	0	1	0						3
23	3B02XG					0	1	0	0	0	1	0	0	0						2
23	3B15XJ					0	0	0	1	1	0	1	0	0						3
23	3B15XN					0	0	0	1	1	0	1	0	0						3
23	3B26TL					0	0	0	0	0	0	0	1	0						1
23	3B26TN					0	1	0	2	1	0	1	0	0						5
23	Totales 3B	0	0	0	0	0	2	1	4	4	4	7	3	0	0	0	0	0	0	25
23	4H96XN					0	0	1	1	1	1	0	0	0					0	4
23	4H98XN					0	0	0	1	2	1	1	0	0					0	5
23	Totales 4H	0	0	0	0	0	0	1	2	3	2	1	0	0	0	0	0	0	0	9
23	5L44TL					0	0	1	0	1	0	1	1	0						4
23	Totales 5L	0	0	0	0	0	0	1	0	1	0	1	1	0	0	0	0	0	0	4
23	6F24TJ					0	0	0	1	1	0	0	0	0						2
23	6F24TN					0	0	1	1	1	1	0	0	0						4
23	6F34TN					0	0	0	1	1	0	0	0	0					0	2
23	6F39TL					0	0	0	0	0	0	0	1	0						1
23	6F50TN					0	0	1	1	0	1	0	0	0						3
23	6F94TN					0	0	0	0	0	1	0	0	0						1
23	Totales 6F	0	0	0	0	0	0	2	4	3	3	0	1	0	0	0	0	0	0	13
23	7M41XM					0	0	0	0	0	1	1	0	0						2
23	7M41XN					0	0	0	2	1	0	1	0	0						4
23	7M53XN					0	0	0	1	1	2	1	0	0					0	5
23	Totales 7M	0	0	0	0	0	0	0	3	2	3	3	0	0	0	0	0	0	0	11
23	8D04TN					0	0	0	0	0	1	0	1	0						2
23	Totales 8D	0	0	0	0	0	0	0	0	0	1	0	1	0	0	0	0	0	0	2
23	9G73TL					0	0	0	0	0	1	0	0	0						1
23	9G78TJ					0	0	1	0	0	0	0	0	0						1
23	Totales 9G	0	0	0	0	0	0	1	0	0	1	0	0	0	0	0	0	0	0	2
23	9H16XM					0	0	0	0	1	2	1	1	0						5
23	9H16XN					0	0	1	1	0	1	1	1	0						5
23	9H47XN					0	0	0	0	0	0	0	1	0						1
23	9H65XN					0	0	0	0	1	1	2	1	0						5
23	9H79XM					0	0	0	0	0	1	2	1	0						4
23	9H79XN					0	0	1	1	0	0	1	1	0						4
23	9H83XJ					0	1	0	0	0	0	1	0	0						2
23	9H83XN					0	0	0	1	0	1	1	0	0						3
23	9H89XJ					0	0	0	0	0	0	1	0	0						1
23	9H89XN					0	0	0	0	1	0	1	1	0						3
23	9H98XJ					0	0	0	0	1	1	2	0	0						4
23	9H98XN					0	0	0	0	0	0	1	0	0						1
23	Totales 9H	0	0	0	0	0	1	2	3	4	7	14	7	0	0	0	0	0	0	38
23	BH40XN					0	0	0	0	0	1	1	0	0					0	2
23	Totales BH	0	0	0	0	0	0	0	0	0	1	1	0	0	0	0	0	0	0	2
23	BJ30XL					0	0	1	0	1	0	0	0	0						2
23	BJ30XN					0	0	0	0	1	1	1	1	0						4
23	BJ51XM					0	0	0	1	2	1	1	1	0						6
23	BJ51XN					0	0	1	1	1	1	1	0	0						5
23	BJ59XL					0	0	0	1	0	0	0	0	0						1
23	BJ59XN					0	0	0	3	2	0	1	1	0						7
23	BJ75XM					0	0	0	0	0	0	0	1	0						1
23	BJ79XN					0	0	0	0	0	1	0	0	0						1
23	BJ82XM					0	0	1	1	2	1	1	0	0						6
23	BJ82XN					0	0	0	1	2	1	0	0	0						4
23	BJ88XM					0	0	1	0	1	1	1	0	0						4
23	Totales BJ	0	0	0	0	0	0	4	8	12	7	6	4	0	0	0	0	0	0	41
23	R033XO					0	0	2	1	0	1	1	0	0						5
23	Totales R0	0	0	0	0	0	0	2	1	0	1	1	0	0	0	0	0	0	0	5
23	R606SN					0	0	0	0	0	0	1	0	0						1
23	R606XO					0	0	1	0	1	1	0	0	0						3
23	R622OR					0	0	1	1	0	0	1	0	0						3
23	R631XN					0	0	0	1	0	0	0	0	0						1
23	R631XO					0	0	0	0	1	0	0	0	0						1
23	R638XM					0	0	1	0	1	0	0	0	0						2
23	R645XM					0	1	0	0	0	0	0	0	0						1
23	R645XO					0	0	1	0	0	0	0	0	0						1
23	Totales R6	0	0	0	0	0	1	4	2	3	1	2	0	0	0	0	0	0	0	13
23	R765XN					0	0	1	0	1	1	0	0	0						3
23	R765XO					0	0	1	1	0	1	0	0	0						3
23	Totales R7	0	0	0	0	0	0	2	1	1	2	0	0	0	0	0	0	0	0	6
23	Z803MI					0	0	0	0	0	0	1	0	0						1
23	Totales Z8	0	0	0	0	0	0	0	0	0	0	1	0	0	0	0	0	0	0	1
23	Z901TA					0	1	0	0	0	0	1	0	0						2
23	Z902HF					0	0	0	0	0	0	1	0	0						1
23	Z902NE					0	0	1	0	0	0	0	0	0						1
23	Z903HF					0	0	1	0	0	1	0	0	0						2
23	Z904NE					0	0	0	0	1	0	0	2	0						3
23	Z904XO					0	0	0	1	1	1	2	1	0						6
23	Z905CF					0	0	0	1	1	1	0	0	0						3
23	Z905NE					0	0	1	0	3	0	0	0	0						4
23	Totales Z9	0	0	0	0	0	1	3	2	6	3	4	3	0	0	0	0	0	0	22
23	ZK10NT					0	0	0	1	1	0	0	0	0						2
23	Totales ZK	0	0	0	0	0	0	0	1	1	0	0	0	0	0	0	0	0	0	2
23	ZN66CQ					0	0	0	2	2	1	1	0	0						6
23	ZN68CA					0	1	0	0	1	1	1	1	0						5
23	ZN70NE					0	0	0	0	0	0	0	1	0						1
23	ZN81NE					0	0	0	0	1	0	0	1	0						2
23	ZN87CA					0	0	0	0	0	0	1	0	0						1
23	Totales ZN	0	0	0	0	0	1	0	2	4	2	3	3	0	0	0	0	0	0	15
23	ZO02XN					0	0	0	0	0	1	1	0	0						2
23	ZO02XO					0	0	0	0	0	0	0	1	0						1
23	ZO05XM					0	0	1	0	0	0	1	0	0						2
23	ZO20XM					0	0	1	0	0	1	1	0	0						3
23	ZO20XN					0	0	0	0	1	1	1	0	0						3
23	ZO70AL					0	0	0	0	2	0	1	0	0						3
23	ZO70XN					0	0	1	2	1	1	1	0	0						6
23	Totales ZO	0	0	0	0	0	0	3	2	4	4	6	1	0	0	0	0	0	0	20
23	ZR51MA					0	0	1	0	1	0	0	0	0					0	2
23	ZR53DO					0	0	0	1	0	0	0	0	0					0	1
23	ZR53XO					0	0	1	0	0	1	0	0	0					0	2
23	ZR54AZ					0	0	1	1	0	0	0	0	0					0	2
23	ZR54CF					0	0	0	1	0	0	0	0	0					0	1
23	ZR56AZ					0	0	0	1	0	0	0	0	0					0	1
23	Totales ZR	0	0	0	0	0	0	3	4	1	1	0	0	0	0	0	0	0	0	9
23	A703NA			0	1	0	0	1	0	0										2
23	A703NV			0	1	1	0	1	0	0										3
23	A714MD			0	1	1	1	1	0	0										4
23	A714RN			0	1	1	0	1	0	0										3
23	A71AA*			0	2	1	1	0	0	0										4
23	A71AN*			0	1	1	1	0	0	0										3
23	A71ANL			1	2	2	0	1	0	0										6
23	A71ANT			0	0	0	0	1	0	0										1
23	A71AV*			0	1	1	0	0	0	0										2
23	A732EC			1	2	0	0	0	0	0										3
23	A732RN			1	0	0	0	0	0	0										1
23	A738NV			0	2	3	0	0	0	0										5
23	Totales A7	0	0	3	14	11	3	6	0	0	0	0	0	0	0	0	0	0	0	37
23	A90DHR			0	2	0	0	0	0	1										3
23	A924RM			0	1	0	0	0	0	0										1
23	Totales A9	0	0	0	3	0	0	0	0	1	0	0	0	0	0	0	0	0	0	4
23	B14DEC			0	1	0	0	1	0	0										2
23	B167RT			1	3	3	0	0	1	0										8
23	B195EN			0	1	0	0	0	0	0										1
23	Totales B1	0	0	1	5	3	0	1	1	0	0	0	0	0	0	0	0	0	0	11
23	B38DRC			1	0	0	0	0	0	0										1
23	Totales B3	0	0	1	0	0	0	0	0	0	0	0	0	0	0	0	0	0	0	1
23	BY05EN			1	1	0	1	0	0	0										3
23	BY50MN			0	1	0	1	0	0	0										2
23	BY50NX			0	1	2	1	1	0	0										5
23	BY68RN			1	2	0	0	1	0	0										4
23	BY68XN			1	0	0	0	0	0	0										1
23	Totales BY	0	0	3	5	2	3	2	0	0	0	0	0	0	0	0	0	0	0	15
23	CG07BG			1	4	1	0	2	0	1										9
23	CG07RN			0	0	0	1	1	1	0										3
23	CG0AMB			0	1	1	1	1	0	0										4
23	CG0ARN			0	1	1	0	1	0	0										3
23	CG10RM			0	1	0	0	0	0	0										1
23	CG26EL			0	1	0	0	0	0	0										1
23	CG26RN			0	1	1	0	0	0	0										2
23	CG28AA			0	3	0	0	1	0	0										4
23	CG28LA			0	1	1	0	1	0	0										3
23	CG28RC			0	0	0	0	0	1	0										1
23	CG28RN			0	1	1	1	1	0	0										4
23	CG2PGM			1	1	0	0	0	0	0										2
23	CG2PRC			1	0	0	0	0	0	0										1
23	CG31O2			0	1	0	0	0	0	0										1
23	CG34ML			1	0	0	0	0	0	0										1
23	CG34RN			1	1	0	0	0	0	0										2
23	CG58SN			0	1	1	0	1	1	0										4
23	CG58SR			0	1	1	1	1	0	0										4
23	CG5YVE			0	1	0	0	0	0	0										1
23	CG6XMB			1	0	0	0	0	0	0										1
23	CG6XML			1	0	0	0	0	0	0										1
23	CG6XRN			0	0	0	0	0	1	0										1
23	CG71RN			0	1	0	0	0	0	0										1
23	CG9XIP			0	1	0	1	1	0	0										3
23	CG9XRC			0	0	1	1	0	1	0										3
23	CG9XRN			0	1	1	1	1	1	0										5
23	Totales CG	0	0	7	23	10	7	12	6	1	0	0	0	0	0	0	0	0	0	66
23	DZ15RC			0	0	1	0	0	0	1										2
23	DZ15RN			1	1	1	0	0	0	0										3
23	DZ59MB			0	1	0	1	0	0	0										2
23	DZ59RN			0	1	1	0	0	1	0										3
23	DZ94AA			0	0	1	0	1	0	0										2
23	DZ94RN			1	1	1	0	0	0	0										3
23	Totales DZ	0	0	2	4	5	1	1	1	1	0	0	0	0	0	0	0	0	0	15
23	EC20ML			0	1	0	0	0	0	0										1
23	Totales EC	0	0	0	1	0	0	0	0	0	0	0	0	0	0	0	0	0	0	1
23	EO46RN			0	1	1	1	1	0	0										4
23	EO46SR			0	1	1	1	1	0	0										4
23	EO50EM			0	0	1	0	0	0	0										1
23	EO73IA			0	1	1	1	1	0	0										4
23	EO73RN			0	1	1	1	1	0	0										4
23	Totales EO	0	0	0	4	5	4	4	0	0	0	0	0	0	0	0	0	0	0	17
23	EW1NRM			0	0	0	1	0	1	0										2
23	EW1NRN			0	1	0	0	0	1	1										3
23	EW1PRM			1	1	1	0	0	0	1										4
23	EW1PRN			0	1	1	1	0	0	0										3
23	EW1YQN			0	2	0	0	0	0	0										2
23	EW6MN9			0	1	2	1	2	0	0										6
23	Totales EW	0	0	1	6	4	3	2	2	2	0	0	0	0	0	0	0	0	0	20
23	FB3YRN			0	1	0	0	0	0	0										1
23	FB4EB8			0	1	0	0	0	0	0										1
23	FB4EN8			0	1	0	1	1	0	0										3
23	FB4XM5			0	1	1	0	1	1	1										5
23	FB4XN5			0	2	0	1	0	0	0										3
23	FB78MB			0	1	1	1	0	0	0										3
23	FB78RN			0	1	1	0	0	0	0										2
23	FB82IP			0	1	1	1	1	0	0										4
23	FB82OX			0	1	1	0	1	0	0										3
23	FB82RS			0	1	0	1	0	0	0										2
23	FB82X0			0	1	0	1	1	0	0										3
23	FB84RN			0	1	0	0	0	0	0										1
23	Totales FB	0	0	0	13	5	6	5	1	1	0	0	0	0	0	0	0	0	0	31
23	FI4BRC			1	0	0	0	0	0	0										1
23	Totales FI	0	0	1	0	0	0	0	0	0	0	0	0	0	0	0	0	0	0	1
23	G722CE			0	1	1	1	1	0	0										4
23	G722MN			0	1	0	0	1	0	0										2
23	Totales G7	0	0	0	2	1	1	2	0	0	0	0	0	0	0	0	0	0	0	6
23	GA5MRM			1	0	1	1	0	1	0										4
23	GA5MRN			1	0	0	0	1	0	0										2
23	GA5MSR			0	1	0	0	0	0	0										1
23	GA5XIA			0	1	1	0	1	0	0										3
23	Totales GA	0	0	2	2	2	1	2	1	0	0	0	0	0	0	0	0	0	0	10
23	GM00OX			0	2	2	3	0	0	0										7
23	GM00PL			0	0	0	1	2	0	0										3
23	GM18SG			0	1	1	1	0	0	0										3
23	GM18SN			0	0	1	0	0	1	1										3
23	GM21T1			0	2	1	1	0	2	1										7
23	GM22MN			0	0	0	0	0	0	1										1
23	Totales GM	0	0	0	5	5	6	2	3	3	0	0	0	0	0	0	0	0	0	24
23	HA3PRN			1	0	0	0	1	0	0										2
23	HA62RM			1	1	0	0	1	1	0										4
23	HA62RN			0	1	0	0	0	0	0										1
23	Totales HA	0	0	2	2	0	0	2	1	0	0	0	0	0	0	0	0	0	0	7
23	HD0RRM			0	1	0	0	0	0	0										1
23	HD19AG			0	0	0	0	0	1	0										1
23	HD2XM1			0	0	0	0	0	1	1										2
23	HD5EET			0	0	0	0	0	1	0										1
23	HD6WRN			2	1	0	0	1	0	0										4
23	HD74RC			0	2	0	1	1	1	0										5
23	HD74RN			0	2	0	0	0	0	1										3
23	HD8PRM			0	0	0	0	0	1	0										1
23	HD8PRN			0	2	1	1	0	2	0										6
23	Totales HD	0	0	2	8	1	2	2	7	2	0	0	0	0	0	0	0	0	0	24
23	IX19ND			1	1	3	1	2	1	1										10
23	IX25EL			0	1	0	0	0	0	0										1
23	IX5WNI			0	1	1	1	1	0	0										4
23	IX5WOX			0	1	0	0	1	0	0										2
23	IX7DCR			0	1	0	0	1	0	0										2
23	IX7DEA			0	2	1	0	1	2	0										6
23	Totales IX	0	0	1	7	5	2	6	3	1	0	0	0	0	0	0	0	0	0	25
23	JQ7BRN			0	1	0	0	0	0	0										1
23	Totales JQ	0	0	0	1	0	0	0	0	0	0	0	0	0	0	0	0	0	0	1
23	K233RN			0	0	1	0	0	0	0										1
23	Totales K2	0	0	0	0	1	0	0	0	0	0	0	0	0	0	0	0	0	0	1
23	KN04ET			0	0	2	0	0	0	0										2
23	KN04RN			0	2	0	0	0	0	0										2
23	KN6DRM			0	2	1	1	2	0	0										6
23	Totales KN	0	0	0	4	3	1	2	0	0	0	0	0	0	0	0	0	0	0	10
23	L414RC			1	0	0	0	1	0	0										2
23	Totales L4	0	0	1	0	0	0	1	0	0	0	0	0	0	0	0	0	0	0	2
23	L514RN			0	1	0	0	0	0	0										1
23	L514SR			0	0	2	0	0	0	0										2
23	L520L4			0	2	1	0	0	0	0										3
23	L529**			1	1	0	0	0	0	0										2
23	L52BRM			1	0	0	0	0	0	0										1
23	L58AIA			0	0	0	0	1	0	0										1
23	L58ARC			0	0	1	0	0	0	0										1
23	L58ARN			0	0	0	0	0	0	1										1
23	L59CLU			0	2	4	2	0	3	0										11
23	L59CRM			0	0	0	0	0	1	1										2
23	L59CRN			0	0	1	0	0	0	0										1
23	Totales L5	0	0	2	6	9	2	1	4	2	0	0	0	0	0	0	0	0	0	26
23	LP01CR			0	1	1	1	2	0	0										5
23	LP01D1			0	1	1	1	1	0	0										4
23	LP01DO			0	0	1	0	0	0	0										1
23	LP01RN			0	1	0	1	1	0	0										3
23	LP01T5			0	0	1	0	1	0	0										2
23	LP09M6			0	1	0	0	0	0	0										1
23	LP09N6			0	0	1	0	0	0	0										1
23	LP0CRN			0	1	1	1	2	0	0										5
23	LP0EN2			0	0	1	0	0	0	0										1
23	LP0MRN			0	1	1	2	0	1	0										5
23	LP0WEB			0	1	0	1	0	0	0										2
23	LP1CBR			0	1	0	0	0	0	0										1
23	LP1CRN			0	0	1	0	1	0	0										2
23	LP1DR1			0	1	1	1	1	0	0										4
23	LP1NRM			0	0	0	0	1	0	0										1
23	LP1NRN			0	0	0	1	1	0	0										2
23	LP1NSR			0	1	1	1	1	0	0										4
23	LP29RN			0	1	0	1	0	0	0										2
23	LP29SN			1	0	0	0	0	0	0										1
23	LP3PRM			0	1	1	1	1	0	0										4
23	LP3PRN			0	1	1	1	1	0	0										4
23	LP6WRC			0	1	1	1	1	0	0										4
23	LP71OX			1	1	0	1	0	0	0										3
23	LP71PL			0	1	1	0	0	0	1										3
23	LP8PRM			0	1	1	1	1	0	0										4
23	LP8PRN			0	0	0	0	1	0	0										1
23	Totales LP	0	0	2	17	16	16	17	1	1	0	0	0	0	0	0	0	0	0	70
23	MC2MG1			0	1	0	2	0	0	0										3
23	MC2MN1			0	1	0	0	0	1	0										2
23	MC2MR1			2	1	0	3	0	0	0										6
23	MC77RN			2	1	1	1	0	1	1										7
23	MC8CMB			1	1	0	0	0	0	0										2
23	Totales MC	0	0	5	5	1	6	0	2	1	0	0	0	0	0	0	0	0	0	20
23	MP77IA			1	0	0	0	0	0	1										2
23	MP77RM			1	0	0	0	0	0	0										1
23	MP77RN			1	0	0	0	0	0	0										1
23	Totales MP	0	0	3	0	0	0	0	0	1	0	0	0	0	0	0	0	0	0	4
23	NU3MN8			0	1	0	1	0	0	0										2
23	NU7PRM			0	1	0	0	0	0	0										1
23	Totales NU	0	0	0	2	0	1	0	0	0	0	0	0	0	0	0	0	0	0	3
23	P646RM			0	0	1	0	0	0	0										1
23	P646RN			0	1	1	0	1	0	0										3
23	P65DAA			0	1	0	0	0	0	0										1
23	P663RC			0	2	1	0	0	0	0										3
23	P663RM			1	1	0	0	0	0	0										2
23	P66NGG			1	0	0	0	0	0	0										1
23	P66NGR			1	0	0	0	0	0	0										1
23	P672EL			2	2	0	0	0	0	2										6
23	P672RN			1	3	2	1	0	1	1										9
23	P686RL			0	1	0	0	0	1	0										2
23	P686RM			0	1	1	0	1	0	0										3
23	P686RN			1	1	1	1	0	1	0										5
23	P686SR			1	2	1	0	0	0	1										5
23	P68XRG			1	2	3	0	1	0	0										7
23	Totales P6	0	0	9	17	11	2	3	3	4	0	0	0	0	0	0	0	0	0	49
23	QM7EHR			0	1	0	0	0	0	0										1
23	QM7EIA			1	0	0	0	0	0	0										1
23	QM7ERN			1	0	0	0	0	0	0										1
23	Totales QM	0	0	2	1	0	0	0	0	0	0	0	0	0	0	0	0	0	0	3
23	QR1PNI			0	1	0	1	0	1	1										4
23	QR1PPL			0	0	0	1	1	0	0										2
23	QR2PRC			0	0	1	1	1	0	0										3
23	QR2PRN			0	0	1	1	1	0	0										3
23	QR2WIA			0	0	1	1	0	0	0										2
23	QR2WRN			0	1	1	1	1	0	0										4
23	QR3RN3			0	1	0	1	1	0	0										3
23	Totales QR	0	0	0	3	4	7	5	1	1	0	0	0	0	0	0	0	0	0	21
23	R214SN			0	1	1	1	1	1	0										5
23	R214SR			0	1	0	1	0	1	0										3
23	R214XO			0	0	1	1	0	0	0										2
23	Totales R2	0	0	0	2	2	3	1	2	0	0	0	0	0	0	0	0	0	0	10
23	R323NE			0	2	0	0	0	0	0										2
23	R323XO			0	1	0	1	0	1	1										4
23	Totales R3	0	0	0	3	0	1	0	1	1	0	0	0	0	0	0	0	0	0	6
23	R480RO			0	1	1	0	1	1	0										4
23	R480VE			0	1	1	1	0	0	0										3
23	Totales R4	0	0	0	2	2	1	1	1	0	0	0	0	0	0	0	0	0	0	7
23	RA03NE			0	1	1	1	1	1	0										5
23	RA03RM			0	1	1	2	1	0	0										5
23	RA05NR			0	1	1	0	0	1	0										3
23	RA05RM			0	0	0	1	0	0	0										1
23	RA06GR			0	1	1	0	0	0	0										2
23	RA07NE			0	1	0	1	1	1	0										4
23	RA07RO			0	1	1	1	1	0	0										4
23	RA07XO			0	2	2	2	1	0	0										7
23	RA15NE			0	2	1	1	1	0	0										5
23	RA15XO			0	1	1	1	0	1	0										4
23	RA21GR			0	1	1	1	0	1	0										4
23	RA21RO			0	1	1	2	0	0	1										5
23	RA47BR			1	1	2	0	1	1	0										6
23	RA47XO			0	0	1	1	1	1	0										4
23	RA75AN			1	0	1	0	0	0	0										2
23	RA75LV			0	1	0	0	0	1	0										2
23	RA76XO			0	0	2	0	0	0	0										2
23	RA90XM			0	0	1	1	0	1	0										3
23	RA90XO			0	1	0	1	0	0	0										2
23	RA91NE			0	1	1	1	0	1	1										5
23	RA91RO			0	0	0	1	0	1	0										2
23	RA91XO			0	1	1	0	0	0	0										2
23	RA92MT			2	0	0	0	0	0	0										2
23	RA95NE			0	1	3	1	1	0	0										6
23	RA95RO			0	1	1	1	0	1	0										4
23	RA95XO			0	1	1	1	2	0	0										5
23	RA96NE			0	1	1	0	0	0	1										3
23	RA96RO			0	1	1	0	0	0	0										2
23	RA96XO			0	1	1	0	0	0	0										2
23	RA97RO			0	0	1	0	0	0	0										1
23	RA97XO			0	0	0	1	0	0	0										1
23	RA98NE			0	1	1	0	1	0	0										3
23	RA98RO			0	0	0	1	0	0	0										1
23	RA98XO			0	1	3	1	0	1	0										6
23	Totales RA	0	0	4	26	33	24	12	13	3	0	0	0	0	0	0	0	0	0	115
23	RB40XO			0	0	1	0	0	1	1										3
23	RB44AZ			0	0	0	0	0	0	1										1
23	RB44VE			1	0	1	1	0	0	0										3
23	RB44XO			0	0	1	2	0	1	0										4
23	RB45AN			0	0	1	0	0	0	0										1
23	RB45SN			0	1	1	0	0	0	0										2
23	RB46XO			0	0	1	0	0	1	0										2
23	Totales RB	0	0	1	1	6	3	0	3	2	0	0	0	0	0	0	0	0	0	16
23	RC30MA			0	1	2	1	2	0	0										6
23	RC30NE			0	1	1	1	1	1	0										5
23	RC30RO			0	0	1	0	1	0	0										2
23	RC35AZ			0	1	1	0	0	0	0										2
23	RC35NE			0	1	1	1	0	1	0										4
23	RC36NR			0	1	1	0	1	0	0										3
23	RC36RO			0	1	0	1	1	1	0										4
23	Totales RC	0	0	0	6	7	4	6	3	0	0	0	0	0	0	0	0	0	0	26
23	RD68NE			0	0	0	0	1	0	0										1
23	RD68XO			0	0	1	1	1	1	0										4
23	Totales RD	0	0	0	0	1	1	2	1	0	0	0	0	0	0	0	0	0	0	5
23	RE11RM			0	2	1	0	0	0	0										3
23	RE22AZ			0	3	3	1	1	1	0										9
23	RE22NE			0	3	0	1	1	0	0										5
23	RE22XO			0	2	1	0	0	1	0										4
23	Totales RE	0	0	0	10	5	2	2	2	0	0	0	0	0	0	0	0	0	0	21
23	RG59CF			0	1	1	1	1	0	0										4
23	RG59MI			0	2	1	2	1	1	0										7
23	RG59NE			0	1	1	0	1	0	0										3
23	RG67NE			0	0	1	1	0	0	0										2
23	RG70AZ			0	1	1	0	1	0	0										3
23	RG70LU			0	1	1	1	1	0	0										4
23	RG88NE			0	1	1	1	0	0	0										3
23	RG88RO			0	0	0	1	0	0	0										1
23	Totales RG	0	0	0	7	7	7	5	1	0	0	0	0	0	0	0	0	0	0	27
23	RS00RN			0	1	1	0	1	0	0										3
23	RS06**			0	0	0	0	0	1	0										1
23	RS06MB			0	0	0	1	0	0	0										1
23	RS06RN			0	1	1	0	1	0	0										3
23	RS0BRG			0	1	0	0	0	0	0										1
23	RS0X*C			0	1	1	1	1	0	0										4
23	RS0XIA			0	1	1	1	1	0	0										4
23	RS0XRF			0	0	0	0	0	0	1										1
23	RS0XRN			0	1	1	1	1	0	0										4
23	RS16AA			0	1	0	0	0	0	0										1
23	RS16RN			1	2	3	0	0	0	0										6
23	RS16SR			1	0	1	0	0	0	0										2
23	RS17**			0	0	0	0	1	0	0										1
23	RS17AA			0	1	0	0	0	0	0										1
23	RS17BG			0	2	0	0	0	0	0										2
23	RS17RN			0	1	1	1	1	0	2										6
23	RS2WRN			0	2	1	0	1	0	0										4
23	RS37M3			0	1	2	1	0	0	0										4
23	RS37N3			0	1	1	1	1	0	0										4
23	RS3BBG			0	1	0	0	0	0	0										1
23	RS3BN1			0	1	1	0	0	0	0										2
23	RS3NRN			0	0	2	0	1	0	0										3
23	RS3WRC			0	1	0	0	0	1	0										2
23	RS3WRN			0	1	0	0	1	0	0										2
23	RS3WSR			0	1	0	0	1	1	0										3
23	RS48BR			1	1	1	0	0	0	1										4
23	RS48DO			0	0	1	1	0	0	0										2
23	RS48MB			0	1	1	1	1	1	0										5
23	RS48RN			0	2	1	1	2	0	0										6
23	RS49C1			0	1	1	1	0	0	0										3
23	RS4NML			0	1	1	1	1	0	0										4
23	RS4NRN			0	0	1	1	1	1	0										4
23	RS4NSR			0	1	0	1	1	1	0										4
23	RS5BIA			0	2	0	0	0	1	0										3
23	RS5BM3			0	1	1	0	0	0	0										2
23	RS5BM4			0	1	0	0	0	0	0										1
23	RS5BMB			0	1	0	0	1	0	0										2
23	RS5BN1			0	1	1	0	1	0	0										3
23	RS5BRM			0	1	1	0	0	0	0										2
23	RS5BRN			0	1	0	1	0	1	1										4
23	RS61L1			0	0	1	1	0	0	0										2
23	RS64OX			0	0	0	1	1	0	0										2
23	RS64RN			0	1	0	1	1	0	0										3
23	RS64SR			0	0	1	1	1	0	0										3
23	RS6CEA			0	0	1	0	0	0	0										1
23	RS72PL			0	1	0	0	1	0	0										2
23	RS72RN			0	0	0	0	1	0	0										1
23	RS87B8			1	1	0	0	1	1	0										4
23	RS87BG			0	1	1	0	1	1	1										5
23	RS87EL			0	1	0	0	0	1	0										2
23	RS87LA			0	1	1	1	0	0	0										3
23	RS87M8			0	0	1	0	2	0	0										3
23	RS87N8			0	0	0	0	1	2	0										3
23	RS9YMB			0	1	1	0	0	0	0										2
23	RS9YRN			0	1	1	1	1	0	0										4
23	RS9YSR			0	1	1	0	1	0	0										3
23	Totales RS	0	0	4	46	36	21	32	13	6	0	0	0	0	0	0	0	0	0	158
23	SV0XHR			0	0	0	0	0	1	0										1
23	SV0XRM			0	2	2	1	1	0	0										6
23	SV0XRN			0	1	0	0	1	0	0										2
23	SV2CSR			0	1	0	0	0	0	0										1
23	SV3RCM			0	3	3	3	2	2	0										13
23	SV3RCN			0	1	1	3	1	1	0										7
23	SV4XIA			0	0	0	0	0	1	0										1
23	SV4XRN			1	0	0	0	0	0	0										1
23	SV65IA			0	1	0	0	0	1	0										2
23	SV65RN			0	1	0	0	1	0	0										2
23	SV70RN			0	0	2	0	0	0	0										2
23	SV7YBG			1	1	1	0	0	0	0										3
23	SV7YRN			0	1	5	1	1	0	0										8
23	SV9BML			0	1	1	0	0	0	0										2
23	SV9BRM			1	0	1	0	0	0	1										3
23	SV9BRN			2	0	2	0	0	0	0										4
23	SV9BSR			0	1	0	0	0	0	0										1
23	Totales SV	0	0	5	14	18	8	7	6	1	0	0	0	0	0	0	0	0	0	59
23	T21BRM			0	1	0	0	0	0	0										1
23	T21BRN			0	1	3	0	0	0	0										4
23	Totales T2	0	0	0	2	3	0	0	0	0	0	0	0	0	0	0	0	0	0	5
23	T581RM			0	1	0	1	0	0	0										2
23	T581RN			0	0	0	0	0	1	0										1
23	T589RC			0	1	1	1	1	0	0										4
23	Totales T5	0	0	0	2	1	2	1	1	0	0	0	0	0	0	0	0	0	0	7
23	UH0EN1			0	1	0	0	0	0	0										1
23	UH0ERM			0	1	1	0	0	0	0										2
23	UH0ERN			1	2	3	1	0	0	0										7
23	UH1XRN			0	1	1	0	0	1	0										3
23	UH3EEL			1	2	0	0	1	1	0										5
23	UH3ERN			0	2	1	0	0	0	0										3
23	UH47M8			0	1	0	1	0	2	0										4
23	UH47N8			1	0	0	1	0	1	0										3
23	UH4CRN			0	2	3	0	0	0	0										5
23	UH6NBG			1	0	0	0	1	1	1										4
23	UH6NR5			2	0	0	1	2	1	0										6
23	UH79LC			0	0	1	1	0	1	0										3
23	UH79LR			0	0	0	0	0	1	0										1
23	UH79RC			2	2	3	0	1	3	0										11
23	UH7ERM			2	1	1	0	0	2	0										6
23	UH7ERN			0	2	1	0	0	0	0										3
23	UH93A5			0	0	1	0	0	1	1										3
23	UH93MA			0	1	0	0	0	1	0										2
23	UH93RN			1	0	0	0	0	0	0										1
23	UH97BR			1	1	0	3	0	0	0										5
23	UH97RN			0	1	1	0	0	0	0										2
23	UH9MRM			0	0	1	0	0	0	0										1
23	UH9MRN			0	1	1	0	0	0	0										2
23	Totales UH	0	0	12	21	19	8	5	16	2	0	0	0	0	0	0	0	0	0	83
23	UN2XLA			0	0	1	1	1	1	0										4
23	UN2XRN			0	1	1	1	1	0	0										4
23	UN4BG2			0	1	1	1	0	0	0										3
23	UN6DC2			0	1	1	1	1	0	0										4
23	UN6DN3			0	1	1	1	1	0	0										4
23	Totales UN	0	0	0	4	5	5	4	1	0	0	0	0	0	0	0	0	0	0	19
23	UP76ML			0	1	0	0	0	0	0										1
23	UP8CSR			0	1	1	1	1	0	0										4
23	UP8MRM			0	0	0	0	0	1	0										1
23	Totales UP	0	0	0	2	1	1	1	1	0	0	0	0	0	0	0	0	0	0	6
23	VT0DRM			0	0	1	0	0	2	0										3
23	VT0DRN			0	0	0	3	1	2	0										6
23	VT0YEL			0	0	0	0	1	0	0										1
23	VT1BIA			0	1	0	1	1	1	0										4
23	VT1BMB			0	0	0	0	1	0	0										1
23	VT1BML			0	1	0	0	0	0	0										1
23	VT1BRN			0	1	0	1	3	1	0										6
23	VT31AA			0	3	0	0	0	0	0										3
23	VT31RN			0	1	0	0	0	0	0										1
23	VT4ARN			0	0	0	0	1	0	0										1
23	VT6PMB			0	0	0	0	0	1	0										1
23	VT6PRN			1	0	0	0	1	0	1										3
23	VT6XMB			0	0	1	0	0	2	0										3
23	VT6XRN			0	1	0	0	0	1	0										2
23	VT7R05			0	0	0	1	1	0	0										2
23	VT8EHR			0	0	1	0	0	0	1										2
23	VT8EOX			0	0	1	1	1	0	0										3
23	VT8ERN			0	1	1	1	1	1	0										5
23	VT8ESR			1	1	0	0	0	1	0										3
23	VT94BR			0	1	0	0	0	0	0										1
23	VT94RC			0	1	0	1	1	0	0										3
23	VT94RN			0	1	1	1	1	0	0										4
23	VT97A1			0	1	0	1	1	0	0										3
23	VT97A9			0	0	1	0	0	0	0										1
23	VT97BG			0	1	0	0	0	0	0										1
23	VT9NRM			0	1	0	0	0	0	0										1
23	Totales VT	0	0	2	16	7	11	15	12	2	0	0	0	0	0	0	0	0	0	65
23	WB8CSR			0	0	2	0	1	0	0										3
23	Totales WB	0	0	0	0	2	0	1	0	0	0	0	0	0	0	0	0	0	0	3
23	WD8CRN			0	1	1	1	1	0	0										4
23	Totales WD	0	0	0	1	1	1	1	0	0	0	0	0	0	0	0	0	0	0	4
23	WI99BK			0	1	1	0	3	1	1										7
23	WI99BM			2	0	0	0	1	0	0										3
23	WI99N7			0	2	0	0	0	0	1										3
23	WI99N9			1	2	1	0	0	0	1										5
23	Totales WI	0	0	3	5	2	0	4	1	3	0	0	0	0	0	0	0	0	0	18
23	X300C1			0	0	0	0	0	0	1										1
23	X300N4			0	0	1	0	0	0	0										1
23	X302BR			0	1	0	0	0	0	0										1
23	X302RN			0	3	1	1	0	0	0										5
23	X302RS			0	2	0	1	0	1	0										4
23	X32RG5			0	1	0	0	1	0	0										2
23	X32RN5			0	1	0	0	0	1	0										2
23	X32RR5			0	0	1	0	1	0	0										2
23	X32RT6			0	1	1	1	1	0	0										4
23	X332AZ			0	1	0	1	1	0	0										3
23	X332MD			0	1	1	1	1	0	0										4
23	X332NG			0	0	1	0	1	0	0										2
23	X343RN			0	1	1	0	0	0	0										2
23	X355AS			0	0	0	0	1	0	0										1
23	X355CR			0	0	0	0	1	0	0										1
23	X355RN			0	1	1	0	0	0	0										2
23	X356RC			0	4	0	0	0	0	0										4
23	X356RN			1	1	1	0	0	0	0										3
23	X360BG			0	1	0	0	0	0	0										1
23	X360RG			1	1	0	0	0	0	0										2
23	X360RN			0	1	0	0	0	0	0										1
23	X36YR1			0	1	1	0	1	0	0										3
23	X376AS			1	1	0	0	1	1	1										5
23	X376N3			0	1	1	1	1	1	0										5
23	X37CM8			0	4	0	0	0	0	0										4
23	X37CN8			0	0	0	2	0	0	1										3
23	Totales X3	0	0	3	28	11	8	11	4	3	0	0	0	0	0	0	0	0	0	68
23	YD1DRM			0	3	2	2	1	0	0										8
23	YD40AG			1	1	0	0	0	0	0										2
23	YD40RM			0	0	0	0	0	1	0										1
23	YD91AB			0	1	2	1	0	0	1										5
23	YD91RC			0	1	2	2	0	0	0										5
23	YD91RN			0	0	1	1	0	0	0										2
23	YD96RG			1	0	0	0	0	1	0										2
23	YD9EEC			1	3	0	2	0	1	0										7
23	YD9ERM			1	3	2	2	1	0	0										9
23	YD9ERN			1	1	2	0	0	0	0										4
23	Totales YD	0	0	5	13	11	10	2	3	1	0	0	0	0	0	0	0	0	0	45
23	YK1CVM			0	1	0	0	0	0	0										1
23	YK20RN			0	0	1	0	0	1	0										2
23	YK2YMA			1	0	0	0	0	0	1										2
23	YK361T			0	0	1	0	1	1	0										3
23	YK36R5			0	0	0	1	0	1	0										2
23	YK38RM			1	0	0	0	0	0	0										1
23	YK4RRT			0	2	1	1	0	0	1										5
23	YK6BMB			0	1	1	1	0	1	0										4
23	YK6BN1			0	1	0	0	0	0	0										1
23	YK8NM2			0	1	0	0	0	0	0										1
23	YK8NN2			1	0	1	0	0	0	0										2
23	YK8NNM			1	0	1	0	0	1	0										3
23	YK8NNN			0	1	1	0	0	0	0										2
23	Totales YK	0	0	4	7	7	3	1	5	2	0	0	0	0	0	0	0	0	0	29
23	Z113CF			0	1	2	1	1	0	0										5
23	Z113NE			1	1	1	0	0	0	0										3
23	Z150BG			0	0	2	2	1	0	0										5
23	Z150BR			0	1	1	1	1	1	0										5
23	Z151NE			0	0	1	2	0	0	0										3
23	Z151RO			0	0	2	2	0	0	0										4
23	Totales Z1	0	0	1	3	9	8	3	1	0	0	0	0	0	0	0	0	0	0	25
23	Z203XO			0	0	0	1	0	0	0										1
23	Z207MB			0	0	0	0	0	1	0										1
23	Z208CF			0	1	1	0	0	1	0										3
23	Z208MB			0	0	2	1	1	1	0										5
23	Z210MB			0	0	1	1	0	1	0										3
23	Z211MI			0	0	3	0	1	1	0										5
23	Totales Z2	0	0	0	1	7	3	2	5	0	0	0	0	0	0	0	0	0	0	18
23	Z342NE			0	2	0	0	0	0	0										2
23	Z342RO			0	0	2	0	0	1	1										4
23	Z344AZ			0	0	1	3	0	0	0										4
23	Z344MI			0	0	0	0	3	0	0										3
23	Totales Z3	0	0	0	2	3	3	3	1	1	0	0	0	0	0	0	0	0	0	13
23	Z402GN			0	1	2	1	0	0	0										4
23	Z404CF			0	1	0	0	0	0	0										1
23	Z404NE			0	0	1	0	0	0	0										1
23	Z451BR			0	1	1	1	1	0	0										4
23	Z451NE			0	1	1	1	0	0	0										3
23	Z452DO			0	1	1	1	2	0	0										5
23	Z453CF			0	1	1	0	0	1	0										3
23	Z454AZ			0	1	1	1	0	1	0										4
23	Z456MI			0	1	1	0	0	1	0										3
23	Z456NE			0	1	1	1	1	0	0										4
23	Totales Z4	0	0	0	9	10	6	4	3	0	0	0	0	0	0	0	0	0	0	32
23	Z501HF			0	0	0	1	0	1	0										2
23	Z501NE			0	0	0	0	0	0	1										1
23	Z502NE			0	1	0	0	0	0	0										1
23	Z590AZ			0	1	0	0	1	1	0										3
23	Z590NE			0	0	0	1	0	0	0										1
23	Z594AZ			0	0	0	1	0	0	0										1
23	Z594NE			0	0	0	0	0	1	0										1
23	Z595CF			0	0	0	1	0	0	0										1
23	Totales Z5	0	0	0	2	0	4	1	3	1	0	0	0	0	0	0	0	0	0	11
23	Z618MI			0	3	3	2	0	2	1										11
23	Z618RO			2	0	3	1	1	1	0										8
23	Z619AZ			0	2	1	1	1	0	0										5
23	Z619RO			0	1	1	0	1	0	0										3
23	Totales Z6	0	0	2	6	8	4	3	3	1	0	0	0	0	0	0	0	0	0	27
23	Z701CF			1	3	2	1	4	0	0										11
23	Z701GR			0	3	1	1	0	1	0										6
23	Z703DO			0	1	0	2	1	0	0										4
23	Z704DO			1	1	1	2	2	1	0										8
23	Z704NE			0	2	2	1	1	1	0										7
23	Z705BR			1	1	1	0	1	0	0										4
23	Z706NE			0	0	2	2	0	0	0										4
23	Z706RO			0	1	0	0	0	0	0										1
23	Z708RO			0	1	1	1	1	1	0										5
23	Z709DO			0	1	1	1	0	1	0										4
23	Z709NE			0	1	1	1	1	1	0										5
23	Totales Z7	0	0	3	15	12	12	11	6	0	0	0	0	0	0	0	0	0	0	59
23	ZA13BR			0	1	0	1	1	0	0										3
23	ZA14TA			0	1	0	0	0	0	0										1
23	ZA17AZ			0	1	0	0	0	0	0										1
23	ZA18MI			0	2	1	1	0	0	0										4
23	ZA19BR			0	0	1	1	1	1	0										4
23	ZA28AZ			0	1	1	1	1	0	0										4
23	ZA28OX			0	1	1	1	0	0	0										3
23	ZA29RO			0	0	0	1	1	1	0										3
23	ZA30B*			0	1	0	1	0	0	0										2
23	ZA31BG			0	1	1	1	0	0	0										3
23	ZA31CF			0	1	0	1	0	0	0										2
23	ZA32AZ			0	2	0	0	2	1	0										5
23	ZA32WB			0	0	0	0	1	0	0										1
23	ZA33AZ			0	1	0	1	1	0	0										3
23	ZA33BR			0	0	1	0	0	0	0										1
23	ZA78NE			0	1	0	0	0	0	0										1
23	ZA78WI			0	1	0	0	1	0	0										2
23	ZA79AZ			0	1	0	0	0	0	0										1
23	ZA79MI			0	0	0	0	1	1	0										2
23	Totales ZA	0	0	0	16	6	10	10	4	0	0	0	0	0	0	0	0	0	0	46
23	ZCD1B*			0	1	0	1	0	0	0										2
23	ZCD1NE			0	1	1	1	1	0	0										4
23	ZCD2BR			0	0	1	0	1	1	0										3
23	ZCD2NE			0	1	0	1	1	0	0										3
23	ZCD3AZ			0	1	1	1	1	0	0										4
23	ZCD3BR			0	1	0	0	1	1	0										3
23	ZCD4BR			0	1	1	0	1	1	0										4
23	ZCD4MB			0	1	0	1	1	1	0										4
23	ZCD5NE			0	1	1	1	1	1	0										5
23	ZCD5XO			0	1	1	1	0	1	0										4
23	Totales ZC	0	0	0	9	6	7	8	6	0	0	0	0	0	0	0	0	0	0	36
23	ZD17NE			0	0	0	0	1	0	0										1
23	ZD19BG			0	0	1	1	0	0	0										2
23	ZD19BL			0	0	0	0	1	1	0										2
23	ZD20NE			0	0	0	0	1	1	0										2
23	ZD32RO			0	0	1	1	0	0	0										2
23	ZD34MB			0	0	0	0	1	0	0										1
23	ZD34NE			0	1	0	0	0	0	0										1
23	ZD41CR			0	0	0	1	0	0	0										1
23	ZD41DO			0	0	1	0	0	0	0										1
23	Totales ZD	0	0	0	1	3	3	4	2	0	0	0	0	0	0	0	0	0	0	13
23	ZF19RO			1	1	1	2	0	0	0										5
23	ZF25MO			0	0	0	0	0	1	0										1
23	ZF26BR			0	1	2	1	1	0	0										5
23	ZF26C*			0	1	1	1	1	1	0										5
23	ZF27MO			0	1	1	1	0	1	0										4
23	ZF34NE			0	1	2	1	1	1	0										6
23	ZF34XO			0	1	2	1	1	1	0										6
23	ZF35BR			0	0	2	1	0	0	0										3
23	ZF38B*			0	0	0	2	0	1	0										3
23	ZF39AZ			0	1	1	1	0	1	0										4
23	ZF39RO			0	0	1	2	0	0	0										3
23	ZF45OR			1	1	3	0	0	0	0										5
23	ZF46HF			0	1	1	1	1	0	0										4
23	ZF46NE			0	1	0	0	1	0	0										2
23	ZF46RO			0	0	0	0	1	0	0										1
23	ZF48BG			0	1	2	1	1	0	0										5
23	ZF49BR			0	1	1	1	1	1	0										5
23	ZF50C*			0	0	1	1	0	0	0										2
23	ZF50NE			0	1	1	1	1	1	0										5
23	ZF51AS			0	0	2	1	1	0	0										4
23	ZF51OR			1	1	0	0	0	0	0										2
23	ZF72NE			0	1	2	0	1	1	0										5
23	ZF72RO			0	1	1	1	1	0	0										4
23	Totales ZF	0	0	3	16	27	20	13	10	0	0	0	0	0	0	0	0	0	0	89
23	ZG11CA			0	0	1	0	0	1	0										2
23	ZG13NE			0	1	0	1	0	0	0										2
23	ZG13RR			0	1	0	0	0	0	0										1
23	ZG13WB			0	2	0	0	1	1	0										4
23	ZG17RO			1	0	0	0	0	0	0										1
23	ZG18RO			0	2	3	0	0	0	0										5
23	ZG20LU			0	0	2	0	0	0	0										2
23	ZG20MI			0	1	1	1	1	1	0										5
23	ZG20NE			1	0	0	0	0	0	0										1
23	ZG22AZ			0	0	0	0	0	2	0										2
23	ZG22RO			0	0	1	0	0	0	0										1
23	ZG24SR			0	1	0	1	0	1	0										3
23	ZG25AS			0	1	0	0	0	1	0										2
23	ZG25NE			0	0	0	1	0	0	0										1
23	ZG70WB			0	1	1	0	0	0	0										2
23	ZG74MI			0	2	5	3	2	2	0										14
23	ZG74NE			0	0	2	0	1	1	0										4
23	Totales ZG	0	0	2	12	16	7	5	10	0	0	0	0	0	0	0	0	0	0	52
23	ZH80LU			0	1	1	1	1	1	0										5
23	ZH80NE			0	1	1	1	1	0	0										4
23	ZH81RO			0	0	1	1	0	1	0										3
23	ZH82VE			0	1	1	1	0	0	1										4
23	ZH83BR			0	1	1	0	1	0	0										3
23	ZH84MA			0	0	1	1	0	1	0										3
23	ZH84NE			0	1	1	1	0	0	0										3
23	ZH85DO			0	1	0	0	1	1	0										3
23	Totales ZH	0	0	0	6	7	6	4	4	1	0	0	0	0	0	0	0	0	0	28
23	ZJ01HR			0	1	0	1	0	0	0										2
23	ZJ01MB			0	1	2	1	0	0	0										4
23	ZJ01RN			0	0	0	1	0	0	0										1
23	ZJ02HR			0	1	0	0	0	1	0										2
23	ZJ02RM			0	1	0	0	0	0	0										1
23	ZJ02RN			0	1	2	1	0	0	0										4
23	ZJ07MB			0	1	1	0	1	1	0										4
23	ZJ08RN			0	1	0	0	1	0	0										2
23	ZJ09CF			0	1	1	1	1	0	0										4
23	ZJ09RN			0	1	1	1	1	0	0										4
23	ZJ12HR			0	0	0	1	0	0	0										1
23	ZJ13CF			0	1	1	0	1	0	0										3
23	ZJ13RN			0	1	0	1	1	0	0										3
23	ZJ15MI			0	1	1	0	0	0	0										2
23	ZJ15NE			0	1	1	1	0	0	0										3
23	ZJ16RN			0	0	1	1	0	0	0										2
23	ZJ17HR			0	1	1	0	1	2	0										5
23	ZJ18AZ			0	1	1	1	0	0	0										3
23	ZJ30BR			0	1	0	0	0	1	0										2
23	ZJ30FS			1	1	0	0	1	1	0										4
23	ZJ31AS			0	2	0	0	0	0	0										2
23	ZJ31BG			0	1	0	0	0	0	0										1
23	ZJ32DO			0	1	1	0	0	0	0										2
23	ZJ33HR			0	1	1	1	0	0	0										3
23	ZJ33VE			0	1	1	0	0	1	0										3
23	ZJ34CR			0	1	0	1	1	1	0										4
23	ZJ34NE			0	1	1	1	0	0	0										3
23	ZJ34RO			0	1	1	1	0	0	0										3
23	ZJ35AZ			0	1	1	0	0	0	0										2
23	ZJ35MI			0	0	0	1	0	0	0										1
23	ZJ40BG			0	0	0	1	0	1	0										2
23	ZJ40BR			0	1	2	1	1	1	0										6
23	ZJ41DO			0	0	1	0	1	0	0										2
23	ZJ41NE			0	1	2	2	1	0	0										6
23	ZJ42CF			0	1	0	0	1	1	0										3
23	ZJ42RN			0	1	1	1	1	0	0										4
23	ZJ50BR			0	0	1	0	1	1	0										3
23	ZJ50PL			0	1	1	1	1	0	0										4
23	Totales ZJ	0	0	1	32	27	22	16	12	0	0	0	0	0	0	0	0	0	0	110
23	ZL02NE			0	0	0	0	1	0	0										1
23	Totales ZL	0	0	0	0	0	0	1	0	0	0	0	0	0	0	0	0	0	0	1
23	ZM56BR			0	0	1	0	0	0	0										1
23	ZM56DO			0	0	0	1	0	0	0										1
23	ZM57NE			0	0	1	0	0	0	0										1
23	ZM57RO			0	0	1	1	0	0	0										2
23	Totales ZM	0	0	0	0	3	2	0	0	0	0	0	0	0	0	0	0	0	0	5
23	ZÑ01HF			0	0	0	0	0	1	0										1
23	ZÑ01MI			0	0	0	0	0	1	0										1
23	Totales ZÑ	0	0	0	0	0	0	0	2	0	0	0	0	0	0	0	0	0	0	2
23	ZO12RN			2	1	1	0	0	0	0										4
23	ZO12WN			3	0	0	0	0	0	0										3
23	ZO13GN			0	2	0	0	0	0	0										2
23	Totales ZO	0	0	5	3	1	0	0	0	0	0	0	0	0	0	0	0	0	0	9
23	ZP63NE			1	0	0	0	0	0	0										1
23	Totales ZP	0	0	1	0	0	0	0	0	0	0	0	0	0	0	0	0	0	0	1
23	ZQ04BR			0	0	5	1	1	1	0										8
23	ZQ04OR			0	2	5	1	0	1	0										9
23	ZQ05AS			0	2	2	0	0	1	0										5
23	ZQ05AZ			0	1	1	0	0	1	0										3
23	ZQ06C*			0	0	1	0	0	0	0										1
23	ZQ07RS			1	2	3	6	2	1	1										16
23	ZQ07TU			0	1	5	1	1	1	0										9
23	ZQ09BR			0	1	0	1	1	0	0										3
23	ZQ09NE			0	0	1	0	0	0	0										1
23	ZQ10AZ			0	2	1	0	0	2	0										5
23	ZQ10BG			0	0	1	0	0	0	0										1
23	ZQ11NE			1	0	0	0	0	0	0										1
23	ZQ14BL			0	1	0	0	0	0	0										1
23	ZQ15RO			1	0	2	0	0	0	0										3
23	ZQ20RO			1	0	0	0	2	0	0										3
23	ZQ20VE			0	0	0	0	1	0	0										1
23	ZQ24DO			0	0	2	2	1	0	0										5
23	ZQ24RO			0	1	1	2	1	1	0										6
23	ZQ25BR			0	1	1	0	1	0	0										3
23	ZQ30BR			1	1	2	1	0	0	0										5
23	ZQ32BG			0	0	2	0	0	0	0										2
23	ZQ34RO			0	0	2	2	1	0	0										5
23	ZQ37RS			0	0	1	1	0	0	0										2
23	ZQ37VE			0	1	1	1	1	0	0										4
23	ZQ41CF			0	1	2	0	1	1	0										5
23	Totales ZQ	0	0	5	17	41	19	14	10	1	0	0	0	0	0	0	0	0	0	107
23	ZUA1GR			0	1	1	2	0	0	0										4
23	ZUT1XO			1	1	0	1	0	1	0										4
23	Totales ZU	0	0	1	2	1	3	0	1	0	0	0	0	0	0	0	0	0	0	8
23	ZV14LU			0	0	0	0	1	0	0										1
23	ZV51CF			0	1	1	0	0	0	0										2
23	ZV52RS			0	1	1	0	1	1	0										4
23	ZV52XM			0	1	1	3	1	0	0										6
23	ZV53BG			0	0	1	0	0	0	0										1
23	ZV54BG			0	0	1	1	0	0	0										2
23	ZV55BR			0	1	0	0	0	0	0										1
23	ZV55DO			0	0	0	1	0	0	0										1
23	ZV56BG			0	2	2	0	0	1	0										5
23	ZV56NE			0	1	0	0	0	0	0										1
23	ZV57LU			0	0	2	0	0	1	0										3
23	ZV58CF			0	1	1	1	1	1	0										5
23	ZV58NR			0	1	0	1	0	1	0										3
23	ZV59BG			0	1	2	1	0	1	0										5
23	ZV59NE			0	0	1	0	0	0	0										1
23	ZV60LU			0	1	3	3	1	0	0										8
23	ZV60RO			0	1	1	0	0	0	0										2
23	ZV61BR			0	0	1	1	0	0	0										2
23	ZV61NE			0	1	1	1	0	0	0										3
23	ZV62AZ			0	1	2	2	1	0	0										6
23	ZV62DO			0	1	2	2	1	1	0										7
23	Totales ZV	0	0	0	15	23	17	7	7	0	0	0	0	0	0	0	0	0	0	69
23	ZWP1AZ			0	2	3	4	2	1	0										12
23	ZWP1MA			0	1	2	3	3	1	0										10
23	ZWP1NE			0	2	4	4	3	2	0										15
23	ZWP1NR			0	1	2	1	2	1	0										7
23	ZWP1RO			0	1	2	2	2	1	0										8
23	ZWP1VI			0	1	2	2	1	1	0										7
23	ZWP2BG			0	2	2	0	1	0	0										5
23	ZWP2GR			0	2	2	3	1	1	0										9
23	ZWP2MA			0	1	2	2	2	1	0										8
23	ZWP2NE			0	2	3	2	1	0	0										8
23	ZWP2RO			0	0	1	0	0	0	0										1
23	Totales ZW	0	0	0	15	25	23	18	9	0	0	0	0	0	0	0	0	0	0	90
23	ZY81NE			0	0	1	1	0	0	0										2
23	ZY82BG			0	0	1	1	0	0	0										2
23	ZY82MA			0	0	1	1	0	0	0										2
23	Totales ZY	0	0	0	0	3	3	0	0	0	0	0	0	0	0	0	0	0	0	6
23	CREMA**	21																		21
23	CREMAAC	2																		2
23	CREMABR	4																		4
23	CREMAM*	19																		19
23	CREMAMA	2																		2
23	CREMAMB	2																		2
23	CREMAN*	28																		28
23	CREMANE	2																		2
23	CREMARO	2																		2
23	CREMAUV	1																		1
23	Totales CR	83	0	0	0	0	0	0	0	0	0	0	0	0	0	0	0	0	0	83
23	O302BG	1																		1
23	O304RO	1																		1
23	O321NE	1																		1
23	O322NE	1																		1
23	O3B1NE	2																		2
23	O3B1VE	1																		1
23	O3B2AZ	1																		1
23	O3B2NE	1																		1
23	O3B3A*	1																		1
23	O3B3MI	1																		1
23	O3B3N*	1																		1
23	O3B4A*	1																		1
23	O3B4N*	1																		1
23	O3C1AZ	1																		1
23	O3C1MI	1																		1
23	O3C1NE	1																		1
23	O3C1VE	1																		1
23	O3C2A*	1																		1
23	O3C2N*	1																		1
23	O3M2A*	1																		1
23	O3M2N*	1																		1
23	O3T1NE	1																		1
23	O3T1VE	1																		1
23	O3T2A*	1																		1
23	O3T2N*	1																		1
23	Totales O3	26	0	0	0	0	0	0	0	0	0	0	0	0	0	0	0	0	0	26
23	OC09BR	1																		1
23	OC09NE	1																		1
23	OC17NE	1																		1
23	OC63BR	1																		1
23	OC68MI	1																		1
23	OC76DO	1																		1
23	OC76NE	1																		1
23	OC97RO	1																		1
23	Totales OC	8	0	0	0	0	0	0	0	0	0	0	0	0	0	0	0	0	0	8
23	OD30BR	1																		1
23	OD31NE	1																		1
23	Totales OD	2	0	0	0	0	0	0	0	0	0	0	0	0	0	0	0	0	0	2
23	OE20HF	2																		2
23	OE20NE	4																		4
23	OE22HF	1																		1
23	OE22NE	1																		1
23	OE23NE	1																		1
23	OE23WB	1																		1
23	OET2NE	1																		1
23	OET2WB	1																		1
23	Totales OE	12	0	0	0	0	0	0	0	0	0	0	0	0	0	0	0	0	0	12
23	OF14MB	1																		1
23	OF16HF	1																		1
23	OF16NE	1																		1
23	OF18BR	1																		1
23	OF18RO	1																		1
23	OF19BR	1																		1
23	OF19RO	1																		1
23	OFC2BR	1																		1
23	OFC2RO	1																		1
23	OFL2RO	1																		1
23	OFT2BR	1																		1
23	OFT2RO	1																		1
23	Totales OF	12	0	0	0	0	0	0	0	0	0	0	0	0	0	0	0	0	0	12
23	OG02NE	1																		1
23	Totales OG	1	0	0	0	0	0	0	0	0	0	0	0	0	0	0	0	0	0	1
23	OH13AL	1																		1
23	OHM1UV	1																		1
23	OHP1UV	1																		1
23	Totales OH	3	0	0	0	0	0	0	0	0	0	0	0	0	0	0	0	0	0	3
23	OI*1**	1																		1
23	Totales OI	1	0	0	0	0	0	0	0	0	0	0	0	0	0	0	0	0	0	1
23	OK1BCN	1																		1
23	OK35OR	1																		1
23	OK36NE	1																		1
23	OK80NE	1																		1
23	OKB4NR	1																		1
23	OKB5NR	1																		1
23	Totales OK	6	0	0	0	0	0	0	0	0	0	0	0	0	0	0	0	0	0	6
23	OM63MU	1																		1
23	OMB3XO	1																		1
23	Totales OM	2	0	0	0	0	0	0	0	0	0	0	0	0	0	0	0	0	0	2
23	ON06BR	1																		1
23	ON28BR	1																		1
23	ON28NE	1																		1
23	ON31MI	1																		1
23	ON32HF	1																		1
23	ON34CF	1																		1
23	ON46NE	2																		2
23	ON64AZ	1																		1
23	Totales ON	9	0	0	0	0	0	0	0	0	0	0	0	0	0	0	0	0	0	9
23	OO26NE	1																		1
23	OO27PL	1																		1
23	Totales OO	2	0	0	0	0	0	0	0	0	0	0	0	0	0	0	0	0	0	2
23	OP59MB	1																		1
23	OP59NE	1																		1
23	Totales OP	2	0	0	0	0	0	0	0	0	0	0	0	0	0	0	0	0	0	2
23	OQ57R*	1																		1
23	OQ57RO	1																		1
23	OQ58R*	1																		1
23	OQ58RO	1																		1
23	OQ59AZ	1																		1
23	OQ59NE	1																		1
23	OQ67CF	1																		1
23	OQ67NE	1																		1
23	OQB1NE	1																		1
23	OQC1R*	1																		1
23	OQC1RO	2																		2
23	OQL1R*	1																		1
23	OQL1RO	1																		1
23	OQT1R*	1																		1
23	OQT1RO	1																		1
23	Totales OQ	16	0	0	0	0	0	0	0	0	0	0	0	0	0	0	0	0	0	16
23	OS51NE	1																		1
23	Totales OS	1	0	0	0	0	0	0	0	0	0	0	0	0	0	0	0	0	0	1
23	OT21CF	1																		1
23	OT21NE	1																		1
23	OT25MI	2																		2
23	OT26NE	2																		2
23	OT42CF	3																		3
23	OT42NE	4																		4
23	OT51CF	1																		1
23	OT51RO	1																		1
23	OT52CF	1																		1
23	OT52RO	1																		1
23	OT54PL	1																		1
23	OT56CQ	1																		1
23	OT56HF	1																		1
23	OT56NE	3																		3
23	OT57NE	1																		1
23	OT58NE	1																		1
23	OT61MB	2																		2
23	OT61VE	1																		1
23	OT63NE	1																		1
23	OT64NE	1																		1
23	OT65HF	1																		1
23	OT66AS	1																		1
23	OT68D*	1																		1
23	OT69D*	1																		1
23	OTC4RO	1																		1
23	OTC7NE	1																		1
23	OTC8AS	1																		1
23	OTC8HF	1																		1
23	OTL1PL	1																		1
23	OTM*CF	1																		1
23	OTM*RO	1																		1
23	OTM3RS	1																		1
23	OTP0AL	1																		1
23	OTP2**	1																		1
23	OTP2MB	2																		2
23	OTP2NE	1																		1
23	OTP2RO	1																		1
23	OTP2UV	1																		1
23	OTP4MB	1																		1
23	OTP6CF	1																		1
23	OTP6PL	1																		1
23	OTP7NE	1																		1
23	OTP8**	2																		2
23	OTP8HF	1																		1
23	OTT1MB	1																		1
23	OTT3BG	1																		1
23	OTT3RS	1																		1
23	OTT6PL	1																		1
23	OTT8HF	1																		1
23	Totales OT	61	0	0	0	0	0	0	0	0	0	0	0	0	0	0	0	0	0	61
23	OU23CF	1																		1
23	Totales OU	1	0	0	0	0	0	0	0	0	0	0	0	0	0	0	0	0	0	1
23	OV08H*	1																		1
23	OV10AS	1																		1
23	OV10NE	1																		1
23	OVB3C*	1																		1
23	OVB4NE	1																		1
23	OVB8MB	2																		2
23	OVB8NE	1																		1
23	OVB9MB	2																		2
23	OVB9NE	1																		1
23	OVC1VE	1																		1
23	Totales OV	12	0	0	0	0	0	0	0	0	0	0	0	0	0	0	0	0	0	12
23	OW95**	4																		4
23	OW96**	1																		1
23	OWES**	3																		3
23	Totales OW	8	0	0	0	0	0	0	0	0	0	0	0	0	0	0	0	0	0	8
23	OX10NE	1																		1
23	OX11NE	1																		1
23	OX13DO	1																		1
23	OX13NE	1																		1
23	OX24CF	1																		1
23	OX24MI	1																		1
23	OX24NE	1																		1
23	Totales OX	7	0	0	0	0	0	0	0	0	0	0	0	0	0	0	0	0	0	7
23	OY13NE	1																		1
23	OY19AZ	1																		1
23	OY44NE	1																		1
23	Totales OY	3	0	0	0	0	0	0	0	0	0	0	0	0	0	0	0	0	0	3
23	OZB1AZ	1																		1
23	OZB1MB	-1																		-1
23	OZC1GR	2																		2
23	OZC1RO	2																		2
23	OZC3MB	1																		1
23	OZC3NE	3																		3
23	OZC3RO	1																		1
23	OZM2**	1																		1
23	OZM2GR	1																		1
23	OZP3C*	1																		1
23	OZP3NE	1																		1
23	Totales OZ	13	0	0	0	0	0	0	0	0	0	0	0	0	0	0	0	0	0	13
23	TARJETA	17																		17
23	Totales TA	17	0	0	0	0	0	0	0	0	0	0	0	0	0	0	0	0	0	17
23	ZIC8AZ	3																		3
23	Totales ZI	3	0	0	0	0	0	0	0	0	0	0	0	0	0	0	0	0	0	3
23	ZS84AZ	1																		1
23	ZS90FS	2																		2
23	Totales ZS	3	0	0	0	0	0	0	0	0	0	0	0	0	0	0	0	0	0	3
23	ZT16MA	1																		1
23	ZT17BR	1																		1
23	ZT54NE	1																		1
23	ZT59NE	1																		1
23	Totales ZT	4	0	0	0	0	0	0	0	0	0	0	0	0	0	0	0	0	0	4
23	ZYF2NE	2																		2
23	ZYF2RC	1																		1
23	Totales ZY	3	0	0	0	0	0	0	0	0	0	0	0	0	0	0	0	0	0	3
23	O1C1HF		0	0		1		0		0		0								1
23	O1C2MI		0	1		1		1		1		0								4
23	Totales O1	0	0	1	0	2	0	1	0	1	0	0	0	0	0	0	0	0	0	5
23	O401HF		0	0		1		0		1		0								2
23	O401TA		0	0		1		0		1		0								2
23	O402MI		0	0		1		0		1		0								2
23	O403HF		0	0		1		0		1		0								2
23	O403WI		0	0		1		0		1		0								2
23	O404HF		0	0		1		0		1		0								2
23	O404MI		0	0		1		0		1		0								2
23	O405CQ		0	0		0		0		1		0								1
23	Totales O4	0	0	0	0	7	0	0	0	8	0	0	0	0	0	0	0	0	0	15
23	OHC1MI		0	0		1		1		0		0								2
23	Totales OH	0	0	0	0	1	0	1	0	0	0	0	0	0	0	0	0	0	0	2
23	OQ02HF		0	0		0		1		0		0								1
23	OQ02MI		0	0		1		1		0		1								3
23	OQ06NE		0	0		0		1		1		1								3
23	OQ09CF		0	0		0		2		0		0								2
23	Totales OQ	0	0	0	0	1	0	5	0	1	0	2	0	0	0	0	0	0	0	9
23	OUC1HF		1	1		0		1		0		0								3
23	OUC1NE		0	0		1		1		0		0								2
23	OUC2MI		1	0		0		2		0		0								3
23	OUC2TA		0	0		1		1		0		0								2
23	OUC3HF		0	0		0		2		0		0								2
23	OUC4HF		0	0		1		1		1		0								3
23	Totales OU	0	2	1	0	3	0	8	0	1	0	0	0	0	0	0	0	0	0	15
23	ZE19CF		1	0		0		0		0		0								1
23	ZE74AL		0	2		2		0		3		0								7
23	ZE74HF		0	1		1		2		2		0								6
23	ZE74WB		0	0		1		1		0		1								3
23	ZE76WB		0	1		2		1		4		0								8
23	ZE77HF		0	0		0		1		1		0								2
23	ZE77MB		0	0		0		1		1		1								3
23	Totales ZE	0	1	4	0	6	0	6	0	11	0	2	0	0	0	0	0	0	0	30
23	ZY73CF		0	1		0		0		0		0								1
23	Totales ZY	0	0	1	0	0	0	0	0	0	0	0	0	0	0	0	0	0	0	1
23	O202RO														0	1	0	0		1
23	O204DO														0	0	1	0		1
23	O204GR														0	1	1	0		2
23	O205DO														0	1	1	0		2
23	O205GR														1	1	1	0		3
23	O208GR														0	0	1	0		1
23	Totales O2	0	0	0	0	0	0	0	0	0	0	0	0	0	1	4	5	0	0	10
23	O421A*														1	1	0	0		2
23	O421C*														1	1	0	0		2
23	O421N*														1	1	0	0		2
23	O421R*														1	1	0	0		2
23	O422A*														1	1	0	0		2
23	O422C*														0	1	0	0		1
23	O422N*														1	1	0	0		2
23	O422R*														1	1	0	0		2
23	O451TA														0	1	0	0		1
23	O452CF														2	0	0	0		2
23	Totales O4	0	0	0	0	0	0	0	0	0	0	0	0	0	9	9	0	0	0	18
23	OA09BG														2	0	0	0		2
23	OA10HF														1	1	0	0		2
23	OA14RO														2	0	0	1		3
23	OA19NE														0	1	0	0		1
23	OA21NE														0	1	0	0		1
23	OA27NE														0	1	0	0		1
23	OA32VE														1	1	1	0		3
23	OA82AS														0	1	1	0		2
23	OA82AZ														1	1	0	0		2
23	Totales OA	0	0	0	0	0	0	0	0	0	0	0	0	0	7	7	2	1	0	17
23	OD05MI														1	0	0	1		2
23	OD05NE														1	1	0	1		3
23	OD08NE														1	0	0	0		1
23	Totales OD	0	0	0	0	0	0	0	0	0	0	0	0	0	3	1	0	2	0	6
23	OP03NE														1	0	0	0		1
23	OP04LU														0	2	0	0		2
23	OP20NE														1	1	0	0		2
23	OP38MI														0	1	0	0		1
23	OP40CF														1	1	0	0		2
23	OP96UV														1	0	0	0		1
23	Totales OP	0	0	0	0	0	0	0	0	0	0	0	0	0	4	5	0	0	0	9
23	OQ01NE														0	1	0	0		1
23	OQ05CF														0	0	1	0		1
23	OQ05HF														2	0	0	0		2
23	OQ08NE														2	0	0	1		3
23	Totales OQ	0	0	0	0	0	0	0	0	0	0	0	0	0	4	1	1	1	0	7
23	OV02NE														0	0	1	0		1
23	Totales OV	0	0	0	0	0	0	0	0	0	0	0	0	0	0	0	1	0	0	1
23	ZI47HF														2	2	0	2		6
23	Total	321	3	124	560	549	386	369	269	125	50	61	28	0	30	29	9	6	0	2919
24	0D18JL					0	1	1	3	2	1	0	0	0					0	8
24	0D58RC					0	0	0	0	3	1	1	1	0					0	6
24	0D70EB					0	0	1	1	2	1	0	0	0					0	5
24	0D70N8					0	1	1	2	2	1	0	1	0					0	8
24	Totales 0D	0	0	0	0	0	2	3	6	9	4	1	2	0	0	0	0	0	0	27
24	2N75CL					0	1	0	0	0	0	0	0	0					0	1
24	Totales 2N	0	0	0	0	0	1	0	0	0	0	0	0	0	0	0	0	0	0	1
24	3B15XJ					0	0	0	0	0	0	0	1	0						1
24	3B15XM					0	0	0	0	1	0	1	0	0						2
24	3B15XN					0	0	0	1	1	1	0	1	0						4
24	3B22XN					0	1	0	0	2	0	1	1	0					0	5
24	3B26TL					0	0	0	3	0	1	0	1	0						5
24	3B26TN					0	0	1	3	2	0	0	1	0						7
24	3B28TJ					0	1	0	0	0	1	1	1	0						4
24	3B28TN					0	0	1	0	0	0	0	1	0						2
24	3B49XC					0	0	0	0	0	0	1	1	0						2
24	3B49XN					0	0	1	1	0	1	0	2	0						5
24	3B95XC					0	1	1	0	0	0	0	0	0					0	2
24	3B95XN					0	1	1	0	4	1	0	1	0					0	8
24	Totales 3B	0	0	0	0	0	4	5	8	10	5	4	11	0	0	0	0	0	0	47
24	4H62XC					0	0	0	0	1	0	1	1	0					0	3
24	4H62XN					0	0	2	1	2	0	0	1	0					0	6
24	4H65XC					0	0	0	0	0	0	1	1	0					0	2
24	4H65XN					0	1	1	1	1	1	0	1	0					0	6
24	4H66XJ					0	0	1	1	1	1	1	1	0					0	6
24	4H66XN					0	0	1	1	1	1	1	1	0					0	6
24	4H72XM					0	0	0	1	1	1	1	1	0					0	5
24	4H72XN					0	1	1	0	2	0	1	1	0					0	6
24	4H77XN					0	0	1	1	1	0	0	1	0					0	4
24	4H96XN					0	0	1	2	3	0	3	0	0					0	9
24	4H97IA					0	1	1	2	2	2	1	1	0					0	10
24	4H97XN					0	1	0	1	1	1	1	1	0					0	6
24	4H98XJ					0	1	1	2	0	1	1	0	0					0	6
24	4H98XN					0	0	1	0	2	0	1	0	0					0	4
24	Totales 4H	0	0	0	0	0	5	11	13	18	8	13	11	0	0	0	0	0	0	79
24	6F03TM					0	1	1	1	1	1	1	0	0						6
24	6F17TJ					0	0	0	0	0	0	0	1	0						1
24	6F24TJ					0	1	1	1	1	1	0	1	0						6
24	6F24TN					0	1	1	2	1	1	0	0	0						6
24	6F34TJ					0	0	0	0	1	0	0	1	0					0	2
24	6F34TN					0	1	1	0	1	1	1	1	0					0	6
24	6F39TJ					0	1	1	1	0	1	2	0	0						6
24	6F39TN					0	0	0	1	0	0	1	0	0						2
24	6F50TJ					0	0	0	1	1	0	0	0	0					0	2
24	6F50TN					0	0	0	1	2	1	1	0	0						5
24	6F50XC					0	0	0	0	0	0	0	1	0						1
24	6F67TL					0	0	0	1	2	1	1	0	0						5
24	6F67TN					0	0	1	1	2	1	0	0	0						5
24	Totales 6F	0	0	0	0	0	5	6	10	12	8	7	5	0	0	0	0	0	0	53
24	7M41XM					0	0	1	1	2	2	1	1	0						8
24	7M41XN					0	0	0	0	0	0	1	1	0						2
24	7M45XN					0	0	0	1	1	1	1	1	0						5
24	7M53XN					0	1	0	0	1	2	1	1	0					0	6
24	Totales 7M	0	0	0	0	0	1	1	2	4	5	4	4	0	0	0	0	0	0	21
24	8D25C8					0	0	0	0	0	0	1	0	0						1
24	8D25M8					0	0	0	0	1	0	0	0	0					0	1
24	8D37TM					0	1	0	0	0	0	1	0	0						2
24	8D54C8					0	0	0	0	1	0	0	0	0						1
24	Totales 8D	0	0	0	0	0	1	0	0	2	0	2	0	0	0	0	0	0	0	5
24	BH40XC					0	1	0	0	0	1	1	1	0					0	4
24	BH40XN					0	0	1	1	2	0	0	1	0					0	5
24	BH74IA					0	1	1	2	2	1	1	1	0					0	9
24	BH74XC					0	1	1	2	0	1	1	1	0					0	7
24	BH74XN					0	1	1	2	1	1	1	0	0					0	7
24	Totales BH	0	0	0	0	0	4	4	7	5	4	4	4	0	0	0	0	0	0	32
24	BJ51XM					0	0	0	1	1	1	0	1	0						4
24	BJ51XN					0	0	1	0	1	1	1	0	0						4
24	BJ82XM					0	0	0	1	2	1	1	1	0						6
24	BJ82XN					0	0	1	1	0	1	1	1	0						5
24	Totales BJ	0	0	0	0	0	0	2	3	4	4	3	3	0	0	0	0	0	0	19
24	M412J7					0	1	1	1	2	1	1	0	0					0	7
24	Totales M4	0	0	0	0	0	1	1	1	2	1	1	0	0	0	0	0	0	0	7
24	OU70CF					0	0	1	1	2	0	1	1	0					0	6
24	OU70NE					0	0	1	1	1	1	0	1	0					0	5
24	OU71CF					0	1	1	2	2	1	1	1	0					0	9
24	OU71NE					0	1	1	2	2	1	1	1	0					0	9
24	OU72AZ					0	0	1	1	2	1	1	1	0					0	7
24	OU72TA					0	0	1	2	1	0	1	0	0					0	5
24	Totales OU	0	0	0	0	0	2	6	9	10	4	5	5	0	0	0	0	0	0	41
24	R606XO					0	1	1	1	2	1	1	0	0						7
24	R622OR					0	1	1	2	1	1	1	0	0						7
24	R638XM					0	0	0	1	0	1	1	1	0						4
24	R638XO					0	0	0	1	2	1	1	1	0						6
24	Totales R6	0	0	0	0	0	2	2	5	5	4	4	2	0	0	0	0	0	0	24
24	R765XN					0	0	0	1	1	0	0	0	0						2
24	R765XO					0	0	0	2	1	1	1	0	0						5
24	R766XN					0	1	0	2	1	0	0	0	0						4
24	R766XO					0	0	1	1	1	1	1	0	0						5
24	R767XM					0	0	0	0	1	1	1	0	0						3
24	R767XO					0	0	0	1	0	0	0	1	0						2
24	Totales R7	0	0	0	0	0	1	1	7	5	3	3	1	0	0	0	0	0	0	21
24	Z351XM					0	1	1	2	2	1	1	1	0					0	9
24	Z351XN					0	0	1	2	2	1	1	1	0					0	8
24	Z352XC					0	1	1	2	2	1	1	1	0					0	9
24	Z352XN					0	1	1	2	2	1	1	1	0					0	9
24	Z353XC					0	0	1	1	2	1	1	1	0					0	7
24	Z354XM					0	0	1	0	2	1	1	1	0					0	6
24	Z354XN					0	1	1	1	2	0	1	1	0					0	7
24	Z355XC					0	1	1	1	0	1	1	1	0					0	6
24	Z355XN					0	0	0	1	2	1	1	1	0					0	6
24	Z356XC					0	1	1	0	1	0	1	1	0					0	5
24	Z356XN					0	1	0	2	2	1	1	1	0					0	8
24	Z357XM					0	0	1	2	2	1	1	1	0					0	8
24	Z357XN					0	0	0	2	2	1	1	1	0					0	7
24	Totales Z3	0	0	0	0	0	7	10	18	23	11	13	13	0	0	0	0	0	0	95
24	ZN70UV					0	0	1	2	1	0	1	0	0						5
24	ZN81NE					0	0	0	0	0	1	0	0	0						1
24	ZN81UV					0	0	1	1	0	0	0	0	0						2
24	ZN82NE					0	1	1	1	2	1	1	0	0					0	7
24	ZN82UV					0	0	0	1	2	1	1	1	0					0	6
24	ZN85NE					0	0	0	0	0	0	1	0	0						1
24	ZN92MA					0	0	0	1	2	1	0	0	0					0	4
24	ZN92NE					0	0	1	0	0	1	1	1	0					0	4
24	Totales ZN	0	0	0	0	0	1	4	6	7	5	5	2	0	0	0	0	0	0	30
24	ZO71XM					0	1	1	2	2	1	1	1	0					0	9
24	ZO72MB					0	0	1	0	0	2	0	0	0						3
24	ZO72XM					0	0	0	0	2	1	0	0	0						3
24	ZO72XN					0	0	1	0	1	1	1	0	0						4
24	ZO72XO					0	0	0	1	1	1	1	0	0						4
24	ZO74XM					0	1	1	2	2	1	1	1	0					0	9
24	ZO74XN					0	1	1	2	2	1	1	1	0					0	9
24	ZO79NE					0	1	1	1	2	0	0	1	0						6
24	Totales ZO	0	0	0	0	0	4	6	8	12	8	5	4	0	0	0	0	0	0	47
24	ZR51MA					0	1	0	0	1	1	0	0	0					0	3
24	ZR52GR					0	1	0	0	1	1	0	0	0					0	3
24	ZR53DO					0	0	1	0	0	1	1	0	0					0	3
24	ZR53XO					0	1	0	0	0	0	0	0	0					0	1
24	ZR54AZ					0	0	1	0	1	0	1	0	0					0	3
24	ZR54CF					0	1	0	1	1	0	0	1	0					0	4
24	ZR55MB					0	0	0	0	1	1	0	1	0					0	3
24	ZR56AZ					0	0	1	0	0	1	0	1	0					0	3
24	ZR56CF					0	0	1	1	0	1	1	0	0					0	4
24	ZR57MI					0	1	1	1	1	0	1	0	0					0	5
24	ZR58MA					0	1	0	1	0	0	0	1	0					0	3
24	ZR58MI					0	0	0	0	0	0	0	1	0					0	1
24	ZR59NN					0	0	1	0	2	1	1	1	0					0	6
24	ZR59NT					0	0	1	1	1	1	1	0	0					0	5
24	Totales ZR	0	0	0	0	0	6	7	5	9	8	6	6	0	0	0	0	0	0	47
24	A703NA			1	1	2	1	0	1	0										6
24	A703NV			1	1	2	0	0	0	0										4
24	A714MD			1	1	1	0	1	0	0										4
24	A714RN			1	0	2	3	0	0	0										6
24	A71AA*			0	1	1	1	0	0	0										3
24	A71AN*			1	1	1	0	0	0	0										3
24	A71AV*			1	0	0	0	0	0	0										1
24	A738NA			1	0	1	0	0	0	0										2
24	A75PV7			0	0	1	0	1	1	0										3
24	Totales A7	0	0	7	5	11	5	2	2	0	0	0	0	0	0	0	0	0	0	32
24	BY50MN			2	0	0	0	0	0	0										2
24	BY50NX			0	1	1	0	1	1	1										5
24	BY68RC			1	0	1	0	0	0	0										2
24	BY68RN			1	0	1	0	0	0	0										2
24	Totales BY	0	0	4	1	3	0	1	1	1	0	0	0	0	0	0	0	0	0	11
24	CG0AMB			1	1	2	1	0	1	1										7
24	CG0ARN			1	1	1	2	1	0	1										7
24	CG26EL			0	0	1	0	0	0	0										1
24	CG26RN			1	1	0	1	1	0	1										5
24	CG28EL			0	0	0	0	1	1	0										2
24	CG28LA			0	1	2	1	0	0	0										4
24	CG28RN			0	1	1	1	1	1	2										7
24	CG31N2			1	3	0	1	0	1	0										6
24	CG31O2			0	1	2	1	1	0	1										6
24	CG58SN			1	1	0	0	0	1	1										4
24	CG58SR			1	1	2	2	0	1	1										8
24	CG9XIP			1	0	1	1	0	1	0										4
24	CG9XRC			0	1	0	0	0	1	0										2
24	CG9XRN			1	1	2	2	1	1	1										9
24	Totales CG	0	0	8	13	14	13	6	9	9	0	0	0	0	0	0	0	0	0	72
24	DZ15RN			1	1	0	0	0	1	1										4
24	DZ59MB			1	1	1	0	1	0	0										4
24	DZ59RN			1	1	2	0	0	0	0										4
24	Totales DZ	0	0	3	3	3	0	1	1	1	0	0	0	0	0	0	0	0	0	12
24	EO46RN			0	1	2	1	0	1	1										6
24	EO46SR			1	1	1	1	0	1	0										5
24	EO73IA			1	1	1	2	1	1	1										8
24	EO73RN			0	1	1	2	1	1	0										6
24	Totales EO	0	0	2	4	5	6	2	4	2	0	0	0	0	0	0	0	0	0	25
24	FB4EB8			0	1	0	0	0	1	0										2
24	FB4EN8			0	0	0	1	0	0	0										1
24	FB4XN5			0	1	0	2	1	0	1										5
24	FB4XP1			1	0	0	0	0	0	1										2
24	FB4XVI			0	0	0	1	0	0	0										1
24	FB78MB			0	0	1	0	0	0	0										1
24	FB78RN			0	0	0	1	0	1	0										2
24	FB82IP			0	2	2	3	1	0	1										9
24	FB82OX			0	1	1	0	1	1	0										4
24	FB82RS			0	1	0	0	0	0	0										1
24	FB82X0			0	1	0	1	0	1	1										4
24	FB84VI			1	0	0	0	0	0	1										2
24	Totales FB	0	0	2	7	4	9	3	4	5	0	0	0	0	0	0	0	0	0	34
24	G714TO			1	1	2	2	1	1	1										9
24	G722CE			1	1	2	2	1	1	1										9
24	G722EY			0	0	0	2	1	0	0										3
24	G722MN			1	1	1	1	1	0	0										5
24	Totales G7	0	0	3	3	5	7	4	2	2	0	0	0	0	0	0	0	0	0	26
24	IX25EL			1	0	0	0	1	1	0										3
24	IX25GR			1	0	0	1	1	0	0										3
24	IX5WNI			1	0	0	1	0	0	1										3
24	IX5WOX			1	0	1	1	0	0	0										3
24	IX5WRN			1	1	1	0	0	1	1										5
24	IX6ERN			1	1	0	0	0	0	0										2
24	IX7DCR			0	1	1	3	1	0	1										7
24	Totales IX	0	0	6	3	3	6	3	2	3	0	0	0	0	0	0	0	0	0	26
24	K233RC			1	1	1	0	0	0	1										4
24	K233RN			0	1	2	0	0	0	1										4
24	K236ET			2	0	0	0	1	0	1										4
24	Totales K2	0	0	3	2	3	0	1	0	3	0	0	0	0	0	0	0	0	0	12
24	LP01*F			0	1	0	0	0	0	0										1
24	LP01*N			0	0	1	0	1	1	0										3
24	LP01CR			1	1	2	2	1	1	1										9
24	LP01D1			0	1	0	2	1	1	0										5
24	LP01DO			0	1	1	0	0	1	0										3
24	LP01RN			0	1	2	1	1	1	0										6
24	LP01T5			1	1	0	1	1	0	1										5
24	LP09CR			0	1	2	1	0	0	1										5
24	LP09M6			0	1	0	0	0	1	0										2
24	LP09N6			0	0	0	3	1	1	1										6
24	LP0CIA			1	1	2	1	1	1	1										8
24	LP0CRN			1	1	1	1	2	1	0										7
24	LP0EA2			0	1	0	1	1	0	0										3
24	LP0EN2			1	2	1	0	0	1	0										5
24	LP0MCR			0	0	1	1	0	0	0										2
24	LP0MRN			1	0	2	1	0	1	0										5
24	LP0WEB			0	2	0	3	0	0	1										6
24	LP1CBR			1	1	0	1	0	1	1										5
24	LP1CRN			0	0	1	0	0	0	0										1
24	LP1DR1			1	1	0	2	1	1	1										7
24	LP1MEA			0	1	0	0	0	1	0										2
24	LP1NIA			0	1	1	1	1	1	0										5
24	LP1NRN			0	1	1	2	0	1	1										6
24	LP1NSR			1	1	1	1	1	0	1										6
24	LP29RN			1	0	1	2	0	1	0										5
24	LP29SN			0	0	0	0	0	1	1										2
24	LP3PRM			1	1	1	1	1	1	0										6
24	LP3PRN			1	1	2	1	1	0	1										7
24	LP62RN			0	0	1	0	0	0	0										1
24	LP6WRC			1	1	1	1	0	0	0										4
24	LP71OX			1	1	0	1	1	1	1										6
24	LP71PL			1	0	1	0	1	0	1										4
24	LP8PRN			0	1	0	0	0	0	0										1
24	Totales LP	0	0	15	26	26	31	17	20	14	0	0	0	0	0	0	0	0	0	149
24	MC8CMB			0	0	0	1	0	0	0										1
24	Totales MC	0	0	0	0	0	1	0	0	0	0	0	0	0	0	0	0	0	0	1
24	NU3MN8			1	1	0	0	0	1	0										3
24	Totales NU	0	0	1	1	0	0	0	1	0	0	0	0	0	0	0	0	0	0	3
24	P646RM			1	2	0	0	0	2	0										5
24	P646RN			1	1	0	1	0	0	1										4
24	P686IA			0	1	0	0	0	2	0										3
24	P686RM			0	1	0	0	0	1	0										2
24	P686RN			0	0	0	0	0	1	0										1
24	Totales P6	0	0	2	5	0	1	0	6	1	0	0	0	0	0	0	0	0	0	15
24	QR1PCD			0	1	2	0	0	0	0										3
24	QR1PNI			1	1	1	2	0	0	0										5
24	QR1PPG			0	1	0	0	0	1	0										2
24	QR1PPL			0	1	1	1	0	0	0										3
24	QR2ABN			0	1	1	0	1	1	0										4
24	QR2PRC			1	0	1	2	0	0	0										4
24	QR2PRN			1	1	1	1	0	1	1										6
24	QR2WIA			1	1	2	2	0	1	0										7
24	QR2WRN			1	0	1	1	0	0	0										3
24	QR3RN3			1	1	1	1	1	0	1										6
24	Totales QR	0	0	6	8	11	10	2	4	2	0	0	0	0	0	0	0	0	0	43
24	R214CF			1	1	2	3	2	1	1										11
24	R214SN			0	1	2	2	1	0	0										6
24	R214SR			0	1	1	2	0	1	0										5
24	R214XO			0	1	0	1	1	0	0										3
24	Totales R2	0	0	1	4	5	8	4	2	1	0	0	0	0	0	0	0	0	0	25
24	R480RO			1	2	0	1	0	0	0										4
24	R480VE			1	1	1	0	0	0	0										3
24	Totales R4	0	0	2	3	1	1	0	0	0	0	0	0	0	0	0	0	0	0	7
24	RA03NE			0	1	1	1	1	1	0										5
24	RA03RM			0	1	1	1	1	1	0										5
24	RA05NR			1	0	1	0	1	1	0										4
24	RA05RM			1	1	1	2	1	0	0										6
24	RA07NE			0	0	2	2	2	0	1										7
24	RA07RO			1	2	2	1	0	0	0										6
24	RA07XO			0	1	1	2	1	0	0										5
24	RA15NE			1	1	1	0	1	0	0										4
24	RA15XO			1	1	2	2	0	1	0										7
24	RA21GR			0	1	1	1	1	0	1										5
24	RA21RO			1	1	0	1	1	0	0										4
24	RA47BR			0	0	1	0	0	0	0										1
24	RA47XO			0	0	1	1	0	0	0										2
24	RA90XM			1	1	1	2	1	1	0										7
24	RA90XO			0	0	1	1	1	0	0										3
24	RA94NE			1	1	2	3	2	1	1										11
24	RA94XO			1	1	2	2	2	1	1										10
24	RA95NE			0	2	2	1	1	0	0										6
24	RA95RO			0	2	1	1	1	1	0										6
24	RA95XO			1	1	2	2	0	1	0										7
24	RA96NE			0	2	1	0	0	0	0										3
24	RA96RO			1	0	1	0	1	1	0										4
24	RA96XO			0	2	1	0	0	0	0										3
24	RA98LU			0	1	2	2	1	1	1										8
24	RA98MI			0	1	1	0	0	0	0										2
24	RA98N*			0	1	2	3	2	1	0										9
24	RA98NE			0	1	0	1	0	0	0										2
24	RA98RO			0	1	2	0	1	0	0										4
24	RA98XO			1	0	0	3	2	0	0										6
24	Totales RA	0	0	12	27	36	35	25	12	5	0	0	0	0	0	0	0	0	0	152
24	RB45SN			0	0	0	2	1	0	0										3
24	Totales RB	0	0	0	0	0	2	1	0	0	0	0	0	0	0	0	0	0	0	3
24	RC30MA			0	1	2	2	2	1	0										8
24	RC30NE			0	0	2	1	1	0	0										4
24	RC30RO			0	1	1	1	1	1	0										5
24	RC35AZ			0	1	1	0	0	1	0										3
24	RC35NE			0	0	1	2	0	1	0										4
24	RC36NR			1	0	0	0	0	0	0										1
24	RC36RO			0	1	1	1	1	0	0										4
24	Totales RC	0	0	1	4	8	7	5	4	0	0	0	0	0	0	0	0	0	0	29
24	RD68NE			0	1	0	0	1	0	0										2
24	RD68XO			1	1	1	0	1	0	0										4
24	Totales RD	0	0	1	2	1	0	2	0	0	0	0	0	0	0	0	0	0	0	6
24	RG59CF			1	2	2	0	1	1	1										8
24	RG59MI			0	0	0	2	1	0	0										3
24	RG59NE			1	1	2	1	0	1	1										7
24	RG67NE			0	0	0	2	1	1	1										5
24	RG67XO			0	1	2	2	1	1	0										7
24	RG70AZ			0	1	1	2	0	1	0										5
24	RG70LU			1	1	1	1	1	0	1										6
24	RG88NE			1	1	2	2	0	0	0										6
24	RG88RO			1	2	2	2	2	1	0										10
24	Totales RG	0	0	5	9	12	14	7	6	4	0	0	0	0	0	0	0	0	0	57
24	RS00CR			0	1	1	1	0	0	0										3
24	RS00RN			1	0	2	0	1	1	1										6
24	RS06MB			0	0	0	1	1	0	0										2
24	RS0X*C			0	1	2	1	0	1	1										6
24	RS0XIA			1	1	1	1	1	1	1										7
24	RS0XRN			1	0	2	1	1	1	1										7
24	RS13DO			1	1	0	0	0	0	0										2
24	RS16SR			0	1	0	0	0	0	0										1
24	RS17RN			0	0	0	1	1	0	1										3
24	RS37M3			1	1	1	1	1	0	1										6
24	RS37N3			0	0	1	2	0	1	1										5
24	RS3BBG			1	1	1	0	0	0	0										3
24	RS3BG1			0	0	0	1	0	0	0										1
24	RS3BN1			1	0	1	3	1	1	1										8
24	RS3BR1			0	1	0	0	0	0	0										1
24	RS3NRN			0	0	0	1	0	0	0										1
24	RS3WRC			0	1	0	0	2	0	0										3
24	RS3WRN			1	0	1	0	0	1	0										3
24	RS3WSR			1	1	0	0	0	0	1										3
24	RS48BR			0	0	0	0	1	0	1										2
24	RS48DO			1	0	0	1	0	1	1										4
24	RS48HR			0	0	0	0	1	0	0										1
24	RS48MB			1	1	1	2	1	1	0										7
24	RS48RN			1	1	1	3	1	1	1										9
24	RS49C1			1	1	1	0	2	0	1										6
24	RS49RN			0	1	0	0	0	1	1										3
24	RS4NML			0	1	0	1	1	0	1										4
24	RS4NRC			0	0	0	0	0	1	0										1
24	RS4NRN			1	1	3	1	0	1	1										8
24	RS4NSR			1	0	0	1	0	1	0										3
24	RS57RT			0	0	0	1	0	0	0										1
24	RS57SR			0	1	0	2	1	0	0										4
24	RS5BA9			1	0	0	0	0	0	0										1
24	RS5BF5			0	0	0	0	0	1	0										1
24	RS5BM4			0	1	0	0	0	0	0										1
24	RS5BN1			1	1	1	0	1	1	1										6
24	RS61L1			0	1	0	2	0	1	1										5
24	RS61N1			0	0	1	1	1	1	0										4
24	RS61RN			1	0	0	0	0	0	0										1
24	RS64OX			1	0	1	0	0	2	0										4
24	RS64RN			1	1	1	1	1	1	1										7
24	RS64SR			1	0	1	0	0	1	1										4
24	RS72PL			1	0	1	0	0	0	0										2
24	RS72RN			0	1	0	0	0	1	1										3
24	RS87LA			0	1	1	1	1	0	1										5
24	RS87RN			0	0	1	1	0	1	1										4
24	RS9YMB			1	1	2	0	1	0	1										6
24	RS9YRN			1	1	4	2	1	1	1										11
24	RS9YSR			0	1	1	2	1	1	1										7
24	Totales RS	0	0	24	26	34	36	24	26	26	0	0	0	0	0	0	0	0	0	196
24	T581RM			0	1	1	0	0	0	1										3
24	T581RN			0	0	1	0	0	0	1										2
24	T589RN			1	0	0	0	0	1	0										2
24	Totales T5	0	0	1	1	2	0	0	1	2	0	0	0	0	0	0	0	0	0	7
24	UN2XLA			0	1	1	1	1	1	1										6
24	UN2XRN			1	1	2	2	1	1	1										9
24	UN3CPD			1	1	0	0	0	0	0										2
24	UN4BG2			1	0	1	0	0	0	0										2
24	UN4CDC			0	0	1	0	1	0	1										3
24	UN6DC2			1	1	2	2	0	0	1										7
24	UN6DN3			1	1	2	1	0	1	1										7
24	Totales UN	0	0	5	5	9	6	3	3	5	0	0	0	0	0	0	0	0	0	36
24	VT1BIA			1	1	0	0	0	0	1										3
24	VT1BMB			0	0	0	0	1	1	0										2
24	VT1BRN			1	1	1	0	1	0	1										5
24	VT4ARN			1	1	1	0	0	1	0										4
24	VT4ASR			1	1	0	2	1	2	0										7
24	VT7R05			1	0	0	0	0	0	0										1
24	VT7RN3			1	1	1	1	1	0	0										5
24	VT8EMB			0	1	0	0	0	1	0										2
24	VT8EOX			1	1	1	0	1	1	1										6
24	VT8ERN			0	1	2	1	1	1	0										6
24	VT8ESR			1	1	0	1	1	1	0										5
24	VT94BR			1	1	1	2	1	0	0										6
24	VT94RC			1	1	1	1	0	0	0										4
24	VT94RN			1	2	1	2	0	2	2										10
24	VT97A9			0	0	2	0	0	0	1										3
24	VT97BG			0	1	1	0	0	1	1										4
24	VT97D5			1	0	0	0	0	0	0										1
24	Totales VT	0	0	12	14	12	10	8	11	7	0	0	0	0	0	0	0	0	0	74
24	WD8CRM			1	1	0	1	1	1	0										5
24	WD8CRN			1	1	1	0	0	0	0										3
24	Totales WD	0	0	2	2	1	1	1	1	0	0	0	0	0	0	0	0	0	0	8
24	X302RN			1	0	2	2	0	0	0										5
24	X302RS			0	0	0	1	0	0	0										1
24	X32RN5			0	0	0	1	0	0	0										1
24	X32RT6			0	1	1	2	1	0	0										5
24	X332AD			0	0	1	2	1	1	0										5
24	X332AZ			1	0	1	0	0	0	1										3
24	X332CD			1	0	1	0	1	0	1										4
24	X332MD			0	1	1	1	1	1	0										5
24	X343CU			2	0	1	0	0	0	0										3
24	X343RN			0	0	1	0	0	1	0										2
24	X355AS			0	0	1	0	0	1	0										2
24	X355CR			1	1	0	1	0	0	0										3
24	X355RN			0	1	1	0	0	0	1										3
24	X355SR			0	1	0	0	0	0	0										1
24	X36Y*F			1	0	0	0	1	0	0										2
24	X36YR1			1	1	2	1	1	1	1										8
24	X376N3			1	1	1	2	1	0	0										6
24	Totales X3	0	0	9	7	14	13	7	5	4	0	0	0	0	0	0	0	0	0	59
24	YK0PN1			1	0	0	0	1	1	1										4
24	YK0PR1			0	0	0	0	1	0	0										1
24	YK36G1			0	0	1	1	0	0	0										2
24	YK36R5			0	0	0	0	0	0	1										1
24	Totales YK	0	0	1	0	1	1	2	1	2	0	0	0	0	0	0	0	0	0	8
24	Z150BG			1	0	1	1	1	0	0										4
24	Z150BR			1	1	0	1	1	1	1										6
24	Z151NE			1	0	2	2	0	0	0										5
24	Z151RO			1	1	2	1	1	1	1										8
24	Totales Z1	0	0	4	2	5	5	3	2	2	0	0	0	0	0	0	0	0	0	23
24	Z203NE			0	2	0	1	0	0	0										3
24	Z203XO			0	0	0	1	1	0	0										2
24	Z207MB			0	1	1	2	1	1	1										7
24	Z207RO			0	0	1	1	0	0	0										2
24	Z211MI			1	1	1	0	1	1	0										5
24	Z211NE			1	1	2	0	0	1	0										5
24	Totales Z2	0	0	2	5	5	5	3	3	1	0	0	0	0	0	0	0	0	0	24
24	Z451BR			0	0	1	0	1	1	0										3
24	Z451NE			0	1	2	0	1	0	0										4
24	Z452DO			0	1	2	1	1	1	0										6
24	Z452RO			0	1	0	0	1	1	0										3
24	Z453CF			1	1	2	0	1	1	0										6
24	Z454AZ			1	0	0	0	1	1	0										3
24	Z454MA			1	1	0	0	1	0	1										4
24	Z455CF			1	0	2	1	0	1	0										5
24	Z455NE			0	1	2	0	0	1	0										4
24	Z456MI			1	1	1	1	0	0	0										4
24	Z456NE			1	1	2	0	0	1	0										5
24	Totales Z4	0	0	6	8	14	3	7	8	1	0	0	0	0	0	0	0	0	0	47
24	Z590AZ			0	0	1	0	1	1	1										4
24	Z591HF			1	0	0	0	0	0	0										1
24	Z591RO			1	0	1	0	0	0	1										3
24	Z592BR			1	1	1	0	1	1	0										5
24	Z592NE			0	1	2	0	1	0	0										4
24	Z593BG			0	0	1	1	0	1	0										3
24	Z593RO			0	1	2	2	1	1	1										8
24	Z594NE			1	1	1	0	0	1	0										4
24	Z595AZ			0	0	1	0	0	1	1										3
24	Z595CF			0	0	1	1	1	1	1										5
24	Totales Z5	0	0	4	4	11	4	5	7	5	0	0	0	0	0	0	0	0	0	40
24	Z703DO			0	1	0	2	0	1	0										4
24	Z704NE			0	1	2	0	0	1	1										5
24	Z705BR			1	1	1	1	0	0	1										5
24	Z706NE			0	1	1	1	0	0	0										3
24	Z707MA			1	1	2	1	1	1	1										8
24	Z707NE			1	1	1	1	1	1	1										7
24	Z708BG			1	1	2	2	1	1	1										9
24	Z708RO			0	0	1	1	1	1	0										4
24	Z709DO			1	1	2	1	1	1	1										8
24	Z709NE			1	0	2	2	1	1	1										8
24	Totales Z7	0	0	6	8	14	12	6	8	7	0	0	0	0	0	0	0	0	0	61
24	ZA13BR			0	1	1	1	1	0	0										4
24	ZA14NE			0	1	0	0	1	1	0										3
24	ZA14TA			0	0	0	0	1	0	0										1
24	ZA15CF			1	0	0	0	0	0	0										1
24	ZA16NE			0	1	0	0	0	0	0										1
24	ZA19BR			0	1	1	1	0	1	0										4
24	ZA19RO			1	0	0	0	0	1	0										2
24	ZA25NE			0	1	0	0	0	0	0										1
24	ZA26NE			0	0	0	1	0	0	1										2
24	ZA26WI			0	0	0	0	0	0	1										1
24	ZA28AZ			1	0	1	2	0	0	0										4
24	ZA28OX			0	1	0	1	0	0	1										3
24	ZA29RO			1	1	0	0	0	1	1										4
24	ZA30B*			1	1	1	0	0	1	0										4
24	ZA31BG			0	1	1	0	1	0	0										3
24	ZA31CF			0	1	0	1	1	1	0										4
24	ZA33AZ			0	0	1	1	0	1	0										3
24	ZA33BR			0	0	1	0	0	0	1										2
24	ZA78NE			0	0	0	0	0	2	0										2
24	ZA78WI			0	0	0	0	1	0	0										1
24	Totales ZA	0	0	5	10	7	8	6	9	5	0	0	0	0	0	0	0	0	0	50
24	ZCD1B*			1	1	0	0	0	0	0										2
24	ZCD1NE			0	0	2	1	1	1	0										5
24	ZCD2BR			0	0	1	2	1	1	0										5
24	ZCD2NE			0	1	1	0	0	1	0										3
24	ZCD3AZ			0	1	2	1	1	0	0										5
24	ZCD3VI			1	1	2	2	1	1	0										8
24	ZCD3XO			0	1	3	1	1	1	0										7
24	ZCD4BR			0	2	2	3	1	1	0										9
24	ZCD4MB			0	1	2	2	1	0	0										6
24	ZCD5NE			0	1	2	2	0	1	1										7
24	ZCD5XO			1	1	0	0	1	1	0										4
24	Totales ZC	0	0	3	10	17	14	8	8	1	0	0	0	0	0	0	0	0	0	61
24	ZD36NE			0	1	0	0	0	0	0										1
24	ZD40MA			0	0	0	0	1	0	0										1
24	ZD41CR			0	1	1	0	0	0	0										2
24	ZD41DO			0	1	1	1	1	1	0										5
24	Totales ZD	0	0	0	3	2	1	2	1	0	0	0	0	0	0	0	0	0	0	9
24	ZF19RO			0	0	1	1	0	0	0										2
24	ZF25MO			0	0	0	1	1	0	0										2
24	ZF26BR			1	1	1	2	1	0	0										6
24	ZF26C*			0	1	4	2	0	1	0										8
24	ZF27MO			1	1	0	2	0	0	0										4
24	ZF34NE			0	1	1	1	1	0	0										4
24	ZF34XO			0	0	3	2	2	0	0										7
24	ZF35BR			1	1	1	2	1	1	1										8
24	ZF38B*			0	1	1	1	0	0	0										3
24	ZF39AZ			0	0	0	1	1	0	0										2
24	ZF39RO			0	1	2	1	1	0	0										5
24	ZF46HF			0	0	3	1	1	0	1										6
24	ZF46NE			0	0	0	0	1	0	0										1
24	ZF48BG			1	1	1	0	0	1	0										4
24	ZF49BR			0	1	1	1	1	1	0										5
24	ZF50C*			0	0	1	1	1	1	0										4
24	ZF50NE			1	0	0	2	1	1	1										6
24	ZF51AS			1	1	2	1	1	0	0										6
24	ZF51OR			0	0	0	0	0	1	0										1
24	ZF72NE			0	2	1	1	1	0	0										5
24	ZF72RO			0	0	0	1	1	0	0										2
24	Totales ZF	0	0	6	12	23	24	16	7	3	0	0	0	0	0	0	0	0	0	91
24	ZG23AZ			0	1	1	1	1	1	1										6
24	ZG23BG			1	0	0	0	0	0	0										1
24	ZG24MB			0	0	1	0	1	1	0										3
24	ZG24NE			1	1	1	0	1	0	1										5
24	ZG25AS			0	0	1	3	1	0	0										5
24	ZG25NE			0	1	1	1	1	0	0										4
24	Totales ZG	0	0	2	3	5	5	5	2	2	0	0	0	0	0	0	0	0	0	24
24	ZH80LU			0	1	0	2	2	1	0										6
24	ZH80NE			0	0	1	1	1	1	1										5
24	ZH81RO			0	2	1	1	0	0	0										4
24	ZH82VE			1	1	0	1	0	0	0										3
24	ZH83BR			0	1	1	0	1	0	0										3
24	ZH84MA			1	0	1	1	0	0	1										4
24	ZH84NE			0	1	1	0	1	1	1										5
24	ZH85DO			1	0	1	0	0	0	0										2
24	Totales ZH	0	0	3	6	6	6	5	3	3	0	0	0	0	0	0	0	0	0	32
24	ZJ01HR			1	0	2	0	0	0	0										3
24	ZJ01MB			1	1	2	1	0	0	0										5
24	ZJ01ML			0	0	1	0	0	0	0										1
24	ZJ01RN			0	0	1	0	0	1	0										2
24	ZJ02HR			0	1	1	0	0	0	0										2
24	ZJ02RM			0	1	0	0	0	0	0										1
24	ZJ02RN			1	1	1	1	1	1	0										6
24	ZJ07MB			0	1	1	1	0	0	1										4
24	ZJ08RN			1	1	0	1	0	0	1										4
24	ZJ08RO			0	0	0	0	0	1	0										1
24	ZJ09CF			0	1	2	1	1	0	0										5
24	ZJ09RN			0	1	2	0	1	1	1										6
24	ZJ13CF			0	1	0	1	1	1	1										5
24	ZJ13RN			0	0	1	1	0	0	0										2
24	ZJ15MI			1	1	1	1	0	0	0										4
24	ZJ15NE			1	2	1	2	0	1	1										8
24	ZJ18AZ			1	0	0	0	0	1	0										2
24	ZJ18CF			1	1	0	0	1	0	1										4
24	ZJ32BR			0	1	0	1	0	0	0										2
24	ZJ33HR			1	1	2	1	0	0	0										5
24	ZJ33VE			0	1	2	1	0	1	0										5
24	ZJ34CR			0	1	1	2	1	1	0										6
24	ZJ34NE			0	1	2	1	1	0	0										5
24	ZJ34RO			1	0	0	1	0	0	0										2
24	ZJ35AZ			0	1	0	0	0	0	1										2
24	ZJ35MI			0	1	2	0	1	0	0										4
24	ZJ40BG			0	0	1	0	2	0	0										3
24	ZJ40BR			0	1	1	1	1	1	1										6
24	ZJ41DO			0	1	1	2	2	0	0										6
24	ZJ41NE			0	1	1	2	0	0	0										4
24	ZJ42CF			1	0	0	0	0	0	0										1
24	ZJ42RN			0	1	1	1	1	0	0										4
24	ZJ50BR			0	0	0	1	0	1	0										2
24	ZJ50PL			0	1	1	1	1	1	0										5
24	Totales ZJ	0	0	11	25	31	25	15	12	8	0	0	0	0	0	0	0	0	0	127
24	ZM56BR			1	0	1	0	0	1	0										3
24	ZM56DO			1	1	1	1	0	0	0										4
24	ZM57NE			1	1	1	1	1	0	0										5
24	ZM57RO			1	0	0	0	1	0	0										2
24	Totales ZM	0	0	4	2	3	2	2	1	0	0	0	0	0	0	0	0	0	0	14
24	ZO16IA			0	1	0	0	0	0	0										1
24	ZO16MI			0	1	1	1	1	0	0										4
24	ZO16RN			0	1	0	1	0	0	0										2
24	ZO16RO			1	0	1	0	0	0	0										2
24	Totales ZO	0	0	1	3	2	2	1	0	0	0	0	0	0	0	0	0	0	0	9
24	ZP20BG			1	0	1	1	1	0	0										4
24	ZP20NE			0	0	1	0	0	1	0										2
24	ZP20RO			1	1	3	2	1	1	0										9
24	ZP21AZ			1	1	1	1	0	1	0										5
24	ZP21MI			1	1	2	2	1	1	1										9
24	Totales ZP	0	0	4	3	8	6	3	4	1	0	0	0	0	0	0	0	0	0	29
24	ZQ05AS			0	1	1	1	0	0	0										3
24	ZQ09BR			0	1	0	0	1	1	0										3
24	ZQ09NE			0	0	1	0	1	0	0										2
24	ZQ10BG			0	2	1	0	0	0	0										3
24	ZQ24DO			0	1	1	3	1	0	0										6
24	ZQ24RO			1	1	2	1	0	1	1										7
24	ZQ31C*			0	0	2	0	1	0	0										3
24	ZQ34RO			0	1	2	1	1	0	0										5
24	ZQ35CF			1	0	0	0	0	0	0										1
24	ZQ36DO			1	0	2	0	0	1	0										4
24	ZQ37RS			0	1	0	1	1	0	0										3
24	ZQ37VE			0	0	2	0	0	0	0										2
24	ZQ41CF			0	1	0	1	1	1	0										4
24	Totales ZQ	0	0	3	9	14	8	7	4	1	0	0	0	0	0	0	0	0	0	46
24	ZU08NE			0	1	0	0	0	0	0										1
24	ZU08RO			0	1	1	0	0	0	0										2
24	ZU09AZ			1	0	0	2	0	0	0										3
24	ZU09DO			1	1	2	2	1	0	0										7
24	ZU14NE			0	1	0	1	0	1	0										3
24	ZU14TA			1	1	0	1	0	0	0										3
24	ZU15BR			1	1	1	2	0	0	0										5
24	ZU15MI			0	1	2	1	0	0	0										4
24	Totales ZU	0	0	4	7	6	9	1	1	0	0	0	0	0	0	0	0	0	0	28
24	ZV52RS			0	1	1	0	1	1	0										4
24	ZV52XM			0	0	1	0	0	1	0										2
24	ZV55BR			0	0	0	1	0	0	0										1
24	ZV55DO			1	1	0	0	1	0	0										3
24	ZV56BG			0	1	1	0	1	1	0										4
24	ZV57LU			0	1	1	2	1	1	0										6
24	ZV58CF			0	1	1	0	1	1	0										4
24	ZV58NR			0	1	1	1	1	2	0										6
24	ZV60LU			0	1	0	2	2	0	0										5
24	ZV60RO			0	1	1	1	0	1	0										4
24	ZV61BR			0	1	2	1	0	0	0										4
24	ZV61NE			0	1	1	2	0	1	0										5
24	ZV62AZ			0	1	3	2	0	0	0										6
24	ZV62DO			0	1	2	1	0	0	0										4
24	ZV63RO			0	1	2	1	1	0	1										6
24	Totales ZV	0	0	1	13	17	14	9	9	1	0	0	0	0	0	0	0	0	0	64
24	ZWP1AZ			0	3	7	6	4	0	0										20
24	ZWP1MA			0	2	5	3	5	0	0										15
24	ZWP1NE			0	3	8	6	4	1	0										22
24	ZWP1NR			0	1	4	4	1	0	0										10
24	ZWP1RO			1	2	3	4	2	1	0										13
24	ZWP1VI			1	2	3	3	1	1	0										11
24	ZWP2BG			0	1	4	5	1	0	0										11
24	ZWP2GR			1	2	4	3	2	1	1										14
24	ZWP2MA			0	2	3	5	3	0	1										14
24	ZWP2NE			1	2	8	4	3	2	1										21
24	ZWP2RO			1	1	0	0	1	1	0										4
24	Totales ZW	0	0	5	21	49	43	27	7	3	0	0	0	0	0	0	0	0	0	155
24	ZX35NE			0	1	1	0	0	1	0										3
24	ZX35XO			0	1	1	1	1	2	1										7
24	ZX36NE			0	1	2	1	0	0	0										4
24	ZX36UV			0	1	1	0	1	1	1										5
24	ZX38BR			0	1	0	1	0	0	1										3
24	ZX38NE			0	1	1	0	1	0	0										3
24	Totales ZX	0	0	0	6	6	3	3	4	3	0	0	0	0	0	0	0	0	0	25
24	ZY80NE			0	1	1	1	0	1	1										5
24	ZY80RO			1	0	2	1	1	1	0										6
24	ZY81NE			0	1	1	1	1	1	1										6
24	ZY82BG			0	1	0	1	1	1	0										4
24	ZY82MA			1	1	1	1	0	1	1										6
24	Totales ZY	0	0	2	4	5	5	3	5	3	0	0	0	0	0	0	0	0	0	27
24	CREMA**	26																		26
24	CREMAAC	2																		2
24	CREMAES	1																		1
24	CREMAM*	19																		19
24	CREMAMA	4																		4
24	CREMAN*	39																		39
24	CREMANE	2																		2
24	CREMARO	1																		1
24	CREMAUV	3																		3
24	CREMAXO	1																		1
24	Totales CR	98	0	0	0	0	0	0	0	0	0	0	0	0	0	0	0	0	0	98
24	O301RO	1																		1
24	O303MI	1																		1
24	O304RO	1																		1
24	O322NE	1																		1
24	O323HF	2																		2
24	O323NE	3																		3
24	O350CN	2																		2
24	O350NE	1																		1
24	O3B1NE	2																		2
24	O3B1VE	2																		2
24	O3B2AZ	2																		2
24	O3B2NE	2																		2
24	O3B2VE	3																		3
24	O3B3A*	1																		1
24	O3B3N*	1																		1
24	O3B4A*	2																		2
24	O3B4N*	2																		2
24	O3C1AZ	1																		1
24	O3C1MI	1																		1
24	O3C1NE	2																		2
24	O3C1VE	3																		3
24	O3C2N*	3																		3
24	O3M1NE	2																		2
24	O3M1VE	3																		3
24	O3M2A*	2																		2
24	O3M2N*	3																		3
24	O3T1NE	2																		2
24	O3T1VE	1																		1
24	O3T2A*	1																		1
24	O3T2N*	1																		1
24	Totales O3	54	0	0	0	0	0	0	0	0	0	0	0	0	0	0	0	0	0	54
24	OC05CF	1																		1
24	OC09NE	1																		1
24	OC63BR	1																		1
24	OC68MI	1																		1
24	OC76DO	1																		1
24	OC97DO	1																		1
24	Totales OC	6	0	0	0	0	0	0	0	0	0	0	0	0	0	0	0	0	0	6
24	OE20NE	1																		1
24	OE22HF	2																		2
24	OE22NE	2																		2
24	OE23NE	1																		1
24	OE23WB	2																		2
24	OEB3R2	1																		1
24	OEC2R2	1																		1
24	OEL2R2	1																		1
24	OET2NE	1																		1
24	OET2WB	1																		1
24	Totales OE	13	0	0	0	0	0	0	0	0	0	0	0	0	0	0	0	0	0	13
24	OF15NE	1																		1
24	OF16HF	1																		1
24	OF17AS	1																		1
24	OF17AZ	1																		1
24	OF18BR	2																		2
24	OF18NE	2																		2
24	OF18RO	1																		1
24	OF19BR	1																		1
24	OF19RO	1																		1
24	OFC2BR	2																		2
24	OFC2RO	3																		3
24	OFL1AS	1																		1
24	OFL2BR	3																		3
24	OFL2RO	3																		3
24	OFM2RO	1																		1
24	OFT2BR	2																		2
24	Totales OF	26	0	0	0	0	0	0	0	0	0	0	0	0	0	0	0	0	0	26
24	OG01NE	1																		1
24	OG02CF	1																		1
24	OG02NE	1																		1
24	OG12HF	1																		1
24	OG12NE	1																		1
24	OG29HF	1																		1
24	Totales OG	6	0	0	0	0	0	0	0	0	0	0	0	0	0	0	0	0	0	6
24	OHB1UV	1																		1
24	OHP1UV	1																		1
24	Totales OH	2	0	0	0	0	0	0	0	0	0	0	0	0	0	0	0	0	0	2
24	OK01NE	1																		1
24	OK1BCN	2																		2
24	OK1TCF	1																		1
24	OK1TNE	1																		1
24	OK2TNE	1																		1
24	OK35OR	1																		1
24	OK80NE	1																		1
24	OK81NE	2																		2
24	OKB2CF	1																		1
24	OKB2NE	1																		1
24	OKB3RO	1																		1
24	OKB3XO	1																		1
24	OKB5NR	1																		1
24	OKC2RO	1																		1
24	OKP2RO	1																		1
24	OKT1AL	1																		1
24	OKT2XO	1																		1
24	Totales OK	19	0	0	0	0	0	0	0	0	0	0	0	0	0	0	0	0	0	19
24	OL45NE	1																		1
24	OL65CN	1																		1
24	OL65NE	1																		1
24	Totales OL	3	0	0	0	0	0	0	0	0	0	0	0	0	0	0	0	0	0	3
24	OM36MI	1																		1
24	OM36NE	1																		1
24	Totales OM	2	0	0	0	0	0	0	0	0	0	0	0	0	0	0	0	0	0	2
24	ON28NE	1																		1
24	ON34CF	1																		1
24	Totales ON	2	0	0	0	0	0	0	0	0	0	0	0	0	0	0	0	0	0	2
24	OO26NE	1																		1
24	OO27CF	1																		1
24	Totales OO	2	0	0	0	0	0	0	0	0	0	0	0	0	0	0	0	0	0	2
24	OP55VE	2																		2
24	OP56BR	1																		1
24	OP56NE	1																		1
24	OP59MB	1																		1
24	OP60RO	1																		1
24	Totales OP	6	0	0	0	0	0	0	0	0	0	0	0	0	0	0	0	0	0	6
24	OQ58RO	1																		1
24	OQ67CF	1																		1
24	OQ68RO	1																		1
24	OQC1RO	2																		2
24	OQC2RO	1																		1
24	OQL1R*	1																		1
24	OQL1RO	2																		2
24	OQT1R*	1																		1
24	OQT1RO	2																		2
24	Totales OQ	12	0	0	0	0	0	0	0	0	0	0	0	0	0	0	0	0	0	12
24	OS51MI	1																		1
24	Totales OS	1	0	0	0	0	0	0	0	0	0	0	0	0	0	0	0	0	0	1
24	OT20NE	1																		1
24	OT24CF	1																		1
24	OT25MI	1																		1
24	OT26NE	2																		2
24	OT39NE	1																		1
24	OT51CF	2																		2
24	OT51RO	2																		2
24	OT52CF	2																		2
24	OT52RO	2																		2
24	OT54CQ	2																		2
24	OT54PL	2																		2
24	OT56CQ	1																		1
24	OT56PL	1																		1
24	OT57FS	1																		1
24	OT57NE	1																		1
24	OT58FS	1																		1
24	OT64NE	1																		1
24	OT65HF	2																		2
24	OT66AS	1																		1
24	OT66HF	1																		1
24	OT69D*	2																		2
24	OT76BG	1																		1
24	OTC*CQ	3																		3
24	OTC4BG	1																		1
24	OTC4CF	3																		3
24	OTC4RO	2																		2
24	OTC9D*	2																		2
24	OTL1CF	1																		1
24	OTL1CQ	2																		2
24	OTL1RO	1																		1
24	OTM*CF	2																		2
24	OTM*RO	2																		2
24	OTM1CQ	1																		1
24	OTM9D*	1																		1
24	OTP5NE	1																		1
24	OTP6CF	1																		1
24	OTP6CQ	1																		1
24	OTP7NE	1																		1
24	OTP8**	4																		4
24	OTP8HF	2																		2
24	OTT6CF	2																		2
24	OTT6CQ	1																		1
24	OTT6PL	1																		1
24	OTT6RO	1																		1
24	Totales OT	67	0	0	0	0	0	0	0	0	0	0	0	0	0	0	0	0	0	67
24	OU22CF	1																		1
24	OU23CF	1																		1
24	OU55NE	1																		1
24	Totales OU	3	0	0	0	0	0	0	0	0	0	0	0	0	0	0	0	0	0	3
24	OV10AS	1																		1
24	OV10NE	1																		1
24	OVB9MB	1																		1
24	OVB9NE	1																		1
24	OVC6BG	1																		1
24	Totales OV	5	0	0	0	0	0	0	0	0	0	0	0	0	0	0	0	0	0	5
24	OW96**	2																		2
24	OWES**	2																		2
24	Totales OW	4	0	0	0	0	0	0	0	0	0	0	0	0	0	0	0	0	0	4
24	OX11NE	1																		1
24	OX13DO	1																		1
24	OX24CF	1																		1
24	OX24MI	1																		1
24	Totales OX	4	0	0	0	0	0	0	0	0	0	0	0	0	0	0	0	0	0	4
24	OY01NR	1																		1
24	OY19RO	1																		1
24	Totales OY	2	0	0	0	0	0	0	0	0	0	0	0	0	0	0	0	0	0	2
24	TARJETA	16																		16
24	Totales TA	16	0	0	0	0	0	0	0	0	0	0	0	0	0	0	0	0	0	16
24	ZI56NE	1																		1
24	Totales ZI	1	0	0	0	0	0	0	0	0	0	0	0	0	0	0	0	0	0	1
24	ZS93BG	1																		1
24	ZS94CF	2																		2
24	ZS95NE	1																		1
24	ZS96NE	1																		1
24	ZS96RO	1																		1
24	Totales ZS	6	0	0	0	0	0	0	0	0	0	0	0	0	0	0	0	0	0	6
24	ZT16MA	1																		1
24	ZT17BR	1																		1
24	ZT58CF	1																		1
24	ZT58NE	1																		1
24	ZT59NE	1																		1
24	ZT59RO	1																		1
24	Totales ZT	6	0	0	0	0	0	0	0	0	0	0	0	0	0	0	0	0	0	6
24	O1C1HF		0	0		1		1		1		0								3
24	Totales O1	0	0	0	0	1	0	1	0	1	0	0	0	0	0	0	0	0	0	3
24	O401HF		0	0		1		0		3		0								4
24	O401TA		0	0		2		0		1		0								3
24	O402MI		0	0		2		0		2		0								4
24	O403HF		0	0		1		0		2		0								3
24	O403LU		0	0		0		0		1		0								1
24	O403WI		0	0		1		0		2		0								3
24	O404HF		0	0		2		0		2		0								4
24	O404MI		0	0		1		0		1		0								2
24	O405CQ		0	0		1		0		1		0								2
24	O406UV		0	0		1		0		1		0								2
24	O407BR		0	0		2		0		1		0								3
24	O407WI		0	0		2		0		2		0								4
24	O408NE		0	0		2		0		2		0								4
24	O408XO		0	0		2		0		1		0								3
24	O409CF		0	0		2		0		2		0								4
24	Totales O4	0	0	0	0	22	0	0	0	24	0	0	0	0	0	0	0	0	0	46
24	OH80MI		0	0		2		0		2		0								4
24	OH80NE		0	0		1		0		2		0								3
24	OHC1MI		0	1		1		0		0		0								2
24	Totales OH	0	0	1	0	4	0	0	0	4	0	0	0	0	0	0	0	0	0	9
24	OQ02HF		0	0		0		1		0		1								2
24	OQ06NE		0	0		1		1		0		0								2
24	Totales OQ	0	0	0	0	1	0	2	0	0	0	1	0	0	0	0	0	0	0	4
24	OUC1HF		0	0		0		0		1		0								1
24	Totales OU	0	0	0	0	0	0	0	0	1	0	0	0	0	0	0	0	0	0	1
24	ZE76WB		0	0		0		0		1		0								1
24	ZE77HF		0	1		0		0		0		1								2
24	ZE77MB		0	0		0		1		0		0								1
24	Totales ZE	0	0	1	0	0	0	1	0	1	0	1	0	0	0	0	0	0	0	4
24	O202NE														0	0	1	0		1
24	O203HF														1	1	1	0		3
24	O203NE														1	1	0	0		2
24	O204DO														1	0	1	0		2
24	O204GR														0	1	0	0		1
24	O205DO														1	0	0	0		1
24	O205GR														0	0	1	0		1
24	O208DO														0	0	1	0		1
24	Totales O2	0	0	0	0	0	0	0	0	0	0	0	0	0	4	3	5	0	0	12
24	O421A*														2	2	0	0		4
24	O421C*														2	2	0	0		4
24	O421N*														2	2	0	0		4
24	O421R*														2	2	0	0		4
24	O422A*														2	2	0	0		4
24	O422C*														1	2	0	0		3
24	O422N*														1	2	0	0		3
24	O422R*														2	2	0	0		4
24	O451AZ														1	1	0	0		2
24	O451TA														2	1	0	0		3
24	O452CF														0	2	0	0		2
24	O452NE														1	0	0	0		1
24	Totales O4	0	0	0	0	0	0	0	0	0	0	0	0	0	18	20	0	0	0	38
24	OA11AL														0	0	0	1		1
24	OA30BR														0	2	1	0		3
24	OA30NE														0	2	1	0		3
24	OA31GR														1	0	0	0		1
24	OA32NE			1	0	0	0	0	0	0					0	0	0	0		1
24	OA32VE														1	0	1	0		2
24	OA61AS														0	0	1	0		1
24	OA61AZ														0	2	1	0		3
24	OA62BG														1	1	1	0		3
24	OA62NE														1	2	0	0		3
24	OA63RO														0	2	0	0		2
24	Totales OA	0	0	1	0	0	0	0	0	0	0	0	0	0	4	11	6	1	0	23
24	OD02CQ														0	0	0	1		1
24	OD03AZ														0	1	0	0		1
24	OD03NE														0	0	0	1		1
24	OD05NE														1	1	0	0		2
24	OD06BG														0	2	1	0		3
24	OD06CF														0	1	1	1		3
24	OD08HF														0	1	0	1		2
24	OD08NE														0	0	0	1		1
24	OD09NE														0	2	0	0		2
24	OD09RO														0	2	1	0		3
24	OD10LU														0	2	1	1		4
24	OD10NE														0	0	1	0		1
24	Totales OD	0	0	0	0	0	0	0	0	0	0	0	0	0	1	12	5	6	0	24
24	OH51TA														2	2	0	0		4
24	OH51XO														2	2	0	0		4
24	OH52AZ														1	1	0	0		2
24	OH52RO														2	1	0	0		3
24	Totales OH	0	0	0	0	0	0	0	0	0	0	0	0	0	7	6	0	0	0	13
24	OQ04NE														0	0	1	0		1
24	OQ05CF														0	0	1	0		1
24	Totales OQ	0	0	0	0	0	0	0	0	0	0	0	0	0	0	0	2	0	0	2
24	OV02CN														0	0	2	0		2
24	Totales OV	0	0	0	0	0	0	0	0	0	0	0	0	0	0	0	2	0	0	2
24	Total	366	0	217	349	502	474	341	341	317	82	82	73	0	34	52	20	7	0	3257
30	A703NA			0	1	0	0	1	0	0										2
30	A703NV			0	1	1	1	1	0	0										4
30	A714RN			0	1	1	1	1	1	0										5
30	A71AN*			0	1	1	0	1	1	1										5
30	A738NA			0	0	1	0	0	0	0										1
30	Totales A7	0	0	0	4	4	2	4	2	1	0	0	0	0	0	0	0	0	0	17
30	BY35RM			0	0	0	1	0	0	0										1
30	BY50NX			0	1	1	1	1	0	0										4
30	Totales BY	0	0	0	1	1	2	1	0	0	0	0	0	0	0	0	0	0	0	5
30	CG0ARN			0	1	1	1	0	0	0										3
30	CG28LA			0	1	1	1	0	0	0										3
30	CG28RN			0	1	1	0	1	1	0										4
30	CG58SN			1	0	1	0	1	1	1										5
30	CG58SR			0	1	1	1	1	0	0										4
30	CG9XIP			0	1	0	2	1	0	0										4
30	CG9XRC			0	0	0	2	0	1	1										4
30	CG9XRN			0	1	0	1	1	1	0										4
30	Totales CG	0	0	1	6	5	8	5	4	2	0	0	0	0	0	0	0	0	0	31
30	DZ59RN			1	1	0	1	0	0	0										3
30	Totales DZ	0	0	1	1	0	1	0	0	0	0	0	0	0	0	0	0	0	0	3
30	EO46RN			0	1	1	1	1	0	0										4
30	EO46SR			0	1	1	1	1	0	0										4
30	EO73IA			0	1	1	1	0	1	0										4
30	EO73RN			0	1	1	1	1	0	0										4
30	Totales EO	0	0	0	4	4	4	3	1	0	0	0	0	0	0	0	0	0	0	16
30	FB4XN5			0	0	0	0	1	0	0										1
30	FB78MB			0	1	1	0	0	1	0										3
30	FB78RN			0	2	1	1	0	0	0										4
30	FB82IP			0	1	3	1	2	1	1										9
30	FB82OX			0	1	1	1	0	0	0										3
30	FB82X0			0	0	0	1	0	0	0										1
30	Totales FB	0	0	0	5	6	4	3	2	1	0	0	0	0	0	0	0	0	0	21
30	G722CE			0	2	0	1	1	0	0										4
30	G722MN			0	1	0	1	0	0	0										2
30	Totales G7	0	0	0	3	0	2	1	0	0	0	0	0	0	0	0	0	0	0	6
30	IX25EL			0	1	1	1	0	0	0										3
30	IX25GR			0	1	1	0	1	1	0										4
30	IX5WNI			0	1	1	1	1	0	0										4
30	IX5WOX			0	1	1	0	1	1	0										4
30	IX5WRN			0	1	1	1	1	0	1										5
30	IX7DCR			0	0	1	1	1	0	0										3
30	IX7DRN			0	0	0	0	0	1	0										1
30	Totales IX	0	0	0	5	6	4	5	3	1	0	0	0	0	0	0	0	0	0	24
30	LP01*F			0	0	1	0	0	0	0										1
30	LP01D1			0	1	1	1	1	0	0										4
30	LP01DO			0	1	1	0	0	1	0										3
30	LP01RN			0	1	1	1	1	0	1										5
30	LP01T5			0	1	1	0	0	0	0										2
30	LP09N6			0	1	1	2	0	0	0										4
30	LP0CRN			0	1	1	1	0	0	0										3
30	LP0EN2			0	1	1	1	0	0	0										3
30	LP0MCR			0	1	0	0	0	0	0										1
30	LP0MRN			0	0	1	0	0	0	0										1
30	LP1CBR			0	0	1	0	0	0	0										1
30	LP1CRN			1	1	0	1	1	0	0										4
30	LP1DR1			0	1	1	1	0	0	0										3
30	LP1NIA			0	1	1	1	1	0	0										4
30	LP1NRM			0	0	0	1	0	0	1										2
30	LP1NRN			0	1	0	1	0	1	1										4
30	LP1NSR			0	1	1	1	1	1	0										5
30	LP29RN			0	1	2	1	0	1	0										5
30	LP3PRN			0	1	1	1	0	0	0										3
30	LP71OX			0	1	1	0	1	1	0										4
30	LP71PL			0	1	1	0	1	0	0										3
30	LP8PRM			0	2	1	1	1	0	0										5
30	LP8PRN			0	1	1	0	0	0	0										2
30	Totales LP	0	0	1	20	20	15	8	5	3	0	0	0	0	0	0	0	0	0	72
30	NU3MN8			0	1	0	1	0	0	0										2
30	Totales NU	0	0	0	1	0	1	0	0	0	0	0	0	0	0	0	0	0	0	2
30	QR1PNI			0	0	1	1	1	0	0										3
30	QR2PRN			0	1	1	1	1	0	0										4
30	QR2WRN			0	1	0	2	1	0	0										4
30	QR3RN3			0	1	2	1	2	1	0										7
30	Totales QR	0	0	0	3	4	5	5	1	0	0	0	0	0	0	0	0	0	0	18
30	R214CF			0	1	1	1	1	0	0										4
30	R214SN			0	0	1	1	1	0	0										3
30	R214SR			0	1	0	2	0	1	0										4
30	R214XO			0	1	1	1	0	0	0										3
30	Totales R2	0	0	0	3	3	5	2	1	0	0	0	0	0	0	0	0	0	0	14
30	R480RO			0	1	1	1	1	0	0										4
30	Totales R4	0	0	0	1	1	1	1	0	0	0	0	0	0	0	0	0	0	0	4
30	RA03NE			0	1	1	0	0	1	1										4
30	RA03RM			0	1	1	1	2	1	0										6
30	RA05NR			0	1	0	1	1	1	1										5
30	RA05RM			0	1	1	1	0	1	0										4
30	RA07NE			0	1	1	1	1	0	0										4
30	RA07RO			0	1	1	1	1	1	0										5
30	RA07XO			0	1	1	2	1	1	1										7
30	RA15NE			0	1	1	1	1	0	0										4
30	RA15XO			0	1	1	1	0	1	0										4
30	RA21GR			0	1	1	2	1	1	0										6
30	RA21RO			0	0	1	1	1	1	1										5
30	RA47BR			0	1	1	1	0	0	0										3
30	RA47XO			0	1	1	2	0	0	0										4
30	RA90XM			0	1	1	1	0	1	0										4
30	RA90XO			0	1	1	1	1	0	0										4
30	RA94NE			0	1	1	1	1	1	0										5
30	RA94XO			0	1	1	1	1	0	0										4
30	RA95NE			1	1	1	1	1	1	0										6
30	RA95RO			0	1	1	1	0	1	0										4
30	RA95XO			1	1	1	1	1	0	0										5
30	RA96NE			1	1	0	1	1	0	0										4
30	RA96RO			0	0	2	0	0	0	0										2
30	RA96XO			0	1	1	0	0	0	0										2
30	RA98N*			0	1	1	1	1	1	0										5
30	RA98NE			0	1	1	1	0	0	0										3
30	RA98RO			0	1	1	0	1	1	0										4
30	RA98XO			0	1	1	1	1	0	0										4
30	Totales RA	0	0	3	25	26	26	18	15	4	0	0	0	0	0	0	0	0	0	117
30	RB45AN			0	1	1	1	1	0	0										4
30	Totales RB	0	0	0	1	1	1	1	0	0	0	0	0	0	0	0	0	0	0	4
30	RC30MA			0	1	0	1	1	0	0										3
30	RC30NE			0	1	1	0	1	1	0										4
30	RC30RO			0	0	1	0	1	0	0										2
30	RC35AZ			0	1	1	1	0	1	0										4
30	RC35NE			0	1	0	1	0	1	0										3
30	RC36RO			0	1	1	0	0	0	0										2
30	Totales RC	0	0	0	5	4	3	3	3	0	0	0	0	0	0	0	0	0	0	18
30	RD68NE			0	0	1	0	1	1	0										3
30	RD68XO			0	0	1	0	1	1	0										3
30	Totales RD	0	0	0	0	2	0	2	2	0	0	0	0	0	0	0	0	0	0	6
30	RG59CF			0	1	1	1	0	1	0										4
30	RG59MI			0	1	1	1	0	1	0										4
30	RG59NE			0	1	1	1	1	1	0										5
30	RG67NE			0	1	1	1	0	0	0										3
30	RG67XO			0	1	1	1	1	1	0										5
30	RG70AZ			0	1	1	1	1	1	0										5
30	RG70LU			0	1	1	1	0	0	0										3
30	Totales RG	0	0	0	7	7	7	3	5	0	0	0	0	0	0	0	0	0	0	29
30	RS00RN			0	1	1	0	1	1	0										4
30	RS06MB			0	1	1	1	1	0	0										4
30	RS06RN			0	1	0	1	1	1	0										4
30	RS0X*C			0	1	1	1	1	1	0										5
30	RS0XIA			0	1	1	1	1	0	0										4
30	RS0XRN			0	1	1	0	1	1	0										4
30	RS17RN			0	1	1	1	1	0	0										4
30	RS27RN			0	1	1	1	1	0	0										4
30	RS37M3			0	1	0	1	1	0	0										3
30	RS37N3			0	1	1	0	0	1	0										3
30	RS3BBG			0	1	0	0	0	1	0										2
30	RS3BN1			1	0	1	0	0	0	0										2
30	RS3WRC			0	0	1	1	0	0	1										3
30	RS48BR			0	1	0	1	1	1	0										4
30	RS48DO			1	1	1	1	0	0	1										5
30	RS48MB			0	1	1	1	1	1	1										6
30	RS48RN			1	1	1	1	1	1	0										6
30	RS49C1			0	1	1	1	0	0	0										3
30	RS4NML			0	1	1	1	0	1	0										4
30	RS4NRN			0	1	1	1	1	1	0										5
30	RS4NSR			0	1	0	0	1	1	0										3
30	RS57RT			1	0	1	1	1	1	1										6
30	RS57SR			0	1	0	2	0	1	0										4
30	RS5BF5			0	1	0	1	0	0	0										2
30	RS5BN1			0	1	0	1	1	1	0										4
30	RS61L1			0	1	0	1	0	0	0										2
30	RS61N1			0	1	1	1	1	1	0										5
30	RS64OX			0	0	1	0	0	0	0										1
30	RS64RN			0	1	1	1	1	1	0										5
30	RS64SR			0	0	1	1	0	1	1										4
30	RS72PL			0	1	1	0	0	1	0										3
30	RS72RN			0	1	0	0	0	1	0										2
30	RS87LA			0	1	1	0	1	0	0										3
30	RS87RN			0	1	1	1	1	0	0										4
30	RS9YMB			0	0	1	1	1	0	0										3
30	RS9YRN			1	1	0	1	1	1	1										6
30	RS9YSR			0	1	1	1	1	1	0										5
30	Totales RS	0	0	5	31	26	28	23	22	6	0	0	0	0	0	0	0	0	0	141
30	UN2XLA			0	1	1	1	1	0	0										4
30	UN2XRN			0	1	1	1	1	0	0										4
30	UN4BG2			0	1	1	0	1	0	0										3
30	UN6DC2			0	1	1	1	1	0	0										4
30	UN6DN3			0	1	1	1	1	0	0										4
30	Totales UN	0	0	0	5	5	4	5	0	0	0	0	0	0	0	0	0	0	0	19
30	VT1BIA			0	1	0	0	0	0	0										1
30	VT1BRN			0	1	0	1	1	1	0										4
30	VT4ASR			0	0	1	0	0	0	0										1
30	VT7R05			0	1	0	1	1	0	0										3
30	VT8EOX			0	0	0	1	1	0	0										2
30	VT8ERN			0	1	2	1	1	1	0										6
30	VT8ESR			0	0	1	0	1	1	0										3
30	VT94BR			0	1	0	1	1	1	0										4
30	VT94RC			0	1	0	1	1	0	0										3
30	VT94RN			1	1	1	1	2	1	0										7
30	VT97A9			0	1	0	1	0	0	0										2
30	VT97BG			0	1	1	1	0	1	0										4
30	Totales VT	0	0	1	9	6	9	9	6	0	0	0	0	0	0	0	0	0	0	40
30	WD8CRN			1	1	0	1	1	0	0										4
30	Totales WD	0	0	1	1	0	1	1	0	0	0	0	0	0	0	0	0	0	0	4
30	X302BR			0	1	0	0	1	0	0										2
30	X302RN			0	1	1	1	1	1	0										5
30	X32RT6			0	1	0	1	1	0	0										3
30	X332AD			0	0	0	1	0	0	0										1
30	X332AZ			1	1	1	0	1	0	0										4
30	X332MD			0	0	1	0	1	1	0										3
30	X332NG			0	1	0	1	1	0	0										3
30	X36YR1			0	1	1	1	2	0	0										5
30	X376N3			0	1	1	1	1	0	0										4
30	Totales X3	0	0	1	7	5	6	9	2	0	0	0	0	0	0	0	0	0	0	30
30	Z150BG			0	1	1	1	0	0	0										3
30	Z150BR			0	1	0	0	0	0	0										1
30	Z151NE			0	1	2	2	1	0	0										6
30	Z151RO			0	0	2	2	1	1	0										6
30	Totales Z1	0	0	0	3	5	5	2	1	0	0	0	0	0	0	0	0	0	0	16
30	Z451NE			0	0	0	0	1	0	0										1
30	Z454AZ			0	1	1	0	1	0	0										3
30	Z454MA			0	1	0	1	0	0	0										2
30	Z455CF			0	1	1	1	1	1	0										5
30	Z455NE			0	1	1	0	0	0	0										2
30	Z456MI			0	1	1	1	1	0	0										4
30	Z456NE			0	1	1	0	0	1	0										3
30	Totales Z4	0	0	0	6	5	3	4	2	0	0	0	0	0	0	0	0	0	0	20
30	Z592BR			0	0	1	1	1	1	0										4
30	Z592NE			0	1	1	1	1	0	0										4
30	Totales Z5	0	0	0	1	2	2	2	1	0	0	0	0	0	0	0	0	0	0	8
30	Z707MA			0	1	1	0	2	0	0										4
30	Z707NE			0	1	1	1	1	1	0										5
30	Z708BG			0	1	1	1	1	0	0										4
30	Totales Z7	0	0	0	3	3	2	4	1	0	0	0	0	0	0	0	0	0	0	13
30	ZA13BR			0	1	2	1	1	0	0										5
30	ZA14TA			0	1	1	0	1	0	0										3
30	ZA19BR			0	1	1	0	1	0	0										3
30	ZA19RO			0	1	1	0	0	1	0										3
30	ZA25NE			0	0	0	0	0	1	0										1
30	ZA28AZ			0	0	1	1	0	0	0										2
30	ZA28OX			0	1	1	0	0	0	0										2
30	ZA30B*			0	1	1	1	0	0	0										3
30	ZA31BG			0	0	1	1	1	0	0										3
30	ZA31CF			0	0	0	1	1	1	0										3
30	ZA33AZ			0	1	1	0	1	1	0										4
30	ZA33BR			0	0	1	0	2	1	0										4
30	Totales ZA	0	0	0	7	11	5	8	5	0	0	0	0	0	0	0	0	0	0	36
30	ZCD3BR			0	1	1	1	1	0	0										4
30	ZCD3VI			0	1	1	1	1	0	0										4
30	ZCD5NE			0	0	0	0	1	0	0										1
30	ZCD5XO			0	1	1	1	1	0	0										4
30	Totales ZC	0	0	0	3	3	3	4	0	0	0	0	0	0	0	0	0	0	0	13
30	ZF26BR			0	1	1	1	1	0	0										4
30	ZF26C*			0	0	2	1	0	1	0										4
30	ZF34NE			0	1	1	2	0	0	0										4
30	ZF34XO			0	0	1	1	1	1	0										4
30	ZF35BR			0	1	2	1	0	0	0										4
30	ZF38B*			0	1	0	1	0	0	0										2
30	ZF39AZ			0	0	1	0	0	0	0										1
30	ZF39RO			0	0	1	1	1	0	0										3
30	ZF46HF			0	1	2	1	1	1	0										6
30	ZF48BG			0	1	1	1	1	0	0										4
30	ZF49BR			0	0	1	1	1	0	0										3
30	ZF50C*			0	0	1	1	1	0	0										3
30	ZF50NE			0	0	2	1	1	0	0										4
30	ZF72NE			0	1	1	1	0	0	0										3
30	ZF72RO			0	1	2	1	1	0	0										5
30	Totales ZF	0	0	0	8	19	15	9	3	0	0	0	0	0	0	0	0	0	0	54
30	ZH80LU			0	0	1	0	0	0	0										1
30	ZH81RO			0	1	1	1	0	1	0										4
30	ZH83BR			0	1	1	1	0	1	0										4
30	ZH84MA			0	1	0	1	1	0	0										3
30	ZH84NE			0	1	1	0	0	1	0										3
30	ZH85DO			0	1	1	0	1	0	0										3
30	Totales ZH	0	0	0	5	5	3	2	3	0	0	0	0	0	0	0	0	0	0	18
30	ZJ01HR			0	0	0	1	0	0	0										1
30	ZJ01MB			0	1	1	1	0	0	0										3
30	ZJ01RN			0	0	2	1	0	1	0										4
30	ZJ02RN			1	1	1	1	1	0	0										5
30	ZJ07MB			0	1	2	0	1	1	0										5
30	ZJ08RO			0	1	0	0	0	0	0										1
30	ZJ09CF			0	1	1	1	1	0	0										4
30	ZJ09RN			0	1	1	1	1	1	0										5
30	ZJ13CF			0	0	1	1	1	1	0										4
30	ZJ15MI			0	1	1	1	1	0	0										4
30	ZJ15NE			0	0	0	0	1	0	0										1
30	ZJ18AZ			0	1	0	0	1	0	0										2
30	ZJ18CF			0	1	0	0	0	1	0										2
30	ZJ33HR			0	1	1	0	1	0	0										3
30	ZJ33VE			0	1	1	1	1	0	0										4
30	ZJ34CR			0	1	0	1	1	0	0										3
30	ZJ34NE			0	1	1	1	1	0	0										4
30	ZJ34RO			0	0	1	1	0	1	0										3
30	ZJ35AZ			0	1	0	0	0	0	0										1
30	ZJ35MI			0	1	1	1	0	1	0										4
30	ZJ40BG			0	2	0	1	1	0	0										4
30	ZJ40BR			0	1	1	0	1	1	0										4
30	ZJ41DO			0	1	1	1	1	0	0										4
30	ZJ41NE			0	1	0	1	1	0	0										3
30	ZJ42CF			0	1	1	1	1	0	0										4
30	ZJ42RN			0	1	1	1	1	1	0										5
30	ZJ50BR			0	0	1	1	1	0	0										3
30	ZJ50PL			0	1	0	1	1	1	0										4
30	Totales ZJ	0	0	1	23	20	20	20	10	0	0	0	0	0	0	0	0	0	0	94
30	ZM56BR			0	1	0	0	1	0	0										2
30	ZM57NE			0	1	1	1	0	1	0										4
30	ZM57RO			0	1	1	2	0	1	0										5
30	Totales ZM	0	0	0	3	2	3	1	2	0	0	0	0	0	0	0	0	0	0	11
30	ZO16IA			0	1	1	0	0	0	0										2
30	ZO16MI			0	1	1	1	1	0	0										4
30	ZO16RN			0	1	1	0	0	0	0										2
30	ZO16RO			1	1	1	0	0	0	0										3
30	Totales ZO	0	0	1	4	4	1	1	0	0	0	0	0	0	0	0	0	0	0	11
30	ZP20BG			0	1	0	1	0	1	0										3
30	ZP20NE			0	0	1	0	0	0	0										1
30	ZP20RO			0	1	1	0	1	1	0										4
30	ZP21MI			0	1	1	1	0	1	0										4
30	Totales ZP	0	0	0	3	3	2	1	3	0	0	0	0	0	0	0	0	0	0	12
30	ZQ09BR			0	1	1	1	0	0	0										3
30	ZQ09NE			0	0	1	0	1	0	0										2
30	ZQ24DO			0	0	1	1	0	0	0										2
30	ZQ35CF			0	1	0	0	0	0	0										1
30	ZQ36DO			0	1	1	1	0	1	0										4
30	ZQ37RS			0	1	0	2	0	1	0										4
30	ZQ37VE			0	0	1	1	1	0	0										3
30	ZQ41CF			0	1	0	1	1	0	0										3
30	Totales ZQ	0	0	0	5	5	7	3	2	0	0	0	0	0	0	0	0	0	0	22
30	ZU08NE			0	1	1	0	0	1	0										3
30	ZU08RO			0	1	2	0	0	0	0										3
30	ZU09AZ			0	0	0	1	0	0	0										1
30	ZU09DO			0	1	1	1	0	1	0										4
30	ZU14NE			0	1	0	1	1	1	0										4
30	ZU14TA			0	1	0	1	1	1	1										5
30	ZU15BR			0	1	1	0	0	1	0										3
30	ZU15MI			0	1	1	1	0	1	0										4
30	Totales ZU	0	0	0	7	6	5	2	6	1	0	0	0	0	0	0	0	0	0	27
30	ZV52RS			0	1	1	1	0	1	0										4
30	ZV52XM			0	1	2	1	0	1	0										5
30	ZV61BR			0	0	1	0	1	1	0										3
30	ZV62AZ			0	0	1	1	1	0	0										3
30	ZV62DO			0	1	1	1	1	1	0										5
30	ZV63RO			0	1	1	1	1	0	0										4
30	Totales ZV	0	0	0	4	7	5	4	4	0	0	0	0	0	0	0	0	0	0	24
30	ZWP1AZ			0	2	2	2	2	1	0										9
30	ZWP1MA			0	1	1	2	0	1	0										5
30	ZWP1NE			0	2	3	1	2	1	0										9
30	ZWP1RO			0	1	3	2	1	1	0										8
30	ZWP1VI			0	1	3	2	1	1	0										8
30	ZWP2BG			0	1	1	1	0	0	0										3
30	ZWP2GR			0	0	2	2	1	0	0										5
30	ZWP2MA			0	1	3	2	2	1	0										9
30	ZWP2NE			0	0	3	2	1	0	0										6
30	Totales ZW	0	0	0	9	21	16	10	6	0	0	0	0	0	0	0	0	0	0	62
30	ZX35NE			0	1	1	1	1	0	0										4
30	ZX36NE			0	0	1	0	0	0	0										1
30	ZX36UV			0	1	1	1	1	0	0										4
30	ZX38BR			0	0	1	1	1	0	0										3
30	ZX38NE			0	1	0	0	0	0	0										1
30	Totales ZX	0	0	0	3	4	3	3	0	0	0	0	0	0	0	0	0	0	0	13
30	ZY80NE			0	1	1	1	1	0	0										4
30	ZY80RO			0	1	1	1	0	0	0										3
30	ZY81NE			0	1	1	1	1	0	0										4
30	Totales ZY	0	0	0	3	3	3	2	0	0	0	0	0	0	0	0	0	0	0	11
30	CREMA**	49																		49
30	CREMAAC	6																		6
30	CREMACE	1																		1
30	CREMAIM	1																		1
30	CREMAM*	20																		20
30	CREMAMA	6																		6
30	CREMAN*	40																		40
30	CREMANE	3																		3
30	CREMARO	1																		1
30	CREMASP	3																		3
30	CREMAUV	2																		2
30	Totales CR	132	0	0	0	0	0	0	0	0	0	0	0	0	0	0	0	0	0	132
30	O303MI	1																		1
30	O303NE	1																		1
30	O3B1NE	2																		2
30	O3B1VE	1																		1
30	O3B2NE	1																		1
30	O3B2VE	1																		1
30	O3B3A*	1																		1
30	O3B3MI	1																		1
30	O3B3N*	1																		1
30	O3B4A*	1																		1
30	O3B4N*	1																		1
30	O3C1AZ	1																		1
30	O3C1MI	1																		1
30	O3C1NE	2																		2
30	O3C1VE	1																		1
30	O3C2A*	1																		1
30	O3C2N*	1																		1
30	O3M1AZ	1																		1
30	O3M1MI	1																		1
30	O3M1NE	3																		3
30	O3M1RO	1																		1
30	O3M1VE	1																		1
30	O3M2A*	1																		1
30	O3M2N*	1																		1
30	O3T1NE	2																		2
30	O3T1VE	1																		1
30	O3T2A*	1																		1
30	O3T2N*	1																		1
30	Totales O3	33	0	0	0	0	0	0	0	0	0	0	0	0	0	0	0	0	0	33
30	OC09BR	2																		2
30	OC09NE	2																		2
30	OC17NE	2																		2
30	OC63BR	2																		2
30	OC68MI	2																		2
30	OC76DO	2																		2
30	OC76NE	2																		2
30	Totales OC	14	0	0	0	0	0	0	0	0	0	0	0	0	0	0	0	0	0	14
30	OD30NE	1																		1
30	OD31NE	1																		1
30	Totales OD	2	0	0	0	0	0	0	0	0	0	0	0	0	0	0	0	0	0	2
30	OEB1RO	1																		1
30	OEC1RO	1																		1
30	Totales OE	2	0	0	0	0	0	0	0	0	0	0	0	0	0	0	0	0	0	2
30	OF18BR	1																		1
30	OFC2BR	1																		1
30	OFL2BR	1																		1
30	OFT2BR	1																		1
30	Totales OF	4	0	0	0	0	0	0	0	0	0	0	0	0	0	0	0	0	0	4
30	OG12HF	1																		1
30	Totales OG	1	0	0	0	0	0	0	0	0	0	0	0	0	0	0	0	0	0	1
30	OH13AL	1																		1
30	OHP1UV	1																		1
30	Totales OH	2	0	0	0	0	0	0	0	0	0	0	0	0	0	0	0	0	0	2
30	OK01RO	1																		1
30	OK31BR	1																		1
30	OK35NE	1																		1
30	OK35OR	1																		1
30	OK36NE	1																		1
30	OKB1AL	1																		1
30	OKB1RS	1																		1
30	OKB3RO	1																		1
30	OKB3XO	2																		2
30	OKB4NR	1																		1
30	OKB5NR	1																		1
30	OKC1AL	1																		1
30	OKC2RO	1																		1
30	OKC2XO	1																		1
30	OKL2RO	1																		1
30	OKM1RS	1																		1
30	OKM2RO	1																		1
30	OKM2XO	1																		1
30	OKP1AL	1																		1
30	OKP2RO	1																		1
30	OKP2XO	1																		1
30	OKT2XO	1																		1
30	OKT4NR	1																		1
30	Totales OK	24	0	0	0	0	0	0	0	0	0	0	0	0	0	0	0	0	0	24
30	OM30AZ	1																		1
30	OM30NE	1																		1
30	OM34NE	1																		1
30	OM36MI	1																		1
30	OM36NE	1																		1
30	OMB6FS	1																		1
30	Totales OM	6	0	0	0	0	0	0	0	0	0	0	0	0	0	0	0	0	0	6
30	ON64AZ	1																		1
30	Totales ON	1	0	0	0	0	0	0	0	0	0	0	0	0	0	0	0	0	0	1
30	OP56NE	1																		1
30	OP59MB	1																		1
30	OP61DO	1																		1
30	Totales OP	3	0	0	0	0	0	0	0	0	0	0	0	0	0	0	0	0	0	3
30	OQ56CF	1																		1
30	OQ57RO	1																		1
30	OQ58RO	1																		1
30	OQ60CF	1																		1
30	OQ67CF	1																		1
30	OQ68RO	1																		1
30	OQC1RO	1																		1
30	OQC2RO	1																		1
30	OQL1RO	1																		1
30	OQT1RO	1																		1
30	Totales OQ	10	0	0	0	0	0	0	0	0	0	0	0	0	0	0	0	0	0	10
30	OS51RO	1																		1
30	Totales OS	1	0	0	0	0	0	0	0	0	0	0	0	0	0	0	0	0	0	1
30	OT39DO	1																		1
30	OT44AZ	1																		1
30	OT44RS	1																		1
30	OT51CF	1																		1
30	OT52CF	1																		1
30	OT54PL	1																		1
30	OT56HF	1																		1
30	OT56PL	1																		1
30	OT57AZ	1																		1
30	OT57FS	1																		1
30	OT57MB	2																		2
30	OT58AZ	1																		1
30	OT58FS	1																		1
30	OT58MB	1																		1
30	OT58NE	1																		1
30	OT63NE	1																		1
30	OT63RO	1																		1
30	OT64NE	1																		1
30	OT64RO	1																		1
30	OT65AS	1																		1
30	OT65HF	1																		1
30	OT66AS	1																		1
30	OT68D*	1																		1
30	OT69D*	1																		1
30	OTC*CQ	1																		1
30	OTC4CF	1																		1
30	OTC4RO	1																		1
30	OTC6AZ	1																		1
30	OTC8AS	1																		1
30	OTC9D*	1																		1
30	OTL1CF	1																		1
30	OTL1CQ	1																		1
30	OTL1PL	1																		1
30	OTL8HF	1																		1
30	OTL9D*	1																		1
30	OTM*CF	1																		1
30	OTM*RO	1																		1
30	OTM1CQ	1																		1
30	OTM8AS	1																		1
30	OTM9D*	1																		1
30	OTP1AZ	1																		1
30	OTP2MB	1																		1
30	OTP6CF	1																		1
30	OTP6RO	1																		1
30	OTP7NE	1																		1
30	OTP7RO	1																		1
30	OTP8**	1																		1
30	OTP8AS	1																		1
30	OTP8HF	1																		1
30	OTT6CF	1																		1
30	OTT6CQ	1																		1
30	OTT6PL	1																		1
30	OTT6RO	1																		1
30	OTT7NE	1																		1
30	OTT7RO	1																		1
30	OTT8HF	1																		1
30	OTT9D*	1																		1
30	Totales OT	58	0	0	0	0	0	0	0	0	0	0	0	0	0	0	0	0	0	58
30	OU22CF	1																		1
30	OU22NE	1																		1
30	Totales OU	2	0	0	0	0	0	0	0	0	0	0	0	0	0	0	0	0	0	2
30	OVC6G1	1																		1
30	OVM5AZ	1																		1
30	Totales OV	2	0	0	0	0	0	0	0	0	0	0	0	0	0	0	0	0	0	2
30	OW96**	2																		2
30	OWES**	5																		5
30	Totales OW	7	0	0	0	0	0	0	0	0	0	0	0	0	0	0	0	0	0	7
30	OX11NE	1																		1
30	OX24MI	1																		1
30	OX24NE	1																		1
30	Totales OX	3	0	0	0	0	0	0	0	0	0	0	0	0	0	0	0	0	0	3
30	OY18MB	2																		2
30	OY19RO	1																		1
30	Totales OY	3	0	0	0	0	0	0	0	0	0	0	0	0	0	0	0	0	0	3
30	OZB1MB	1																		1
30	OZB2TA	1																		1
30	OZC2NE	1																		1
30	OZC2NR	1																		1
30	OZC3RO	1																		1
30	OZM2RO	1																		1
30	Totales OZ	6	0	0	0	0	0	0	0	0	0	0	0	0	0	0	0	0	0	6
30	TARJETA	19																		19
30	Totales TA	19	0	0	0	0	0	0	0	0	0	0	0	0	0	0	0	0	0	19
30	ZS90VE	1																		1
30	ZS94CF	1																		1
30	ZS95MI	1																		1
30	ZS96NE	1																		1
30	ZS96RO	1																		1
30	Totales ZS	5	0	0	0	0	0	0	0	0	0	0	0	0	0	0	0	0	0	5
30	ZT16MA	1																		1
30	ZT17BR	1																		1
30	ZT58CF	1																		1
30	ZT58NE	1																		1
30	ZT59NE	1																		1
30	ZT59RO	1																		1
30	ZT96AS	1																		1
30	ZT98MB	1																		1
30	Totales ZT	8	0	0	0	0	0	0	0	0	0	0	0	0	0	0	0	0	0	8
30	ZYB1AS	1																		1
30	ZYF2RO	1																		1
30	Totales ZY	2	0	0	0	0	0	0	0	0	0	0	0	0	0	0	0	0	0	2
30	O201HF														1	1	1	0		3
30	O202MI														0	1	1	0		2
30	O202NE														1	1	0	0		2
30	O202RO														0	1	1	0		2
30	O203HF														1	0	1	0		2
30	O204DO														1	1	1	0		3
30	O204GR														1	1	0	0		2
30	O205DO														0	0	1	0		1
30	O205GR														1	1	1	0		3
30	O208DO														0	0	1	0		1
30	O208GR														0	1	1	0		2
30	Totales O2	0	0	0	0	0	0	0	0	0	0	0	0	0	6	8	9	0	0	23
30	O421A*														1	1	0	0		2
30	O421C*														1	1	0	0		2
30	O421N*														1	1	0	0		2
30	O421R*														1	1	0	0		2
30	O422A*														1	1	0	0		2
30	O422C*														1	1	0	0		2
30	O451AZ														1	0	0	0		1
30	O451TA														1	1	0	0		2
30	O452CF														1	1	0	0		2
30	O452NE														1	0	0	0		1
30	Totales O4	0	0	0	0	0	0	0	0	0	0	0	0	0	10	8	0	0	0	18
30	OA08NE														1	0	0	0		1
30	OA31GR														1	1	0	0		2
30	OA31RO														1	1	1	0		3
30	OA32NE														1	1	1	0		3
30	OA58NE														0	0	1	0		1
30	OA61AS														1	1	1	0		3
30	OA61AZ														1	1	1	0		3
30	OA62BG														1	1	1	0		3
30	OA62NE														0	1	0	0		1
30	OA63AZ														1	1	0	0		2
30	OA63RO														0	0	1	0		1
30	OA75CF														1	0	0	0		1
30	OA75OR														0	0	1	0		1
30	Totales OA	0	0	0	0	0	0	0	0	0	0	0	0	0	9	8	8	0	0	25
30	OD03AZ														1	1	0	1		3
30	OD03NE														1	0	0	1		2
30	OD08NE														0	1	0	0		1
30	OD09NE														0	1	1	1		3
30	OD09RO														0	1	1	1		3
30	OD10LU														0	1	1	1		3
30	OD10NE														0	1	1	1		3
30	Totales OD	0	0	0	0	0	0	0	0	0	0	0	0	0	2	6	4	6	0	18
30	OH51TA														0	1	0	0		1
30	OH51XO														1	1	0	0		2
30	OH52AZ														1	1	0	0		2
30	OH52RO														1	1	0	0		2
30	Totales OH	0	0	0	0	0	0	0	0	0	0	0	0	0	3	4	0	0	0	7
30	OP03CF														1	0	0	0		1
30	Totales OP	0	0	0	0	0	0	0	0	0	0	0	0	0	1	0	0	0	0	1
30	OQ01RO														0	0	0	1		1
30	Totales OQ	0	0	0	0	0	0	0	0	0	0	0	0	0	0	0	0	1	0	1
30	Total	350	0	16	248	264	242	194	123	19	0	0	0	0	31	34	21	7	0	1549
19	0D18JL					0	0	1	1	1	2	0	0	0					0	5
19	0D58RC					0	0	1	1	1	0	1	0	0					0	4
19	0D70N8					0	1	1	1	1	1	1	0	0					0	6
19	Totales 0D	0	0	0	0	0	1	3	3	3	3	2	0	0	0	0	0	0	0	15
19	3B15XN					0	0	0	1	1	1	1	0	0						4
19	3B26TL					0	1	0	1	0	1	1	0	0						4
19	3B26TN					0	0	1	3	1	2	1	0	0						8
19	3B28TN					0	1	0	0	1	0	1	0	0						3
19	3B95XC					0	0	1	0	1	0	0	0	0					0	2
19	3B95XN					0	0	1	2	1	2	0	0	0					0	6
19	Totales 3B	0	0	0	0	0	2	3	7	5	6	4	0	0	0	0	0	0	0	27
19	4H62XC					0	0	0	1	1	0	0	0	0					0	2
19	4H62XN					0	0	1	1	2	1	0	0	0					0	5
19	4H65XC					0	0	0	0	1	1	0	0	0					0	2
19	4H65XN					0	0	0	0	0	2	0	0	0					0	2
19	4H66XJ					0	0	1	0	1	0	0	0	0					0	2
19	4H72XN					0	0	1	2	1	0	0	0	0					0	4
19	4H96XN					0	0	2	1	1	1	0	0	0					0	5
19	4H97IA					0	0	0	1	1	1	0	0	0					0	3
19	4H97XN					0	0	1	1	1	1	0	0	0					0	4
19	4H98XJ					0	0	0	1	1	0	1	0	0					0	3
19	4H98XN					0	0	0	0	0	0	1	0	0					0	1
19	Totales 4H	0	0	0	0	0	0	6	8	10	7	2	0	0	0	0	0	0	0	33
19	6F03TM					0	0	1	1	1	0	1	1	0						5
19	6F24TJ					0	1	0	1	1	1	0	0	0						4
19	6F24TN					0	1	0	1	2	1	0	1	0						6
19	6F34TJ					0	0	0	0	1	1	0	0	0					0	2
19	6F34TN					0	0	0	0	1	1	1	0	0					0	3
19	6F39TJ					0	1	1	1	0	0	1	0	0						4
19	6F39TN					0	0	0	1	1	0	1	1	0						4
19	6F50TJ					0	0	0	2	1	1	0	0	0					0	4
19	6F50TN					0	0	0	1	1	1	1	0	0						4
19	6F67TL					0	0	1	0	0	1	0	0	0						2
19	6F67TN					0	0	1	1	0	0	0	0	0						2
19	Totales 6F	0	0	0	0	0	3	4	9	9	7	5	3	0	0	0	0	0	0	40
19	7M41XN					0	0	0	1	1	1	0	0	0						3
19	7M45XN					0	0	0	0	1	0	0	0	0						1
19	7M53XN					0	0	0	1	1	0	0	0	0					0	2
19	Totales 7M	0	0	0	0	0	0	0	2	3	1	0	0	0	0	0	0	0	0	6
19	8D25M8					0	0	1	0	0	0	0	0	0					0	1
19	8D37TM					0	0	0	0	0	0	1	0	0						1
19	Totales 8D	0	0	0	0	0	0	1	0	0	0	1	0	0	0	0	0	0	0	2
19	9H16XM					0	0	0	1	1	0	0	0	0						2
19	9H47XM					0	0	0	0	1	0	0	0	0						1
19	9H65XC					0	0	0	0	1	0	0	0	0						1
19	9H98XJ					0	0	0	0	1	1	1	0	0						3
19	Totales 9H	0	0	0	0	0	0	0	1	4	1	1	0	0	0	0	0	0	0	7
19	BH74IA					0	0	1	1	1	0	1	0	0					0	4
19	BH74XC					0	0	1	1	1	1	0	0	0					0	4
19	BH74XN					0	1	0	1	2	0	1	0	0					0	5
19	Totales BH	0	0	0	0	0	1	2	3	4	1	2	0	0	0	0	0	0	0	13
19	BJ51XM					0	0	0	0	1	0	1	0	0						2
19	BJ51XN					0	0	0	1	1	0	0	0	0						2
19	Totales BJ	0	0	0	0	0	0	0	1	2	0	1	0	0	0	0	0	0	0	4
19	M411ZC					0	0	0	1	1	1	0	0	0					0	3
19	M412J7					0	0	1	1	1	1	0	0	0					0	4
19	Totales M4	0	0	0	0	0	0	1	2	2	2	0	0	0	0	0	0	0	0	7
19	OU70CF					0	0	1	1	1	1	0	0	0					0	4
19	OU70NE					0	0	1	0	1	1	0	0	0					0	3
19	OU71CF					0	1	1	0	1	1	1	0	0					0	5
19	OU71NE					0	1	1	1	2	1	1	0	0					0	7
19	OU72AZ					0	0	1	1	1	1	0	0	0					0	4
19	OU72TA					0	0	0	1	1	1	0	1	0					0	4
19	Totales OU	0	0	0	0	0	2	5	4	7	6	2	1	0	0	0	0	0	0	27
19	R606XO					0	0	0	0	1	0	1	0	0						2
19	R622OR					0	0	1	1	1	1	1	0	0						5
19	R638XM					0	0	1	0	1	1	0	0	0						3
19	R638XO					0	1	1	1	0	1	0	1	0						5
19	Totales R6	0	0	0	0	0	1	3	2	3	3	2	1	0	0	0	0	0	0	15
19	R765XN					0	0	0	1	1	0	0	0	0						2
19	R765XO					0	0	1	1	1	1	1	0	0						5
19	R766XO					0	0	2	1	1	0	2	0	0						6
19	R767XM					0	0	1	1	2	1	1	1	0						7
19	R767XO					0	0	0	1	1	1	1	0	0						4
19	Totales R7	0	0	0	0	0	0	4	5	6	3	5	1	0	0	0	0	0	0	24
19	Z351XM					0	0	1	1	2	1	0	0	0					0	5
19	Z351XN					0	0	1	0	2	1	0	0	0					0	4
19	Z352XC					0	0	1	1	2	1	0	0	0					0	5
19	Z352XN					0	0	0	1	2	1	0	0	0					0	4
19	Z353XC					0	1	1	0	2	1	0	0	0					0	5
19	Z354XM					0	0	0	1	1	1	1	0	0					0	4
19	Z354XN					0	0	1	0	1	1	0	0	0					0	3
19	Z355XC					0	0	1	1	1	1	0	0	0					0	4
19	Z355XN					0	0	1	1	1	1	0	0	0					0	4
19	Z356XC					0	0	1	0	1	1	0	0	0					0	3
19	Z356XN					0	0	1	2	1	1	0	0	0					0	5
19	Z357XM					0	0	1	1	2	0	0	0	0					0	4
19	Z357XN					0	0	1	1	1	1	0	0	0					0	4
19	Totales Z3	0	0	0	0	0	1	11	10	19	12	1	0	0	0	0	0	0	0	54
19	ZN82NE					0	0	1	0	1	0	1	0	0					0	3
19	ZN82UV					0	0	1	1	1	1	0	0	0					0	4
19	ZN85NE					0	0	1	0	1	0	1	0	0						3
19	ZN92MA					0	0	1	1	1	1	1	0	0					0	5
19	ZN92NE					0	0	1	1	1	1	0	0	0					0	4
19	Totales ZN	0	0	0	0	0	0	5	3	5	3	3	0	0	0	0	0	0	0	19
19	ZO72XN					0	0	0	1	0	0	0	0	0						1
19	ZO74XM					0	0	1	1	2	1	0	0	0					0	5
19	ZO74XN					0	0	1	1	2	1	0	0	0					0	5
19	Totales ZO	0	0	0	0	0	0	2	3	4	2	0	0	0	0	0	0	0	0	11
19	ZR51MA					0	0	1	0	1	0	1	1	0					0	4
19	ZR52GR					0	0	1	0	0	0	1	0	0					0	2
19	ZR52MI					0	0	0	0	0	0	1	0	0					0	1
19	ZR53DO					0	0	0	0	1	1	1	0	0					0	3
19	ZR53XO					0	0	1	0	0	1	1	0	0					0	3
19	ZR54AZ					0	0	1	2	1	1	1	0	0					0	6
19	ZR54CF					0	0	0	1	0	0	0	0	0					0	1
19	ZR55MB					0	0	0	0	0	1	0	0	0					0	1
19	ZR55MI					0	0	0	1	0	0	0	0	0					0	1
19	ZR56AZ					0	0	0	1	1	1	1	0	0					0	4
19	ZR56CF					0	0	0	2	0	1	0	0	0					0	3
19	ZR57MI					0	0	0	1	0	0	0	0	0					0	1
19	ZR59NN					0	0	1	1	1	1	0	0	0					0	4
19	ZR59NT					0	0	1	0	2	0	0	0	0					0	3
19	Totales ZR	0	0	0	0	0	0	6	9	7	7	7	1	0	0	0	0	0	0	37
19	A703NA			0	1	1	1	1	0	0										4
19	A703NV			0	1	1	1	1	0	1										5
19	A714MD			0	0	1	1	1	1	1										5
19	A714RN			0	1	1	1	0	1	0										4
19	A71AA*			0	2	1	2	1	0	0										6
19	A71AN*			0	1	1	2	1	1	0										6
19	A71AV*			0	1	0	1	0	0	0										2
19	A738NA			0	1	1	0	0	1	1										4
19	A738NL			1	1	0	1	0	0	0										3
19	Totales A7	0	0	1	9	7	10	5	4	3	0	0	0	0	0	0	0	0	0	39
19	BY50MN			0	1	0	1	0	0	0										2
19	BY50NX			0	1	1	1	1	0	0										4
19	BY68RC			0	0	1	0	0	0	0										1
19	Totales BY	0	0	0	2	2	2	1	0	0	0	0	0	0	0	0	0	0	0	7
19	CG0AMB			0	1	2	1	1	1	0										6
19	CG0ARN			0	1	0	1	0	0	0										2
19	CG10N1			0	0	0	0	0	1	0										1
19	CG26EL			1	1	0	0	0	1	0										3
19	CG26RN			0	1	1	0	0	0	0										2
19	CG28LA			1	1	2	1	0	1	0										6
19	CG28RN			0	1	1	2	1	1	0										6
19	CG31N2			1	2	0	0	3	2	0										8
19	CG31O2			1	0	2	0	0	0	0										3
19	CG58SN			0	1	0	0	1	0	0										2
19	CG58SR			1	0	1	4	1	0	0										7
19	CG9XIP			0	0	2	0	1	0	0										3
19	CG9XRC			1	1	1	1	1	0	0										5
19	CG9XRN			0	1	0	1	0	1	0										3
19	Totales CG	0	0	6	11	12	11	9	8	0	0	0	0	0	0	0	0	0	0	57
19	DZ15RN			1	1	1	1	1	0	1										6
19	DZ59MB			0	1	0	0	0	0	1										2
19	DZ59RN			1	1	2	0	0	0	0										4
19	Totales DZ	0	0	2	3	3	1	1	0	2	0	0	0	0	0	0	0	0	0	12
19	EO46RN			0	1	1	1	1	0	0										4
19	EO46SR			0	0	1	0	0	0	0										1
19	EO73IA			0	1	2	1	1	1	0										6
19	EO73RN			0	0	1	2	1	1	1										6
19	Totales EO	0	0	0	2	5	4	3	2	1	0	0	0	0	0	0	0	0	0	17
19	FB4EB8			1	0	0	0	0	0	0										1
19	FB4EN8			0	1	0	1	0	0	0										2
19	FB4XN5			0	1	1	1	0	0	0										3
19	FB4XVI			0	0	1	1	0	0	0										2
19	FB78MB			0	0	0	1	0	0	0										1
19	FB78RN			0	1	0	1	1	0	0										3
19	FB82IP			0	1	2	1	1	1	0										6
19	FB82OX			0	0	1	1	0	0	0										2
19	FB82X0			0	1	1	1	1	0	0										4
19	FB84RN			0	0	0	0	0	0	1										1
19	FB84VI			0	1	0	0	0	0	0										1
19	Totales FB	0	0	1	6	6	8	3	1	1	0	0	0	0	0	0	0	0	0	26
19	G714TO			0	1	1	1	1	1	0										5
19	G722CE			0	1	1	1	1	0	0										4
19	G722MN			0	1	1	0	0	0	0										2
19	Totales G7	0	0	0	3	3	2	2	1	0	0	0	0	0	0	0	0	0	0	11
19	GA5MRM			1	0	0	0	0	0	0										1
19	Totales GA	0	0	1	0	0	0	0	0	0	0	0	0	0	0	0	0	0	0	1
19	HD8PRN			1	0	0	0	0	0	0										1
19	Totales HD	0	0	1	0	0	0	0	0	0	0	0	0	0	0	0	0	0	0	1
19	IX25EL			0	1	0	2	1	0	0										4
19	IX5WNI			0	0	0	2	1	0	0										3
19	IX5WOX			2	1	1	0	0	1	0										5
19	IX5WRN			0	1	1	1	1	0	0										4
19	IX6ERM			0	0	0	0	0	1	0										1
19	IX7DCR			0	1	1	2	1	1	0										6
19	IX7DRN			0	0	1	0	1	0	0										2
19	Totales IX	0	0	2	4	4	7	5	3	0	0	0	0	0	0	0	0	0	0	25
19	LP01*F			1	0	1	1	1	0	0										4
19	LP01CR			0	1	0	1	1	0	0										3
19	LP01D1			0	0	1	1	1	0	0										3
19	LP01DO			0	1	0	0	0	0	0										1
19	LP01RN			0	1	3	1	0	1	0										6
19	LP01T5			0	1	1	1	0	0	0										3
19	LP09A5			0	1	0	1	1	0	0										3
19	LP09CR			0	1	0	2	1	1	0										5
19	LP09N6			0	0	0	1	0	0	0										1
19	LP09VI			0	1	1	1	0	0	0										3
19	LP0CIA			0	1	1	2	1	1	0										6
19	LP0CRN			0	2	1	2	1	0	0										6
19	LP0EA2			0	0	0	1	0	0	0										1
19	LP0EN2			0	1	3	1	1	0	0										6
19	LP0MCR			0	1	0	0	1	0	0										2
19	LP0MRN			0	1	1	1	0	0	0										3
19	LP1CBR			1	1	1	1	0	0	0										4
19	LP1CRN			1	0	1	0	0	0	0										2
19	LP1DR1			0	1	1	1	1	0	0										4
19	LP1MRN			0	1	1	0	0	1	0										3
19	LP1NIA			0	1	1	2	1	0	2										7
19	LP1NRN			1	1	1	3	0	1	1										8
19	LP1NSR			0	1	1	2	1	0	0										5
19	LP29PL			1	0	0	1	0	1	0										3
19	LP29RN			0	1	0	2	1	1	0										5
19	LP29SN			0	1	0	0	0	1	1										3
19	LP3PRM			0	1	1	1	1	0	0										4
19	LP3PRN			0	1	1	1	1	1	0										5
19	LP6WRC			0	1	1	1	0	0	0										3
19	LP71OX			0	1	1	0	1	0	0										3
19	LP8PRM			0	1	2	0	1	0	0										4
19	LP8PRN			0	1	0	1	0	0	0										2
19	Totales LP	0	0	5	27	26	33	17	9	4	0	0	0	0	0	0	0	0	0	121
19	NU3MN8			0	1	0	0	0	0	0										1
19	Totales NU	0	0	0	1	0	0	0	0	0	0	0	0	0	0	0	0	0	0	1
19	P62DRM			0	0	0	0	1	0	0										1
19	P646RM			0	1	1	1	0	1	1										5
19	P646RN			0	1	1	1	2	1	0										6
19	P686RN			0	1	0	0	0	0	0										1
19	Totales P6	0	0	0	3	2	2	3	2	1	0	0	0	0	0	0	0	0	0	13
19	QM8CRC			1	0	0	0	0	0	0										1
19	Totales QM	0	0	1	0	0	0	0	0	0	0	0	0	0	0	0	0	0	0	1
19	QR1PCD			0	1	1	0	1	1	0										4
19	QR1PPL			0	1	1	1	0	0	1										4
19	QR2CRN			0	1	0	1	0	0	0										2
19	QR2PRC			0	0	0	2	1	1	0										4
19	QR2PRN			0	1	3	1	1	0	0										6
19	QR2WIA			0	1	1	1	1	0	0										4
19	QR2WRN			0	1	1	1	1	1	1										6
19	Totales QR	0	0	0	6	7	7	5	3	2	0	0	0	0	0	0	0	0	0	30
19	R214SN			1	0	2	1	0	0	0										4
19	R214SR			0	1	1	2	0	0	0										4
19	Totales R2	0	0	1	1	3	3	0	0	0	0	0	0	0	0	0	0	0	0	8
19	R480RO			0	1	1	1	1	0	0										4
19	R480VE			0	2	1	1	0	1	0										5
19	Totales R4	0	0	0	3	2	2	1	1	0	0	0	0	0	0	0	0	0	0	9
19	RA03NE			0	1	1	1	1	1	0										5
19	RA03RM			0	1	1	2	1	1	0										6
19	RA05NR			0	0	1	1	1	0	0										3
19	RA05RM			0	1	0	1	1	1	0										4
19	RA07NE			0	1	1	1	1	1	0										5
19	RA07RO			0	1	1	1	1	0	0										4
19	RA07XO			0	1	1	2	1	0	1										6
19	RA15NE			0	0	1	1	0	1	1										4
19	RA15XO			0	2	1	1	0	0	0										4
19	RA21GR			0	1	1	1	1	1	0										5
19	RA21RO			0	1	0	1	1	1	0										4
19	RA47BR			0	1	2	1	0	0	1										5
19	RA47XO			0	1	1	1	0	1	0										4
19	RA90XM			0	0	1	1	1	0	0										3
19	RA90XO			0	0	1	1	0	0	0										2
19	RA91NE			0	2	0	1	0	0	0										3
19	RA91RO			0	0	0	0	1	1	0										2
19	RA91XO			0	0	0	0	1	0	0										1
19	RA94NE			0	1	1	1	1	0	0										4
19	RA94XO			1	1	1	1	1	1	0										6
19	RA95NE			0	1	1	1	0	0	0										3
19	RA95RO			1	2	1	1	1	0	0										6
19	RA95XO			1	1	1	1	1	1	0										6
19	RA96NE			0	1	0	0	1	1	0										3
19	RA96RO			0	0	1	0	0	0	0										1
19	RA96XO			0	1	1	0	0	0	0										2
19	RA98LU			0	1	1	1	0	0	0										3
19	RA98MI			0	0	1	1	0	2	1										5
19	RA98N*			0	1	1	1	1	0	0										4
19	RA98NE			0	1	1	1	0	1	0										4
19	RA98RO			0	0	1	1	1	1	0										4
19	RA98XO			0	1	1	1	1	0	0										4
19	Totales RA	0	0	3	26	27	29	20	16	4	0	0	0	0	0	0	0	0	0	125
19	RB40XO			0	0	1	0	1	0	0										2
19	RB45AN			0	0	1	1	0	0	0										2
19	RB45SN			0	1	0	0	0	0	0										1
19	Totales RB	0	0	0	1	2	1	1	0	0	0	0	0	0	0	0	0	0	0	5
19	RC30MA			0	1	1	1	2	1	0										6
19	RC30NE			0	1	1	1	1	1	0										5
19	RC30RO			1	1	1	0	1	1	0										5
19	RC35NE			0	1	1	1	0	1	0										4
19	RC36NR			0	2	0	1	1	1	0										5
19	RC36RO			0	1	0	0	0	0	0										1
19	Totales RC	0	0	1	7	4	4	5	5	0	0	0	0	0	0	0	0	0	0	26
19	RD68NE			0	1	1	1	1	0	0										4
19	RD68XO			0	1	0	0	1	0	0										2
19	Totales RD	0	0	0	2	1	1	2	0	0	0	0	0	0	0	0	0	0	0	6
19	RG59CF			0	1	0	0	1	0	0										2
19	RG59MI			0	0	1	1	1	1	0										4
19	RG59NE			0	1	1	0	1	0	0										3
19	RG67NE			0	1	1	1	0	1	0										4
19	RG67XO			0	1	1	1	1	1	1										6
19	RG70AZ			0	1	1	2	1	1	0										6
19	RG70LU			0	0	2	2	1	1	0										6
19	RG88NE			0	1	1	1	0	0	0										3
19	RG88RO			0	1	1	1	1	1	0										5
19	Totales RG	0	0	0	7	9	9	7	6	1	0	0	0	0	0	0	0	0	0	39
19	RS00CR			0	0	0	2	1	1	0										4
19	RS00RN			0	0	2	1	1	1	0										5
19	RS06MB			0	1	0	0	1	0	0										2
19	RS06RN			0	1	1	0	1	0	1										4
19	RS0X*C			0	1	3	1	1	0	1										7
19	RS0XIA			0	0	0	1	1	1	0										3
19	RS0XRN			0	1	1	1	1	0	0										4
19	RS13DO			0	0	1	0	1	1	0										3
19	RS17MB			0	1	0	0	0	0	2										3
19	RS17RN			0	0	0	1	0	0	0										1
19	RS37M3			1	0	1	2	1	0	0										5
19	RS37N3			0	0	0	1	1	0	1										3
19	RS37R3			0	0	0	0	0	1	0										1
19	RS3BBG			0	1	1	0	0	0	0										2
19	RS3BG1			0	0	0	0	0	1	0										1
19	RS3BN1			0	0	1	1	0	0	0										2
19	RS3BR1			0	1	0	0	0	0	0										1
19	RS3NRN			1	0	1	0	0	0	0										2
19	RS3WRC			0	1	0	0	0	0	0										1
19	RS3WRN			0	1	1	0	0	1	0										3
19	RS48BR			0	0	0	1	0	1	0										2
19	RS48DO			1	0	0	0	0	1	1										3
19	RS48HR			0	1	0	1	1	0	0										3
19	RS48MB			0	0	1	1	0	1	0										3
19	RS48RN			1	1	1	0	1	0	1										5
19	RS49C1			0	1	1	1	0	0	0										3
19	RS49RN			0	1	0	0	1	0	0										2
19	RS49RS			1	1	0	0	1	1	0										4
19	RS4NML			0	1	1	1	1	1	1										6
19	RS4NRC			1	1	0	0	1	0	0										3
19	RS4NRN			0	1	2	3	1	1	1										9
19	RS4NSR			0	1	1	0	1	0	0										3
19	RS57RT			0	0	1	0	1	0	0										2
19	RS57SR			0	1	1	1	1	0	0										4
19	RS5BM4			0	1	0	0	0	1	0										2
19	RS5BN1			0	1	0	1	1	1	0										4
19	RS5BRM			2	1	0	0	0	0	0										3
19	RS61L1			0	0	1	1	1	0	0										3
19	RS61N1			0	0	2	1	1	1	0										5
19	RS64OX			0	0	1	1	1	1	0										4
19	RS64RN			1	2	1	2	1	1	0										8
19	RS64SR			0	0	1	1	0	1	0										3
19	RS6CEA			0	0	0	0	0	1	0										1
19	RS72RN			0	0	0	0	0	1	0										1
19	RS87B8			0	0	0	0	1	0	0										1
19	RS87BG			1	1	0	0	1	1	1										5
19	RS87LA			0	1	1	3	0	0	0										5
19	RS87N8			0	0	0	0	0	1	0										1
19	RS87RN			0	0	1	1	1	1	0										4
19	RS9YMB			0	1	0	1	0	1	0										3
19	RS9YRN			0	1	1	0	0	1	0										3
19	RS9YSR			0	1	0	0	1	1	0										3
19	Totales RS	0	0	10	29	31	32	29	27	10	0	0	0	0	0	0	0	0	0	168
19	T581RM			1	0	0	0	0	0	0										1
19	T589RN			0	1	1	1	1	0	0										4
19	Totales T5	0	0	1	1	1	1	1	0	0	0	0	0	0	0	0	0	0	0	5
19	UN2XLA			0	1	3	1	1	1	0										7
19	UN2XRN			0	1	1	2	1	1	0										6
19	UN3CPD			0	1	0	0	1	0	0										2
19	UN4BG2			0	1	1	1	1	1	0										5
19	UN4CDC			0	1	0	0	0	0	0										1
19	UN6DC2			0	1	1	2	1	1	0										6
19	UN6DN3			0	1	0	1	1	0	0										3
19	Totales UN	0	0	0	7	6	7	6	4	0	0	0	0	0	0	0	0	0	0	30
19	VT1BIA			0	1	0	0	1	0	0										2
19	VT1BMB			1	1	0	0	0	1	0										3
19	VT1BML			1	1	0	0	0	0	0										2
19	VT1BRC			0	1	0	0	0	0	0										1
19	VT1BRM			0	1	1	0	0	0	0										2
19	VT1BRN			1	1	0	1	1	1	0										5
19	VT4ARN			0	0	1	0	0	0	0										1
19	VT4ASR			0	1	1	1	1	0	0										4
19	VT6AIA			0	1	0	0	0	0	0										1
19	VT7R05			0	1	0	0	0	0	0										1
19	VT8EMB			0	0	0	0	1	1	0										2
19	VT8EOX			0	1	0	2	1	0	0										4
19	VT8ERN			1	1	1	2	1	1	0										7
19	VT8ESR			0	1	0	0	1	0	0										2
19	VT94BR			0	1	1	1	1	1	1										6
19	VT94RC			0	1	0	0	0	0	0										1
19	VT94RN			0	1	1	2	1	1	1										7
19	VT97A9			1	1	1	0	1	0	1										5
19	VT97BG			0	1	1	1	0	0	1										4
19	VT97D5			1	0	0	0	0	0	0										1
19	Totales VT	0	0	6	17	8	10	10	6	4	0	0	0	0	0	0	0	0	0	61
19	WD8CRN			1	1	1	0	1	0	0										4
19	Totales WD	0	0	1	1	1	0	1	0	0	0	0	0	0	0	0	0	0	0	4
19	X302BR			0	0	2	3	1	1	0										7
19	X302RN			1	2	1	3	1	0	0										8
19	X32RR5			1	0	1	0	0	0	0										2
19	X32RT6			1	1	4	0	1	1	0										8
19	X332AZ			0	1	0	1	0	1	0										3
19	X332CD			0	0	0	0	2	0	0										2
19	X332MD			0	0	2	0	0	0	0										2
19	X332NG			0	1	2	1	0	0	0										4
19	X343CU			0	0	2	0	1	0	0										3
19	X343RN			0	1	1	0	1	0	0										3
19	X355AS			1	1	0	1	0	1	0										4
19	X355BL			0	0	0	0	0	1	0										1
19	X355CR			0	1	1	1	0	0	0										3
19	X355RN			0	1	1	0	0	1	0										3
19	X355SR			0	0	0	0	1	1	0										2
19	X355VM			0	1	0	0	0	0	0										1
19	X356RN			1	1	0	0	0	0	0										2
19	X356SR			0	0	0	0	0	0	1										1
19	X36Y*F			0	1	0	0	0	0	0										1
19	X36YR1			0	1	2	1	1	1	0										6
19	X376A5			0	0	0	0	0	1	0										1
19	X376N3			0	0	1	2	1	1	0										5
19	Totales X3	0	0	5	13	20	13	10	10	1	0	0	0	0	0	0	0	0	0	72
19	YK0PN1			0	1	1	0	0	1	1										4
19	YK0PR1			0	1	0	0	0	0	0										1
19	Totales YK	0	0	0	2	1	0	0	1	1	0	0	0	0	0	0	0	0	0	5
19	Z150BG			0	1	2	1	1	1	1										7
19	Z150BR			0	1	1	3	1	1	0										7
19	Z151NE			1	1	2	3	2	2	0										11
19	Z151RO			0	1	1	2	1	1	0										6
19	Totales Z1	0	0	1	4	6	9	5	5	1	0	0	0	0	0	0	0	0	0	31
19	Z206NE			0	0	0	1	0	0	0										1
19	Z207MB			0	0	0	1	1	1	0										3
19	Z207RO			0	1	1	1	1	0	0										4
19	Z210MB			0	0	0	1	0	0	0										1
19	Z211MI			0	0	1	1	1	0	0										3
19	Totales Z2	0	0	0	1	2	5	3	1	0	0	0	0	0	0	0	0	0	0	12
19	Z451BR			0	1	1	1	0	0	0										3
19	Z451NE			0	1	0	0	1	0	0										2
19	Z452DO			0	1	0	0	1	0	0										2
19	Z452RO			0	1	0	1	1	1	0										4
19	Z453CF			0	0	0	0	1	0	0										1
19	Z454AZ			0	1	1	1	0	1	0										4
19	Z454MA			0	1	1	1	1	1	0										5
19	Z455CF			0	0	2	1	0	0	0										3
19	Z455NE			0	1	0	1	0	0	0										2
19	Z456MI			0	1	1	0	1	0	0										3
19	Z456NE			0	1	0	1	1	1	0										4
19	Totales Z4	0	0	0	9	6	7	7	4	0	0	0	0	0	0	0	0	0	0	33
19	Z591HF			0	0	1	0	0	0	0										1
19	Z591RO			0	1	0	0	0	0	0										1
19	Z592BR			0	1	1	0	1	0	0										3
19	Z592NE			0	1	1	1	0	1	0										4
19	Z593BG			0	1	1	1	1	0	1										5
19	Z594AZ			0	1	1	1	0	0	0										3
19	Z594NE			0	1	1	1	0	0	0										3
19	Z595AZ			0	0	2	1	1	0	0										4
19	Z595CF			0	1	1	1	1	1	0										5
19	Totales Z5	0	0	0	7	9	6	4	2	1	0	0	0	0	0	0	0	0	0	29
19	Z703DO			0	0	1	1	1	1	0										4
19	Z704DO			0	1	2	1	1	1	0										6
19	Z704NE			0	1	1	1	0	0	0										3
19	Z705BR			1	1	1	1	0	1	0										5
19	Z706NE			0	0	1	1	0	0	0										2
19	Z706RO			0	0	1	3	0	0	0										4
19	Z707MA			0	1	1	1	0	0	0										3
19	Z708BG			0	0	1	1	1	0	0										3
19	Z708RO			0	1	1	1	0	1	0										4
19	Z709DO			0	1	1	1	1	0	0										4
19	Z709NE			0	1	0	1	1	0	0										3
19	Totales Z7	0	0	1	7	11	13	5	4	0	0	0	0	0	0	0	0	0	0	41
19	ZA13BR			0	1	1	0	1	0	0										3
19	ZA14NE			1	0	0	0	0	0	0										1
19	ZA19BR			0	2	0	2	2	0	1										7
19	ZA19WI			0	1	0	0	0	1	0										2
19	ZA25NE			0	1	0	0	0	1	0										2
19	ZA28AZ			0	1	2	1	0	0	1										5
19	ZA28OX			0	1	0	0	0	1	0										2
19	ZA29NE			0	0	1	0	0	1	1										3
19	ZA29RO			0	1	0	0	0	0	0										1
19	ZA30B*			0	1	0	0	1	0	0										2
19	ZA31BG			1	0	1	1	0	0	0										3
19	ZA31CF			0	1	1	1	0	0	0										3
19	ZA33AZ			0	1	1	0	1	1	0										4
19	ZA33BR			0	0	1	0	0	0	0										1
19	Totales ZA	0	0	2	11	8	5	5	5	3	0	0	0	0	0	0	0	0	0	39
19	ZCD1B*			0	1	1	0	0	0	0										2
19	ZCD1NE			0	1	0	2	0	0	0										3
19	ZCD2BR			0	0	0	0	0	1	0										1
19	ZCD2NE			0	1	0	0	1	0	0										2
19	ZCD3BR			0	0	1	1	1	0	0										3
19	ZCD3VI			0	1	1	1	1	1	0										5
19	ZCD4BR			0	0	1	1	0	0	0										2
19	ZCD4MB			1	1	2	1	0	0	0										5
19	ZCD5XO			0	1	1	0	2	0	0										4
19	Totales ZC	0	0	1	6	7	6	5	2	0	0	0	0	0	0	0	0	0	0	27
19	ZD32RO			0	1	1	0	0	0	0										2
19	Totales ZD	0	0	0	1	1	0	0	0	0	0	0	0	0	0	0	0	0	0	2
19	ZF19RO			0	0	1	2	0	0	0										3
19	ZF25MO			0	1	1	1	1	2	0										6
19	ZF26BR			0	1	1	1	1	0	0										4
19	ZF26C*			0	1	1	1	0	0	0										3
19	ZF27MO			0	1	0	1	0	0	0										2
19	ZF34NE			0	1	3	2	1	0	1										8
19	ZF34XO			0	1	1	3	1	1	0										7
19	ZF35BR			0	0	3	1	1	1	0										6
19	ZF38B*			0	1	1	1	0	0	0										3
19	ZF39AZ			1	0	0	0	1	0	0										2
19	ZF39RO			0	1	0	1	2	1	0										5
19	ZF46HF			0	1	2	1	1	0	0										5
19	ZF46NE			0	1	0	0	1	0	1										3
19	ZF48BG			0	1	2	1	1	1	0										6
19	ZF49BR			0	1	1	1	2	0	0										5
19	ZF50C*			0	0	1	1	0	1	0										3
19	ZF50NE			0	1	1	1	1	1	0										5
19	ZF51AS			0	1	4	1	1	0	0										7
19	ZF55LU			0	1	1	0	0	0	0										2
19	ZF72NE			0	1	1	1	1	0	0										4
19	ZF72RO			0	1	1	0	1	0	0										3
19	Totales ZF	0	0	1	17	26	21	17	8	2	0	0	0	0	0	0	0	0	0	92
19	ZG23AZ			0	1	0	1	1	0	0										3
19	ZG23BG			1	1	0	0	0	0	0										2
19	ZG23NE			0	0	0	1	0	0	0										1
19	ZG24MB			1	1	1	1	0	0	0										4
19	ZG24NE			2	0	0	1	0	0	0										3
19	ZG24SR			0	0	1	0	0	1	0										2
19	ZG25NE			0	1	0	0	0	0	0										1
19	ZG26NE			0	0	0	2	1	1	0										4
19	Totales ZG	0	0	4	4	2	6	2	2	0	0	0	0	0	0	0	0	0	0	20
19	ZH80LU			0	1	0	1	1	1	0										4
19	ZH80NE			0	1	1	1	1	2	0										6
19	ZH81RO			0	1	1	1	0	1	0										4
19	ZH82VE			0	1	0	1	1	0	0										3
19	ZH83BR			0	1	1	0	0	0	0										2
19	ZH84MA			0	0	1	2	0	1	0										4
19	ZH84NE			0	0	2	0	0	0	0										2
19	ZH85DO			0	1	1	1	1	0	0										4
19	Totales ZH	0	0	0	6	7	7	4	5	0	0	0	0	0	0	0	0	0	0	29
19	ZJ01HR			0	0	0	1	0	0	0										1
19	ZJ01MB			0	0	2	1	1	0	0										4
19	ZJ01ML			1	0	1	0	0	0	0										2
19	ZJ01RN			0	1	1	1	1	1	0										5
19	ZJ02HR			0	3	1	1	0	0	0										5
19	ZJ02RN			0	1	0	1	0	0	0										2
19	ZJ07MB			0	1	1	0	1	1	0										4
19	ZJ08RN			0	2	1	0	0	0	0										3
19	ZJ08RO			0	0	0	1	0	1	0										2
19	ZJ09CF			0	1	1	0	1	0	1										4
19	ZJ09RN			0	1	1	1	0	0	0										3
19	ZJ13CF			0	1	1	1	1	0	0										4
19	ZJ13RN			0	1	0	1	1	0	0										3
19	ZJ15MI			0	1	0	0	0	0	0										1
19	ZJ15NE			0	1	1	1	1	0	0										4
19	ZJ18AZ			0	0	0	1	0	0	0										1
19	ZJ18CF			0	1	0	1	0	0	0										2
19	ZJ30FS			0	1	1	0	0	0	0										2
19	ZJ31AS			0	1	0	0	1	0	0										2
19	ZJ32BR			0	2	2	1	1	1	0										7
19	ZJ32DO			0	1	1	0	0	0	0										2
19	ZJ33HR			0	0	0	1	0	0	0										1
19	ZJ34CR			0	1	0	1	1	1	1										5
19	ZJ34NE			0	0	1	1	1	0	0										3
19	ZJ34RO			0	0	0	0	1	1	0										2
19	ZJ35AZ			0	1	1	0	0	0	0										2
19	ZJ35MI			0	1	1	0	0	0	0										2
19	ZJ40BG			1	1	0	1	1	0	0										4
19	ZJ40BR			0	1	1	0	1	0	0										3
19	ZJ41DO			0	1	1	1	1	1	1										6
19	ZJ41NE			0	1	1	1	0	0	0										3
19	ZJ42CF			0	0	0	1	0	1	0										2
19	ZJ42RN			0	1	1	0	0	0	0										2
19	ZJ50BR			0	0	0	1	1	0	0										2
19	ZJ50PL			1	0	1	1	1	0	0										4
19	Totales ZJ	0	0	3	28	23	22	17	8	3	0	0	0	0	0	0	0	0	0	104
19	ZM56BR			0	1	1	1	0	0	0										3
19	ZM56DO			0	0	0	2	0	1	1										4
19	ZM57NE			0	0	2	1	1	0	0										4
19	ZM57RO			0	0	2	2	0	0	0										4
19	Totales ZM	0	0	0	1	5	6	1	1	1	0	0	0	0	0	0	0	0	0	15
19	ZO16IA			0	1	0	0	0	0	0										1
19	ZO16MI			0	1	1	1	1	0	1										5
19	ZO16RN			0	1	1	1	0	0	0										3
19	Totales ZO	0	0	0	3	2	2	1	0	1	0	0	0	0	0	0	0	0	0	9
19	ZP20BG			0	0	0	0	0	0	1										1
19	ZP20NE			0	1	1	0	0	0	0										2
19	ZP20RO			0	1	1	1	0	1	0										4
19	ZP21AZ			0	0	1	0	0	0	0										1
19	ZP21MI			0	1	1	1	1	0	0										4
19	Totales ZP	0	0	0	3	4	2	1	1	1	0	0	0	0	0	0	0	0	0	12
19	ZQ06C*			0	1	0	0	0	0	0										1
19	ZQ09BR			0	0	0	1	0	0	1										2
19	ZQ09NE			0	1	0	1	1	0	0										3
19	ZQ10AZ			0	1	0	2	0	0	0										3
19	ZQ10BG			0	1	1	1	0	1	0										4
19	ZQ20RO			0	1	0	0	0	0	0										1
19	ZQ24DO			1	1	1	1	1	0	0										5
19	ZQ24RO			0	1	2	0	1	0	0										4
19	ZQ25BR			0	1	0	0	0	0	0										1
19	ZQ30BR			0	1	1	0	0	0	0										2
19	ZQ31C*			0	0	1	1	1	0	0										3
19	ZQ32BG			0	0	0	0	1	0	0										1
19	ZQ34RO			0	0	0	2	1	1	0										4
19	ZQ35CF			0	1	1	0	0	0	0										2
19	ZQ36DO			0	1	2	0	0	0	0										3
19	ZQ37RS			0	0	1	1	0	0	0										2
19	ZQ41CF			0	1	0	1	0	0	0										2
19	Totales ZQ	0	0	1	12	10	11	6	2	1	0	0	0	0	0	0	0	0	0	43
19	ZU08NE			0	1	0	1	0	0	0										2
19	ZU08RO			0	1	1	1	0	1	0										4
19	ZU09AZ			0	1	1	0	0	0	0										2
19	ZU09DO			0	1	1	1	1	0	0										4
19	ZU14NE			0	1	1	1	1	0	0										4
19	ZU14TA			0	1	1	1	1	0	0										4
19	ZU15BR			0	1	1	1	1	1	0										5
19	ZU15MI			0	1	1	1	0	0	0										3
19	Totales ZU	0	0	0	8	7	7	4	2	0	0	0	0	0	0	0	0	0	0	28
19	ZV51CF			0	0	1	1	0	0	0										2
19	ZV52RS			0	1	1	0	0	0	0										2
19	ZV52XM			0	0	1	1	0	0	0										2
19	ZV54BG			0	0	0	0	0	1	0										1
19	ZV55BR			0	1	0	2	1	0	0										4
19	ZV55DO			0	0	1	2	0	0	0										3
19	ZV56BG			0	0	0	1	0	0	0										1
19	ZV57LU			0	0	1	0	2	0	0										3
19	ZV58CF			0	2	1	1	2	0	0										6
19	ZV58NR			0	1	1	0	0	0	0										2
19	ZV59BG			0	0	1	1	0	0	0										2
19	ZV60LU			0	1	1	0	0	0	0										2
19	ZV60RO			0	0	1	1	0	0	0										2
19	ZV61BR			0	0	1	1	1	0	0										3
19	ZV61NE			0	0	2	1	0	0	0										3
19	ZV62AZ			0	1	2	1	1	0	0										5
19	ZV62DO			0	1	2	2	1	0	0										6
19	ZV63BR			0	1	0	0	0	0	0										1
19	ZV63RO			0	0	2	1	1	1	0										5
19	Totales ZV	0	0	0	9	19	16	9	2	0	0	0	0	0	0	0	0	0	0	55
19	ZWP1AZ			0	3	3	3	2	1	1										13
19	ZWP1MA			0	2	3	1	1	0	0										7
19	ZWP1NE			0	2	3	1	0	0	0										6
19	ZWP1NR			0	2	4	1	1	1	1										10
19	ZWP1RO			0	1	1	2	1	0	1										6
19	ZWP2BG			0	1	2	2	3	0	0										8
19	ZWP2GR			1	2	3	4	1	1	1										13
19	ZWP2MA			1	1	2	3	2	0	0										9
19	ZWP2NE			1	1	4	2	4	1	1										14
19	Totales ZW	0	0	3	15	25	19	15	4	5	0	0	0	0	0	0	0	0	0	86
19	ZX35NE			0	0	1	1	0	0	0										2
19	ZX36UV			0	0	0	1	0	0	0										1
19	Totales ZX	0	0	0	0	1	2	0	0	0	0	0	0	0	0	0	0	0	0	3
19	ZY80NE			0	0	1	0	0	0	0										1
19	ZY80RO			0	0	1	1	0	0	0										2
19	ZY81NE			0	1	1	1	1	0	0										4
19	ZY82BG			0	0	1	1	1	1	0										4
19	ZY82MA			0	0	1	1	1	0	0										3
19	Totales ZY	0	0	0	1	5	4	3	1	0	0	0	0	0	0	0	0	0	0	14
19	CREMA**	22																		22
19	CREMAAC	5																		5
19	CREMABR	3																		3
19	CREMAES	1																		1
19	CREMALI	1																		1
19	CREMAM*	20																		20
19	CREMAMA	7																		7
19	CREMAMB	1																		1
19	CREMAN*	40																		40
19	CREMANE	4																		4
19	CREMAXO	2																		2
19	Totales CR	106	0	0	0	0	0	0	0	0	0	0	0	0	0	0	0	0	0	106
19	O301RO	1																		1
19	O303MI	2																		2
19	O303NE	1																		1
19	O304RO	1																		1
19	O321HF	1																		1
19	O321NE	1																		1
19	O322NE	1																		1
19	O323HF	1																		1
19	O323NE	2																		2
19	O350CN	1																		1
19	O350NE	1																		1
19	O3B1NE	2																		2
19	O3B1RO	1																		1
19	O3B1VE	2																		2
19	O3B2AZ	1																		1
19	O3B2NE	2																		2
19	O3B2VE	1																		1
19	O3B3A*	1																		1
19	O3B3MI	1																		1
19	O3B3N*	1																		1
19	O3B4A*	1																		1
19	O3B4N*	2																		2
19	O3C1AZ	1																		1
19	O3C1VE	2																		2
19	O3C2A*	1																		1
19	O3C2N*	2																		2
19	O3M1MI	1																		1
19	O3M1NE	1																		1
19	O3M1VE	3																		3
19	O3M2N*	3																		3
19	O3T2N*	1																		1
19	Totales O3	43	0	0	0	0	0	0	0	0	0	0	0	0	0	0	0	0	0	43
19	OC05NE	1																		1
19	OC09BR	1																		1
19	OC09NE	1																		1
19	OC17NE	1																		1
19	OC63BR	1																		1
19	OC68MI	1																		1
19	OC76DO	1																		1
19	OC76NE	1																		1
19	OC97NE	1																		1
19	OC97RO	1																		1
19	Totales OC	10	0	0	0	0	0	0	0	0	0	0	0	0	0	0	0	0	0	10
19	OD30NE	1																		1
19	Totales OD	1	0	0	0	0	0	0	0	0	0	0	0	0	0	0	0	0	0	1
19	OE22HF	1																		1
19	OE22NE	1																		1
19	OE23WB	1																		1
19	OEB2R2	1																		1
19	OEC2R2	1																		1
19	OET2NE	1																		1
19	Totales OE	6	0	0	0	0	0	0	0	0	0	0	0	0	0	0	0	0	0	6
19	OF17AS	2																		2
19	OF17AZ	1																		1
19	OF18BR	1																		1
19	OF18RO	1																		1
19	OF19BR	1																		1
19	OF19RO	1																		1
19	OFC1AZ	1																		1
19	OFC2BR	1																		1
19	OFL1AZ	1																		1
19	OFL2RO	3																		3
19	OFT2RO	1																		1
19	Totales OF	14	0	0	0	0	0	0	0	0	0	0	0	0	0	0	0	0	0	14
19	OG12NE	1																		1
19	OG29BG	1																		1
19	Totales OG	2	0	0	0	0	0	0	0	0	0	0	0	0	0	0	0	0	0	2
19	OHM1UV	1																		1
19	Totales OH	1	0	0	0	0	0	0	0	0	0	0	0	0	0	0	0	0	0	1
19	OK02HF	1																		1
19	OK1BCN	1																		1
19	OK1TNE	1																		1
19	OK2TNE	1																		1
19	OK35NE	1																		1
19	OK35OR	1																		1
19	OK80NE	1																		1
19	OKB1AL	1																		1
19	OKB2CF	1																		1
19	OKB3RO	1																		1
19	OKB3XO	1																		1
19	OKB4NR	1																		1
19	OKC2RO	1																		1
19	OKL4NR	1																		1
19	OKP2RO	1																		1
19	Totales OK	15	0	0	0	0	0	0	0	0	0	0	0	0	0	0	0	0	0	15
19	OL45CF	1																		1
19	OL65CN	1																		1
19	Totales OL	2	0	0	0	0	0	0	0	0	0	0	0	0	0	0	0	0	0	2
19	OM30NE	1																		1
19	OM35AS	1																		1
19	OM36NE	1																		1
19	OM37NE	1																		1
19	OM42RO	1																		1
19	OMB5XO	2																		2
19	OMC7XO	1																		1
19	Totales OM	8	0	0	0	0	0	0	0	0	0	0	0	0	0	0	0	0	0	8
19	ON22NE	1																		1
19	ON28BR	1																		1
19	ON28NE	1																		1
19	ON31MI	1																		1
19	ON34CF	1																		1
19	ON46MB	1																		1
19	ON46NE	1																		1
19	ON64NE	-1																		-1
19	Totales ON	6	0	0	0	0	0	0	0	0	0	0	0	0	0	0	0	0	0	6
19	OO27CF	1																		1
19	OO27PL	1																		1
19	Totales OO	2	0	0	0	0	0	0	0	0	0	0	0	0	0	0	0	0	0	2
19	OP53NE	1																		1
19	OP56NE	2																		2
19	OP58CF	1																		1
19	OP59MB	1																		1
19	OP59NE	1																		1
19	OP60NE	1																		1
19	OP61DO	1																		1
19	OP61NE	1																		1
19	Totales OP	9	0	0	0	0	0	0	0	0	0	0	0	0	0	0	0	0	0	9
19	OQ54N*	1																		1
19	OQ55CF	1																		1
19	OQ57R*	1																		1
19	OQ57RO	3																		3
19	OQ58R*	1																		1
19	OQ58RO	2																		2
19	OQ59AZ	1																		1
19	OQ59NE	1																		1
19	OQ60AZ	1																		1
19	OQ67CF	1																		1
19	OQ67NE	1																		1
19	OQ68RO	1																		1
19	OQC1R*	1																		1
19	OQC1RO	2																		2
19	OQC2R*	1																		1
19	OQC2RO	1																		1
19	OQL1RO	2																		2
19	OQT1R*	1																		1
19	OQT1RO	2																		2
19	Totales OQ	25	0	0	0	0	0	0	0	0	0	0	0	0	0	0	0	0	0	25
19	OS51NE	1																		1
19	Totales OS	1	0	0	0	0	0	0	0	0	0	0	0	0	0	0	0	0	0	1
19	OT21NE	1																		1
19	OT25MI	1																		1
19	OT26NE	2																		2
19	OT40BG	1																		1
19	OT42NE	1																		1
19	OT44AZ	1																		1
19	OT44RS	1																		1
19	OT51CF	1																		1
19	OT51RO	2																		2
19	OT52CF	1																		1
19	OT52RO	2																		2
19	OT54CQ	1																		1
19	OT54PL	1																		1
19	OT56CQ	2																		2
19	OT57MB	1																		1
19	OT58FS	1																		1
19	OT58MB	1																		1
19	OT58NE	1																		1
19	OT61MB	1																		1
19	OT61VE	1																		1
19	OT63NE	1																		1
19	OT65AS	1																		1
19	OT65HF	2																		2
19	OT69D*	2																		2
19	OTC4CF	1																		1
19	OTC4RO	1																		1
19	OTC5RS	1																		1
19	OTC7NE	1																		1
19	OTC8AS	1																		1
19	OTC9D*	2																		2
19	OTL1RO	1																		1
19	OTM*CF	2																		2
19	OTM*RO	2																		2
19	OTM1CQ	1																		1
19	OTM9D*	1																		1
19	OTP6CF	1																		1
19	OTP8**	3																		3
19	OTT6CF	2																		2
19	OTT6RO	1																		1
19	OTT7NE	1																		1
19	OTT9D*	1																		1
19	Totales OT	53	0	0	0	0	0	0	0	0	0	0	0	0	0	0	0	0	0	53
19	OU21NE	1																		1
19	OU22NE	1																		1
19	OU23CF	2																		2
19	OU23NE	1																		1
19	OU24NE	1																		1
19	OU55NE	2																		2
19	Totales OU	8	0	0	0	0	0	0	0	0	0	0	0	0	0	0	0	0	0	8
19	OV10NE	1																		1
19	OVB6BG	1																		1
19	OVB9MB	1																		1
19	OVC6BG	1																		1
19	Totales OV	4	0	0	0	0	0	0	0	0	0	0	0	0	0	0	0	0	0	4
19	OW28**	4																		4
19	OW96**	3																		3
19	OWES**	7																		7
19	Totales OW	14	0	0	0	0	0	0	0	0	0	0	0	0	0	0	0	0	0	14
19	OX10NE	1																		1
19	OX10RO	1																		1
19	OX11CF	1																		1
19	OX12AZ	1																		1
19	OX13NE	1																		1
19	OX24CF	1																		1
19	OX24NE	1																		1
19	Totales OX	7	0	0	0	0	0	0	0	0	0	0	0	0	0	0	0	0	0	7
19	OY01NR	1																		1
19	OY19AZ	1																		1
19	OY19RO	1																		1
19	Totales OY	3	0	0	0	0	0	0	0	0	0	0	0	0	0	0	0	0	0	3
19	OZB2TA	1																		1
19	OZC2NR	1																		1
19	OZM2RO	1																		1
19	OZM2VE	1																		1
19	OZP4AZ	1																		1
19	Totales OZ	5	0	0	0	0	0	0	0	0	0	0	0	0	0	0	0	0	0	5
19	TARJETA	20																		20
19	Totales TA	20	0	0	0	0	0	0	0	0	0	0	0	0	0	0	0	0	0	20
19	ZI56CN	1																		1
19	ZI56NE	1																		1
19	Totales ZI	2	0	0	0	0	0	0	0	0	0	0	0	0	0	0	0	0	0	2
19	ZS90FS	1																		1
19	ZS90VE	1																		1
19	ZS95MI	1																		1
19	ZS95NE	1																		1
19	ZS96NE	1																		1
19	ZS96RO	1																		1
19	Totales ZS	6	0	0	0	0	0	0	0	0	0	0	0	0	0	0	0	0	0	6
19	ZT16MA	1																		1
19	ZT55BR	1																		1
19	ZT58CF	1																		1
19	ZT58NE	1																		1
19	ZT95HF	1																		1
19	ZT98NE	1																		1
19	Totales ZT	6	0	0	0	0	0	0	0	0	0	0	0	0	0	0	0	0	0	6
19	ZYB1AS	1																		1
19	Totales ZY	1	0	0	0	0	0	0	0	0	0	0	0	0	0	0	0	0	0	1
19	O401HF		0	0		1		0		0		0								1
19	O401TA		0	0		1		0		2		0								3
19	O402MI		0	0		1		0		1		0								2
19	O403HF		0	0		1		0		1		0								2
19	O403LU		0	0		0		0		1		0								1
19	O403WI		0	0		1		0		1		0								2
19	O404HF		0	0		1		0		1		0								2
19	O404MI		0	0		1		0		1		0								2
19	O405CQ		0	0		0		0		1		0								1
19	O406UV		0	0		2		0		1		0								3
19	O407BR		0	0		1		0		1		0								2
19	O407WI		0	0		1		0		1		0								2
19	O408NE		0	0		1		0		1		0								2
19	O408XO		0	0		1		0		1		0								2
19	O409CF		0	0		1		0		1		0								2
19	Totales O4	0	0	0	0	14	0	0	0	15	0	0	0	0	0	0	0	0	0	29
19	OH80MI		0	0		1		0		1		0								2
19	OH80NE		0	0		1		0		1		0								2
19	OHC1MI		0	0		1		0		1		0								2
19	Totales OH	0	0	0	0	3	0	0	0	3	0	0	0	0	0	0	0	0	0	6
19	O202NE														1	2	1	0		4
19	O202RO														2	1	0	0		3
19	O204DO														1	0	1	0		2
19	O204GR														0	1	0	0		1
19	O205DO														0	1	0	0		1
19	O205GR														1	0	1	0		2
19	O208DO														0	1	1	0		2
19	O208GR														1	1	0	0		2
19	Totales O2	0	0	0	0	0	0	0	0	0	0	0	0	0	6	7	4	0	0	17
19	O421A*														1	1	0	0		2
19	O421C*														1	1	0	0		2
19	O421N*														0	1	0	0		1
19	O421R*														1	0	0	0		1
19	O422A*														1	1	0	0		2
19	O422C*														0	1	0	0		1
19	O422N*														1	1	0	0		2
19	O422R*														1	1	0	0		2
19	O451AZ														1	1	0	0		2
19	O451TA														1	1	0	0		2
19	O452CF														1	0	0	0		1
19	O452NE														1	1	0	0		2
19	Totales O4	0	0	0	0	0	0	0	0	0	0	0	0	0	10	10	0	0	0	20
19	OA01MI														0	0	0	1		1
19	OA09NE														0	1	0	0		1
19	OA10HF														0	1	0	0		1
19	OA11TA														0	0	0	1		1
19	OA14NE														1	0	0	0		1
19	OA19NE														1	0	0	0		1
19	OA21NE														1	0	0	0		1
19	OA27NE														0	0	1	0		1
19	OA30BR														1	1	1	0		3
19	OA30NE														1	1	1	0		3
19	OA31GR														2	0	0	0		2
19	OA31RO														1	0	1	0		2
19	OA32NE			1	0	1	0	1	0	0					0	0	0	0		3
19	OA32VE														1	1	1	0		3
19	OA46NE														1	0	0	0		1
19	OA46WI														1	0	0	1		2
19	OA58HF														1	1	1	0		3
19	OA58NE														1	0	0	0		1
19	OA61AS														1	1	1	0		3
19	OA61AZ														1	1	1	0		3
19	OA62BG														1	0	1	0		2
19	OA62NE														0	0	1	0		1
19	OA63AZ														0	0	1	0		1
19	OA63RO														1	0	1	0		2
19	Totales OA	0	0	1	0	1	0	1	0	0	0	0	0	0	17	8	12	3	0	43
19	OD01RO														0	1	0	0		1
19	OD03AZ														0	0	0	1		1
19	OD05NE														1	1	0	1		3
19	OD06BG														0	2	1	1		4
19	OD06CF														1	1	1	1		4
19	OD07HF														1	1	0	1		3
19	OD08NE														0	1	0	0		1
19	OD08RO														1	0	0	1		2
19	OD09NE														0	1	1	1		3
19	OD09RO														0	1	1	1		3
19	OD10LU														0	1	1	1		3
19	OD10NE														0	1	0	0		1
19	Totales OD	0	0	0	0	0	0	0	0	0	0	0	0	0	4	11	5	9	0	29
19	OH51TA														2	0	0	0		2
19	OH51XO														0	2	0	0		2
19	OH52AZ														1	1	0	0		2
19	Totales OH	0	0	0	0	0	0	0	0	0	0	0	0	0	3	3	0	0	0	6
19	OP96UV														1	1	0	0		2
19	Totales OP	0	0	0	0	0	0	0	0	0	0	0	0	0	1	1	0	0	0	2
19	OQ01NE														1	1	1	1		4
19	OQ04MI														0	0	1	0		1
19	OQ04NE														0	0	1	0		1
19	OQ05CF														1	0	1	0		2
19	OQ08NE														1	1	1	0		3
19	Totales OQ	0	0	0	0	0	0	0	0	0	0	0	0	0	3	2	5	1	0	11
19	ZI47HF														1	1	0	0		2
19	Total	380	0	66	347	397	386	318	240	165	64	38	7	0	45	43	26	13	0	2535
